2025-08-03 03:16:51,450 - __main__ - INFO - Setting up training environment...
2025-08-03 03:16:51,452 - __main__ - INFO - Current working directory: C:\Users\Nii Amu Ankrah\OneDrive\Documents\Desktop\CNN_Motor\SEP Monitoring Dashboard\backend\ml
2025-08-03 03:16:51,453 - __main__ - WARNING - Directory visualizations not found, creating...
2025-08-03 03:16:51,455 - __main__ - INFO - Training environment setup complete
2025-08-03 03:16:51,456 - __main__ - INFO - Validating dataset...
2025-08-03 03:16:51,464 - __main__ - INFO - Found 43 unloaded condition files
2025-08-03 03:16:51,465 - __main__ - INFO - Found 38 loaded condition files
2025-08-03 03:16:51,466 - __main__ - INFO - Dataset validation complete
2025-08-03 03:16:51,466 - __main__ - INFO - ================================================================================
2025-08-03 03:16:51,467 - __main__ - INFO - STARTING TRAINING PIPELINE WITH VISUALIZATIONS
2025-08-03 03:16:51,467 - __main__ - INFO - ================================================================================
2025-08-03 03:16:51,468 - __main__ - INFO - Training started at: 2025-08-03 03:16:51.468412
2025-08-03 03:16:51,469 - __main__ - INFO - Visualizations folder created: visualizations
2025-08-03 03:16:51,470 - __main__ - INFO - Initializing data processor...
2025-08-03 03:16:51,470 - __main__ - INFO - Loading and preparing data...
2025-08-03 03:16:51,471 - __main__ - INFO - Loading and preprocessing dataset with memory optimization...
2025-08-03 03:16:51,471 - __main__ - INFO - Loading dataset with memory optimization...
2025-08-03 03:16:51,789 - __main__ - INFO - Loaded 2_CSV_Data_Files\1_Unloaded_Condition\healthy_unloaded_1_0.csv: (100000, 5) samples
2025-08-03 03:16:51,796 - __main__ - INFO - Loaded healthy_unloaded_1_0.csv for category healthy
2025-08-03 03:16:52,115 - __main__ - INFO - Loaded 2_CSV_Data_Files\1_Unloaded_Condition\healthy_unloaded_2_0.csv: (100000, 5) samples
2025-08-03 03:16:52,117 - __main__ - INFO - Loaded healthy_unloaded_2_0.csv for category healthy
2025-08-03 03:16:52,505 - __main__ - INFO - Loaded 2_CSV_Data_Files\2_Loaded_Condition\healthy_loaded_1_1.csv: (100000, 5) samples
2025-08-03 03:16:52,517 - __main__ - INFO - Loaded healthy_loaded_1_1.csv for category healthy
2025-08-03 03:16:53,039 - __main__ - INFO - Loaded 2_CSV_Data_Files\2_Loaded_Condition\healthy_loaded_2_1.csv: (100000, 5) samples
2025-08-03 03:16:53,048 - __main__ - INFO - Loaded healthy_loaded_2_1.csv for category healthy
2025-08-03 03:16:53,096 - __main__ - INFO - Category healthy: 400000 samples
2025-08-03 03:16:53,432 - __main__ - INFO - Loaded 2_CSV_Data_Files\1_Unloaded_Condition\bowed_rotor_unloaded_1_0.csv: (100000, 5) samples
2025-08-03 03:16:53,435 - __main__ - INFO - Loaded bowed_rotor_unloaded_1_0.csv for category bowed_rotor
2025-08-03 03:16:53,729 - __main__ - INFO - Loaded 2_CSV_Data_Files\1_Unloaded_Condition\bowed_rotor_unloaded_2_0.csv: (100000, 5) samples
2025-08-03 03:16:53,732 - __main__ - INFO - Loaded bowed_rotor_unloaded_2_0.csv for category bowed_rotor
2025-08-03 03:16:54,149 - __main__ - INFO - Loaded 2_CSV_Data_Files\2_Loaded_Condition\bowed_rotor_loaded_1_1.csv: (100000, 5) samples
2025-08-03 03:16:54,200 - __main__ - INFO - Loaded bowed_rotor_loaded_1_1.csv for category bowed_rotor
2025-08-03 03:16:54,898 - __main__ - INFO - Loaded 2_CSV_Data_Files\2_Loaded_Condition\bowed_rotor_loaded_2_1.csv: (100000, 5) samples
2025-08-03 03:16:55,050 - __main__ - INFO - Loaded bowed_rotor_loaded_2_1.csv for category bowed_rotor
2025-08-03 03:16:55,179 - __main__ - INFO - Category bowed_rotor: 400000 samples
2025-08-03 03:16:55,735 - __main__ - INFO - Loaded 2_CSV_Data_Files\1_Unloaded_Condition\faulty_bearing_unloaded _1_0.csv: (100000, 5) samples
2025-08-03 03:16:55,852 - __main__ - INFO - Loaded faulty_bearing_unloaded _1_0.csv for category faulty_bearing
2025-08-03 03:16:56,343 - __main__ - INFO - Loaded 2_CSV_Data_Files\1_Unloaded_Condition\faulty_bearing_unloaded _2_0.csv: (100000, 5) samples
2025-08-03 03:16:56,350 - __main__ - INFO - Loaded faulty_bearing_unloaded _2_0.csv for category faulty_bearing
2025-08-03 03:16:56,763 - __main__ - INFO - Loaded 2_CSV_Data_Files\2_Loaded_Condition\faulty_bearing_loaded _1_1.csv: (100000, 5) samples
2025-08-03 03:16:56,784 - __main__ - INFO - Loaded faulty_bearing_loaded _1_1.csv for category faulty_bearing
2025-08-03 03:16:57,167 - __main__ - INFO - Loaded 2_CSV_Data_Files\2_Loaded_Condition\faulty_bearing_loaded _2_1.csv: (100000, 5) samples
2025-08-03 03:16:57,170 - __main__ - INFO - Loaded faulty_bearing_loaded _2_1.csv for category faulty_bearing
2025-08-03 03:16:57,224 - __main__ - INFO - Category faulty_bearing: 400000 samples
2025-08-03 03:16:57,565 - __main__ - INFO - Loaded 2_CSV_Data_Files\1_Unloaded_Condition\broken_rotor_bars_unloaded_2_0.csv: (100000, 5) samples
2025-08-03 03:16:57,567 - __main__ - INFO - Loaded broken_rotor_bars_unloaded_2_0.csv for category broken_rotor_bars
2025-08-03 03:16:57,849 - __main__ - INFO - Loaded 2_CSV_Data_Files\1_Unloaded_Condition\broken_rotor_bars_unloaded_3_0.csv: (100000, 5) samples
2025-08-03 03:16:57,851 - __main__ - INFO - Loaded broken_rotor_bars_unloaded_3_0.csv for category broken_rotor_bars
2025-08-03 03:16:58,147 - __main__ - INFO - Loaded 2_CSV_Data_Files\2_Loaded_Condition\broken_rotor_bars_loaded_1_1.csv: (100000, 5) samples
2025-08-03 03:16:58,149 - __main__ - INFO - Loaded broken_rotor_bars_loaded_1_1.csv for category broken_rotor_bars
2025-08-03 03:16:58,469 - __main__ - INFO - Loaded 2_CSV_Data_Files\2_Loaded_Condition\broken_rotor_bars_loaded_2_1.csv: (100000, 5) samples
2025-08-03 03:16:58,471 - __main__ - INFO - Loaded broken_rotor_bars_loaded_2_1.csv for category broken_rotor_bars
2025-08-03 03:16:58,524 - __main__ - INFO - Category broken_rotor_bars: 400000 samples
2025-08-03 03:16:58,919 - __main__ - INFO - Loaded 2_CSV_Data_Files\1_Unloaded_Condition\rotor_misalignment_unloaded_1_0.csv: (100000, 5) samples
2025-08-03 03:16:58,934 - __main__ - INFO - Loaded rotor_misalignment_unloaded_1_0.csv for category rotor_misalignment
2025-08-03 03:16:59,338 - __main__ - INFO - Loaded 2_CSV_Data_Files\1_Unloaded_Condition\rotor_misalignment_unloaded_2_0.csv: (100000, 5) samples
2025-08-03 03:16:59,352 - __main__ - INFO - Loaded rotor_misalignment_unloaded_2_0.csv for category rotor_misalignment
2025-08-03 03:16:59,742 - __main__ - INFO - Loaded 2_CSV_Data_Files\2_Loaded_Condition\rotor_misalignment_loaded_1_1.csv: (100000, 5) samples
2025-08-03 03:16:59,750 - __main__ - INFO - Loaded rotor_misalignment_loaded_1_1.csv for category rotor_misalignment
2025-08-03 03:17:00,245 - __main__ - INFO - Loaded 2_CSV_Data_Files\2_Loaded_Condition\rotor_misalignment_loaded_2_1.csv: (100000, 5) samples
2025-08-03 03:17:00,253 - __main__ - INFO - Loaded rotor_misalignment_loaded_2_1.csv for category rotor_misalignment
2025-08-03 03:17:00,330 - __main__ - INFO - Category rotor_misalignment: 400000 samples
2025-08-03 03:17:00,641 - __main__ - INFO - Loaded 2_CSV_Data_Files\1_Unloaded_Condition\rotor_unbalanced_unloaded_1_0.csv: (100000, 5) samples
2025-08-03 03:17:00,646 - __main__ - INFO - Loaded rotor_unbalanced_unloaded_1_0.csv for category rotor_unbalanced
2025-08-03 03:17:00,963 - __main__ - INFO - Loaded 2_CSV_Data_Files\1_Unloaded_Condition\rotor_unbalanced_unloaded_3_0.csv: (100000, 5) samples
2025-08-03 03:17:00,964 - __main__ - INFO - Loaded rotor_unbalanced_unloaded_3_0.csv for category rotor_unbalanced
2025-08-03 03:17:00,999 - __main__ - INFO - Category rotor_unbalanced: 200000 samples
2025-08-03 03:17:01,282 - __main__ - INFO - Loaded 2_CSV_Data_Files\1_Unloaded_Condition\stator_winding_unloaded_1_0.csv: (100000, 5) samples
2025-08-03 03:17:01,284 - __main__ - INFO - Loaded stator_winding_unloaded_1_0.csv for category stator_winding
2025-08-03 03:17:01,700 - __main__ - INFO - Loaded 2_CSV_Data_Files\1_Unloaded_Condition\stator_winding_unloaded_2_0.csv: (100000, 5) samples
2025-08-03 03:17:01,702 - __main__ - INFO - Loaded stator_winding_unloaded_2_0.csv for category stator_winding
2025-08-03 03:17:01,731 - __main__ - INFO - Category stator_winding: 200000 samples
2025-08-03 03:17:01,736 - __main__ - WARNING - No data found for category: voltage_unbalanced
2025-08-03 03:17:02,583 - __main__ - INFO - Total dataset loaded: 2400000 samples
2025-08-03 03:17:03,357 - src.data_processor - INFO - Category 0 (healthy): 1997 samples generated
2025-08-03 03:17:03,446 - src.data_processor - INFO - Category 1 (bowed_rotor): 1997 samples generated
2025-08-03 03:17:03,509 - src.data_processor - INFO - Category 2 (faulty_bearing): 1997 samples generated
2025-08-03 03:17:03,601 - src.data_processor - INFO - Category 3 (broken_rotor_bars): 1997 samples generated
2025-08-03 03:17:03,710 - src.data_processor - INFO - Category 4 (rotor_misalignment): 1997 samples generated
2025-08-03 03:17:03,810 - src.data_processor - INFO - Category 5 (rotor_unbalanced): 997 samples generated
2025-08-03 03:17:03,921 - src.data_processor - INFO - Category 6 (stator_winding): 997 samples generated
2025-08-03 03:17:03,936 - src.data_processor - WARNING - Empty data array for category 7, skipping
2025-08-03 03:17:03,949 - src.data_processor - INFO - Total samples generated: 11979
2025-08-03 03:17:04,045 - __main__ - INFO - Dataset loaded successfully:
2025-08-03 03:17:04,052 - __main__ - INFO -   - Total samples: 11979
2025-08-03 03:17:04,070 - __main__ - INFO -   - Sample shape: (500,)
2025-08-03 03:17:04,084 - __main__ - INFO -   - Label shape: (11979, 8)
2025-08-03 03:17:04,196 - __main__ - INFO - Dataset loaded successfully:
2025-08-03 03:17:04,204 - __main__ - INFO -   - Total samples: 11979
2025-08-03 03:17:04,217 - __main__ - INFO -   - Sample shape: (500,)
2025-08-03 03:17:04,220 - __main__ - INFO -   - Label shape: (11979, 8)
2025-08-03 03:17:04,234 - __main__ - INFO - Creating data distribution visualization...
2025-08-03 03:17:04,243 - __main__ - INFO - Creating data distribution visualization...
2025-08-03 03:17:06,311 - matplotlib.pyplot - DEBUG - Loaded backend tkagg version 8.6.
2025-08-03 03:17:08,483 - PIL.PngImagePlugin - DEBUG - STREAM b'IHDR' 16 13
2025-08-03 03:17:08,484 - PIL.PngImagePlugin - DEBUG - STREAM b'sBIT' 41 4
2025-08-03 03:17:08,485 - PIL.PngImagePlugin - DEBUG - b'sBIT' 41 4 (unknown)
2025-08-03 03:17:08,486 - PIL.PngImagePlugin - DEBUG - STREAM b'pHYs' 57 9
2025-08-03 03:17:08,496 - PIL.PngImagePlugin - DEBUG - STREAM b'IDAT' 78 1189
2025-08-03 03:17:08,617 - PIL.PngImagePlugin - DEBUG - STREAM b'IHDR' 16 13
2025-08-03 03:17:08,619 - PIL.PngImagePlugin - DEBUG - STREAM b'sBIT' 41 4
2025-08-03 03:17:08,620 - PIL.PngImagePlugin - DEBUG - b'sBIT' 41 4 (unknown)
2025-08-03 03:17:08,631 - PIL.PngImagePlugin - DEBUG - STREAM b'pHYs' 57 9
2025-08-03 03:17:08,634 - PIL.PngImagePlugin - DEBUG - STREAM b'IDAT' 78 2994
2025-08-03 03:17:08,918 - PIL.PngImagePlugin - DEBUG - STREAM b'IHDR' 16 13
2025-08-03 03:17:08,919 - PIL.PngImagePlugin - DEBUG - STREAM b'sBIT' 41 4
2025-08-03 03:17:08,920 - PIL.PngImagePlugin - DEBUG - b'sBIT' 41 4 (unknown)
2025-08-03 03:17:08,931 - PIL.PngImagePlugin - DEBUG - STREAM b'pHYs' 57 9
2025-08-03 03:17:08,933 - PIL.PngImagePlugin - DEBUG - STREAM b'IDAT' 78 696
2025-08-03 03:17:08,968 - PIL.PngImagePlugin - DEBUG - STREAM b'IHDR' 16 13
2025-08-03 03:17:08,983 - PIL.PngImagePlugin - DEBUG - STREAM b'sBIT' 41 4
2025-08-03 03:17:08,984 - PIL.PngImagePlugin - DEBUG - b'sBIT' 41 4 (unknown)
2025-08-03 03:17:08,985 - PIL.PngImagePlugin - DEBUG - STREAM b'pHYs' 57 9
2025-08-03 03:17:08,994 - PIL.PngImagePlugin - DEBUG - STREAM b'IDAT' 78 526
2025-08-03 03:17:09,014 - PIL.PngImagePlugin - DEBUG - STREAM b'IHDR' 16 13
2025-08-03 03:17:09,017 - PIL.PngImagePlugin - DEBUG - STREAM b'sBIT' 41 4
2025-08-03 03:17:09,018 - PIL.PngImagePlugin - DEBUG - b'sBIT' 41 4 (unknown)
2025-08-03 03:17:09,018 - PIL.PngImagePlugin - DEBUG - STREAM b'pHYs' 57 9
2025-08-03 03:17:09,020 - PIL.PngImagePlugin - DEBUG - STREAM b'IDAT' 78 499
2025-08-03 03:17:09,053 - PIL.PngImagePlugin - DEBUG - STREAM b'IHDR' 16 13
2025-08-03 03:17:09,063 - PIL.PngImagePlugin - DEBUG - STREAM b'sBIT' 41 4
2025-08-03 03:17:09,064 - PIL.PngImagePlugin - DEBUG - b'sBIT' 41 4 (unknown)
2025-08-03 03:17:09,067 - PIL.PngImagePlugin - DEBUG - STREAM b'pHYs' 57 9
2025-08-03 03:17:09,068 - PIL.PngImagePlugin - DEBUG - STREAM b'IDAT' 78 673
2025-08-03 03:17:09,090 - PIL.PngImagePlugin - DEBUG - STREAM b'IHDR' 16 13
2025-08-03 03:17:09,094 - PIL.PngImagePlugin - DEBUG - STREAM b'sBIT' 41 4
2025-08-03 03:17:09,100 - PIL.PngImagePlugin - DEBUG - b'sBIT' 41 4 (unknown)
2025-08-03 03:17:09,101 - PIL.PngImagePlugin - DEBUG - STREAM b'pHYs' 57 9
2025-08-03 03:17:09,103 - PIL.PngImagePlugin - DEBUG - STREAM b'IDAT' 78 922
2025-08-03 03:17:09,121 - PIL.PngImagePlugin - DEBUG - STREAM b'IHDR' 16 13
2025-08-03 03:17:09,133 - PIL.PngImagePlugin - DEBUG - STREAM b'sBIT' 41 4
2025-08-03 03:17:09,134 - PIL.PngImagePlugin - DEBUG - b'sBIT' 41 4 (unknown)
2025-08-03 03:17:09,135 - PIL.PngImagePlugin - DEBUG - STREAM b'pHYs' 57 9
2025-08-03 03:17:09,143 - PIL.PngImagePlugin - DEBUG - STREAM b'IDAT' 78 568
2025-08-03 03:17:09,161 - PIL.PngImagePlugin - DEBUG - STREAM b'IHDR' 16 13
2025-08-03 03:17:09,166 - PIL.PngImagePlugin - DEBUG - STREAM b'sBIT' 41 4
2025-08-03 03:17:09,168 - PIL.PngImagePlugin - DEBUG - b'sBIT' 41 4 (unknown)
2025-08-03 03:17:09,180 - PIL.PngImagePlugin - DEBUG - STREAM b'pHYs' 57 9
2025-08-03 03:17:09,184 - PIL.PngImagePlugin - DEBUG - STREAM b'IDAT' 78 626
2025-08-03 03:17:09,249 - matplotlib.font_manager - DEBUG - findfont: Matching sans\-serif:style=normal:variant=normal:weight=normal:stretch=normal:size=10.0.
2025-08-03 03:17:09,251 - matplotlib.font_manager - DEBUG - findfont: score(FontEntry(fname='C:\\Users\\Nii Amu Ankrah\\AppData\\Roaming\\Python\\Python313\\site-packages\\matplotlib\\mpl-data\\fonts\\ttf\\STIXGeneral.ttf', name='STIXGeneral', style='normal', variant='normal', weight=400, stretch='normal', size='scalable')) = 10.05
2025-08-03 03:17:09,252 - matplotlib.font_manager - DEBUG - findfont: score(FontEntry(fname='C:\\Users\\Nii Amu Ankrah\\AppData\\Roaming\\Python\\Python313\\site-packages\\matplotlib\\mpl-data\\fonts\\ttf\\DejaVuSansMono.ttf', name='DejaVu Sans Mono', style='normal', variant='normal', weight=400, stretch='normal', size='scalable')) = 10.05
2025-08-03 03:17:09,253 - matplotlib.font_manager - DEBUG - findfont: score(FontEntry(fname='C:\\Users\\Nii Amu Ankrah\\AppData\\Roaming\\Python\\Python313\\site-packages\\matplotlib\\mpl-data\\fonts\\ttf\\STIXSizThreeSymReg.ttf', name='STIXSizeThreeSym', style='normal', variant='normal', weight=400, stretch='normal', size='scalable')) = 10.05
2025-08-03 03:17:09,258 - matplotlib.font_manager - DEBUG - findfont: score(FontEntry(fname='C:\\Users\\Nii Amu Ankrah\\AppData\\Roaming\\Python\\Python313\\site-packages\\matplotlib\\mpl-data\\fonts\\ttf\\STIXSizFourSymBol.ttf', name='STIXSizeFourSym', style='normal', variant='normal', weight=700, stretch='normal', size='scalable')) = 10.335
2025-08-03 03:17:09,259 - matplotlib.font_manager - DEBUG - findfont: score(FontEntry(fname='C:\\Users\\Nii Amu Ankrah\\AppData\\Roaming\\Python\\Python313\\site-packages\\matplotlib\\mpl-data\\fonts\\ttf\\STIXSizFiveSymReg.ttf', name='STIXSizeFiveSym', style='normal', variant='normal', weight=400, stretch='normal', size='scalable')) = 10.05
2025-08-03 03:17:09,261 - matplotlib.font_manager - DEBUG - findfont: score(FontEntry(fname='C:\\Users\\Nii Amu Ankrah\\AppData\\Roaming\\Python\\Python313\\site-packages\\matplotlib\\mpl-data\\fonts\\ttf\\cmss10.ttf', name='cmss10', style='normal', variant='normal', weight=400, stretch='normal', size='scalable')) = 10.05
2025-08-03 03:17:09,263 - matplotlib.font_manager - DEBUG - findfont: score(FontEntry(fname='C:\\Users\\Nii Amu Ankrah\\AppData\\Roaming\\Python\\Python313\\site-packages\\matplotlib\\mpl-data\\fonts\\ttf\\DejaVuSans.ttf', name='DejaVu Sans', style='normal', variant='normal', weight=400, stretch='normal', size='scalable')) = 0.05
2025-08-03 03:17:09,264 - matplotlib.font_manager - DEBUG - findfont: score(FontEntry(fname='C:\\Users\\Nii Amu Ankrah\\AppData\\Roaming\\Python\\Python313\\site-packages\\matplotlib\\mpl-data\\fonts\\ttf\\DejaVuSerifDisplay.ttf', name='DejaVu Serif Display', style='normal', variant='normal', weight=400, stretch='normal', size='scalable')) = 10.05
2025-08-03 03:17:09,265 - matplotlib.font_manager - DEBUG - findfont: score(FontEntry(fname='C:\\Users\\Nii Amu Ankrah\\AppData\\Roaming\\Python\\Python313\\site-packages\\matplotlib\\mpl-data\\fonts\\ttf\\cmb10.ttf', name='cmb10', style='normal', variant='normal', weight=400, stretch='normal', size='scalable')) = 10.05
2025-08-03 03:17:09,267 - matplotlib.font_manager - DEBUG - findfont: score(FontEntry(fname='C:\\Users\\Nii Amu Ankrah\\AppData\\Roaming\\Python\\Python313\\site-packages\\matplotlib\\mpl-data\\fonts\\ttf\\DejaVuSerif-Bold.ttf', name='DejaVu Serif', style='normal', variant='normal', weight=700, stretch='normal', size='scalable')) = 10.335
2025-08-03 03:17:09,268 - matplotlib.font_manager - DEBUG - findfont: score(FontEntry(fname='C:\\Users\\Nii Amu Ankrah\\AppData\\Roaming\\Python\\Python313\\site-packages\\matplotlib\\mpl-data\\fonts\\ttf\\cmmi10.ttf', name='cmmi10', style='normal', variant='normal', weight=400, stretch='normal', size='scalable')) = 10.05
2025-08-03 03:17:09,268 - matplotlib.font_manager - DEBUG - findfont: score(FontEntry(fname='C:\\Users\\Nii Amu Ankrah\\AppData\\Roaming\\Python\\Python313\\site-packages\\matplotlib\\mpl-data\\fonts\\ttf\\STIXNonUniBolIta.ttf', name='STIXNonUnicode', style='italic', variant='normal', weight=700, stretch='normal', size='scalable')) = 11.335
2025-08-03 03:17:09,269 - matplotlib.font_manager - DEBUG - findfont: score(FontEntry(fname='C:\\Users\\Nii Amu Ankrah\\AppData\\Roaming\\Python\\Python313\\site-packages\\matplotlib\\mpl-data\\fonts\\ttf\\DejaVuSerif-Italic.ttf', name='DejaVu Serif', style='italic', variant='normal', weight=400, stretch='normal', size='scalable')) = 11.05
2025-08-03 03:17:09,270 - matplotlib.font_manager - DEBUG - findfont: score(FontEntry(fname='C:\\Users\\Nii Amu Ankrah\\AppData\\Roaming\\Python\\Python313\\site-packages\\matplotlib\\mpl-data\\fonts\\ttf\\STIXNonUni.ttf', name='STIXNonUnicode', style='normal', variant='normal', weight=400, stretch='normal', size='scalable')) = 10.05
2025-08-03 03:17:09,278 - matplotlib.font_manager - DEBUG - findfont: score(FontEntry(fname='C:\\Users\\Nii Amu Ankrah\\AppData\\Roaming\\Python\\Python313\\site-packages\\matplotlib\\mpl-data\\fonts\\ttf\\DejaVuSansDisplay.ttf', name='DejaVu Sans Display', style='normal', variant='normal', weight=400, stretch='normal', size='scalable')) = 10.05
2025-08-03 03:17:09,280 - matplotlib.font_manager - DEBUG - findfont: score(FontEntry(fname='C:\\Users\\Nii Amu Ankrah\\AppData\\Roaming\\Python\\Python313\\site-packages\\matplotlib\\mpl-data\\fonts\\ttf\\cmtt10.ttf', name='cmtt10', style='normal', variant='normal', weight=400, stretch='normal', size='scalable')) = 10.05
2025-08-03 03:17:09,283 - matplotlib.font_manager - DEBUG - findfont: score(FontEntry(fname='C:\\Users\\Nii Amu Ankrah\\AppData\\Roaming\\Python\\Python313\\site-packages\\matplotlib\\mpl-data\\fonts\\ttf\\DejaVuSans-BoldOblique.ttf', name='DejaVu Sans', style='oblique', variant='normal', weight=700, stretch='normal', size='scalable')) = 1.335
2025-08-03 03:17:09,284 - matplotlib.font_manager - DEBUG - findfont: score(FontEntry(fname='C:\\Users\\Nii Amu Ankrah\\AppData\\Roaming\\Python\\Python313\\site-packages\\matplotlib\\mpl-data\\fonts\\ttf\\STIXSizOneSymReg.ttf', name='STIXSizeOneSym', style='normal', variant='normal', weight=400, stretch='normal', size='scalable')) = 10.05
2025-08-03 03:17:09,285 - matplotlib.font_manager - DEBUG - findfont: score(FontEntry(fname='C:\\Users\\Nii Amu Ankrah\\AppData\\Roaming\\Python\\Python313\\site-packages\\matplotlib\\mpl-data\\fonts\\ttf\\DejaVuSerif-BoldItalic.ttf', name='DejaVu Serif', style='italic', variant='normal', weight=700, stretch='normal', size='scalable')) = 11.335
2025-08-03 03:17:09,285 - matplotlib.font_manager - DEBUG - findfont: score(FontEntry(fname='C:\\Users\\Nii Amu Ankrah\\AppData\\Roaming\\Python\\Python313\\site-packages\\matplotlib\\mpl-data\\fonts\\ttf\\DejaVuSansMono-Bold.ttf', name='DejaVu Sans Mono', style='normal', variant='normal', weight=700, stretch='normal', size='scalable')) = 10.335
2025-08-03 03:17:09,286 - matplotlib.font_manager - DEBUG - findfont: score(FontEntry(fname='C:\\Users\\Nii Amu Ankrah\\AppData\\Roaming\\Python\\Python313\\site-packages\\matplotlib\\mpl-data\\fonts\\ttf\\STIXSizOneSymBol.ttf', name='STIXSizeOneSym', style='normal', variant='normal', weight=700, stretch='normal', size='scalable')) = 10.335
2025-08-03 03:17:09,291 - matplotlib.font_manager - DEBUG - findfont: score(FontEntry(fname='C:\\Users\\Nii Amu Ankrah\\AppData\\Roaming\\Python\\Python313\\site-packages\\matplotlib\\mpl-data\\fonts\\ttf\\cmex10.ttf', name='cmex10', style='normal', variant='normal', weight=400, stretch='normal', size='scalable')) = 10.05
2025-08-03 03:17:09,293 - matplotlib.font_manager - DEBUG - findfont: score(FontEntry(fname='C:\\Users\\Nii Amu Ankrah\\AppData\\Roaming\\Python\\Python313\\site-packages\\matplotlib\\mpl-data\\fonts\\ttf\\STIXNonUniBol.ttf', name='STIXNonUnicode', style='normal', variant='normal', weight=700, stretch='normal', size='scalable')) = 10.335
2025-08-03 03:17:09,294 - matplotlib.font_manager - DEBUG - findfont: score(FontEntry(fname='C:\\Users\\Nii Amu Ankrah\\AppData\\Roaming\\Python\\Python313\\site-packages\\matplotlib\\mpl-data\\fonts\\ttf\\STIXSizTwoSymReg.ttf', name='STIXSizeTwoSym', style='normal', variant='normal', weight=400, stretch='normal', size='scalable')) = 10.05
2025-08-03 03:17:09,298 - matplotlib.font_manager - DEBUG - findfont: score(FontEntry(fname='C:\\Users\\Nii Amu Ankrah\\AppData\\Roaming\\Python\\Python313\\site-packages\\matplotlib\\mpl-data\\fonts\\ttf\\DejaVuSansMono-BoldOblique.ttf', name='DejaVu Sans Mono', style='oblique', variant='normal', weight=700, stretch='normal', size='scalable')) = 11.335
2025-08-03 03:17:09,300 - matplotlib.font_manager - DEBUG - findfont: score(FontEntry(fname='C:\\Users\\Nii Amu Ankrah\\AppData\\Roaming\\Python\\Python313\\site-packages\\matplotlib\\mpl-data\\fonts\\ttf\\STIXSizThreeSymBol.ttf', name='STIXSizeThreeSym', style='normal', variant='normal', weight=700, stretch='normal', size='scalable')) = 10.335
2025-08-03 03:17:09,301 - matplotlib.font_manager - DEBUG - findfont: score(FontEntry(fname='C:\\Users\\Nii Amu Ankrah\\AppData\\Roaming\\Python\\Python313\\site-packages\\matplotlib\\mpl-data\\fonts\\ttf\\STIXSizTwoSymBol.ttf', name='STIXSizeTwoSym', style='normal', variant='normal', weight=700, stretch='normal', size='scalable')) = 10.335
2025-08-03 03:17:09,302 - matplotlib.font_manager - DEBUG - findfont: score(FontEntry(fname='C:\\Users\\Nii Amu Ankrah\\AppData\\Roaming\\Python\\Python313\\site-packages\\matplotlib\\mpl-data\\fonts\\ttf\\cmsy10.ttf', name='cmsy10', style='normal', variant='normal', weight=400, stretch='normal', size='scalable')) = 10.05
2025-08-03 03:17:09,302 - matplotlib.font_manager - DEBUG - findfont: score(FontEntry(fname='C:\\Users\\Nii Amu Ankrah\\AppData\\Roaming\\Python\\Python313\\site-packages\\matplotlib\\mpl-data\\fonts\\ttf\\STIXGeneralBolIta.ttf', name='STIXGeneral', style='italic', variant='normal', weight=700, stretch='normal', size='scalable')) = 11.335
2025-08-03 03:17:09,308 - matplotlib.font_manager - DEBUG - findfont: score(FontEntry(fname='C:\\Users\\Nii Amu Ankrah\\AppData\\Roaming\\Python\\Python313\\site-packages\\matplotlib\\mpl-data\\fonts\\ttf\\STIXGeneralItalic.ttf', name='STIXGeneral', style='italic', variant='normal', weight=400, stretch='normal', size='scalable')) = 11.05
2025-08-03 03:17:09,310 - matplotlib.font_manager - DEBUG - findfont: score(FontEntry(fname='C:\\Users\\Nii Amu Ankrah\\AppData\\Roaming\\Python\\Python313\\site-packages\\matplotlib\\mpl-data\\fonts\\ttf\\DejaVuSans-Oblique.ttf', name='DejaVu Sans', style='oblique', variant='normal', weight=400, stretch='normal', size='scalable')) = 1.05
2025-08-03 03:17:09,314 - matplotlib.font_manager - DEBUG - findfont: score(FontEntry(fname='C:\\Users\\Nii Amu Ankrah\\AppData\\Roaming\\Python\\Python313\\site-packages\\matplotlib\\mpl-data\\fonts\\ttf\\DejaVuSerif.ttf', name='DejaVu Serif', style='normal', variant='normal', weight=400, stretch='normal', size='scalable')) = 10.05
2025-08-03 03:17:09,315 - matplotlib.font_manager - DEBUG - findfont: score(FontEntry(fname='C:\\Users\\Nii Amu Ankrah\\AppData\\Roaming\\Python\\Python313\\site-packages\\matplotlib\\mpl-data\\fonts\\ttf\\DejaVuSansMono-Oblique.ttf', name='DejaVu Sans Mono', style='oblique', variant='normal', weight=400, stretch='normal', size='scalable')) = 11.05
2025-08-03 03:17:09,316 - matplotlib.font_manager - DEBUG - findfont: score(FontEntry(fname='C:\\Users\\Nii Amu Ankrah\\AppData\\Roaming\\Python\\Python313\\site-packages\\matplotlib\\mpl-data\\fonts\\ttf\\DejaVuSans-Bold.ttf', name='DejaVu Sans', style='normal', variant='normal', weight=700, stretch='normal', size='scalable')) = 0.33499999999999996
2025-08-03 03:17:09,317 - matplotlib.font_manager - DEBUG - findfont: score(FontEntry(fname='C:\\Users\\Nii Amu Ankrah\\AppData\\Roaming\\Python\\Python313\\site-packages\\matplotlib\\mpl-data\\fonts\\ttf\\STIXNonUniIta.ttf', name='STIXNonUnicode', style='italic', variant='normal', weight=400, stretch='normal', size='scalable')) = 11.05
2025-08-03 03:17:09,318 - matplotlib.font_manager - DEBUG - findfont: score(FontEntry(fname='C:\\Users\\Nii Amu Ankrah\\AppData\\Roaming\\Python\\Python313\\site-packages\\matplotlib\\mpl-data\\fonts\\ttf\\STIXSizFourSymReg.ttf', name='STIXSizeFourSym', style='normal', variant='normal', weight=400, stretch='normal', size='scalable')) = 10.05
2025-08-03 03:17:09,319 - matplotlib.font_manager - DEBUG - findfont: score(FontEntry(fname='C:\\Users\\Nii Amu Ankrah\\AppData\\Roaming\\Python\\Python313\\site-packages\\matplotlib\\mpl-data\\fonts\\ttf\\cmr10.ttf', name='cmr10', style='normal', variant='normal', weight=400, stretch='normal', size='scalable')) = 10.05
2025-08-03 03:17:09,331 - matplotlib.font_manager - DEBUG - findfont: score(FontEntry(fname='C:\\Users\\Nii Amu Ankrah\\AppData\\Roaming\\Python\\Python313\\site-packages\\matplotlib\\mpl-data\\fonts\\ttf\\STIXGeneralBol.ttf', name='STIXGeneral', style='normal', variant='normal', weight=700, stretch='normal', size='scalable')) = 10.335
2025-08-03 03:17:09,332 - matplotlib.font_manager - DEBUG - findfont: score(FontEntry(fname='C:\\Windows\\Fonts\\GARABD.TTF', name='Garamond', style='normal', variant='normal', weight=700, stretch='normal', size='scalable')) = 10.335
2025-08-03 03:17:09,333 - matplotlib.font_manager - DEBUG - findfont: score(FontEntry(fname='C:\\Windows\\Fonts\\LEELAWDB.TTF', name='Leelawadee', style='normal', variant='normal', weight=700, stretch='normal', size='scalable')) = 10.335
2025-08-03 03:17:09,335 - matplotlib.font_manager - DEBUG - findfont: score(FontEntry(fname='C:\\Windows\\Fonts\\timesbd.ttf', name='Times New Roman', style='normal', variant='normal', weight=700, stretch='normal', size='scalable')) = 10.335
2025-08-03 03:17:09,336 - matplotlib.font_manager - DEBUG - findfont: score(FontEntry(fname='C:\\Windows\\Fonts\\mmrtextb.ttf', name='Myanmar Text', style='normal', variant='normal', weight=700, stretch='normal', size='scalable')) = 10.335
2025-08-03 03:17:09,344 - matplotlib.font_manager - DEBUG - findfont: score(FontEntry(fname='C:\\Windows\\Fonts\\ariblk.ttf', name='Arial', style='normal', variant='normal', weight=900, stretch='normal', size='scalable')) = 6.888636363636364
2025-08-03 03:17:09,346 - matplotlib.font_manager - DEBUG - findfont: score(FontEntry(fname='C:\\Windows\\Fonts\\ITCKRIST.TTF', name='Kristen ITC', style='normal', variant='normal', weight=400, stretch='normal', size='scalable')) = 10.05
2025-08-03 03:17:09,349 - matplotlib.font_manager - DEBUG - findfont: score(FontEntry(fname='C:\\Windows\\Fonts\\Candarab.ttf', name='Candara', style='normal', variant='normal', weight=700, stretch='normal', size='scalable')) = 10.335
2025-08-03 03:17:09,350 - matplotlib.font_manager - DEBUG - findfont: score(FontEntry(fname='C:\\Windows\\Fonts\\malgun.ttf', name='Malgun Gothic', style='normal', variant='normal', weight=400, stretch='normal', size='scalable')) = 10.05
2025-08-03 03:17:09,351 - matplotlib.font_manager - DEBUG - findfont: score(FontEntry(fname='C:\\Windows\\Fonts\\constan.ttf', name='Constantia', style='normal', variant='normal', weight=400, stretch='normal', size='scalable')) = 10.05
2025-08-03 03:17:09,352 - matplotlib.font_manager - DEBUG - findfont: score(FontEntry(fname='C:\\Windows\\Fonts\\FRSCRIPT.TTF', name='French Script MT', style='normal', variant='normal', weight=400, stretch='normal', size='scalable')) = 10.05
2025-08-03 03:17:09,354 - matplotlib.font_manager - DEBUG - findfont: score(FontEntry(fname='C:\\Windows\\Fonts\\monbaiti.ttf', name='Mongolian Baiti', style='normal', variant='normal', weight=400, stretch='normal', size='scalable')) = 10.05
2025-08-03 03:17:09,366 - matplotlib.font_manager - DEBUG - findfont: score(FontEntry(fname='C:\\Windows\\Fonts\\JUICE___.TTF', name='Juice ITC', style='normal', variant='normal', weight=400, stretch='normal', size='scalable')) = 10.05
2025-08-03 03:17:09,367 - matplotlib.font_manager - DEBUG - findfont: score(FontEntry(fname='C:\\Windows\\Fonts\\TEMPSITC.TTF', name='Tempus Sans ITC', style='normal', variant='normal', weight=400, stretch='normal', size='scalable')) = 10.05
2025-08-03 03:17:09,368 - matplotlib.font_manager - DEBUG - findfont: score(FontEntry(fname='C:\\Windows\\Fonts\\SansSerifCollection.ttf', name='Sans Serif Collection', style='normal', variant='normal', weight=400, stretch='normal', size='scalable')) = 10.05
2025-08-03 03:17:09,369 - matplotlib.font_manager - DEBUG - findfont: score(FontEntry(fname='C:\\Windows\\Fonts\\ARIALN.TTF', name='Arial', style='normal', variant='normal', weight=400, stretch='condensed', size='scalable')) = 6.613636363636363
2025-08-03 03:17:09,370 - matplotlib.font_manager - DEBUG - findfont: score(FontEntry(fname='C:\\Windows\\Fonts\\simsunb.ttf', name='SimSun-ExtB', style='normal', variant='normal', weight=400, stretch='normal', size='scalable')) = 10.05
2025-08-03 03:17:09,380 - matplotlib.font_manager - DEBUG - findfont: score(FontEntry(fname='C:\\Windows\\Fonts\\YuGothM.ttc', name='Yu Gothic', style='normal', variant='normal', weight=500, stretch='normal', size='scalable')) = 10.145
2025-08-03 03:17:09,382 - matplotlib.font_manager - DEBUG - findfont: score(FontEntry(fname='C:\\Windows\\Fonts\\SitkaVF.ttf', name='Sitka', style='normal', variant='normal', weight=400, stretch='normal', size='scalable')) = 10.05
2025-08-03 03:17:09,382 - matplotlib.font_manager - DEBUG - findfont: score(FontEntry(fname='C:\\Windows\\Fonts\\arialbd.ttf', name='Arial', style='normal', variant='normal', weight=700, stretch='normal', size='scalable')) = 6.698636363636363
2025-08-03 03:17:09,383 - matplotlib.font_manager - DEBUG - findfont: score(FontEntry(fname='C:\\Windows\\Fonts\\cambriab.ttf', name='Cambria', style='normal', variant='normal', weight=700, stretch='normal', size='scalable')) = 10.335
2025-08-03 03:17:09,385 - matplotlib.font_manager - DEBUG - findfont: score(FontEntry(fname='C:\\Windows\\Fonts\\BOOKOS.TTF', name='Bookman Old Style', style='normal', variant='normal', weight=300, stretch='normal', size='scalable')) = 10.145
2025-08-03 03:17:09,386 - matplotlib.font_manager - DEBUG - findfont: score(FontEntry(fname='C:\\Windows\\Fonts\\MTCORSVA.TTF', name='Monotype Corsiva', style='normal', variant='normal', weight=400, stretch='normal', size='scalable')) = 10.05
2025-08-03 03:17:09,395 - matplotlib.font_manager - DEBUG - findfont: score(FontEntry(fname='C:\\Windows\\Fonts\\BRADHITC.TTF', name='Bradley Hand ITC', style='normal', variant='normal', weight=400, stretch='normal', size='scalable')) = 10.05
2025-08-03 03:17:09,398 - matplotlib.font_manager - DEBUG - findfont: score(FontEntry(fname='C:\\Windows\\Fonts\\calibriz.ttf', name='Calibri', style='italic', variant='normal', weight=700, stretch='normal', size='scalable')) = 11.335
2025-08-03 03:17:09,403 - matplotlib.font_manager - DEBUG - findfont: score(FontEntry(fname='C:\\Windows\\Fonts\\seguili.ttf', name='Segoe UI', style='italic', variant='normal', weight=300, stretch='normal', size='scalable')) = 11.145
2025-08-03 03:17:09,416 - matplotlib.font_manager - DEBUG - findfont: score(FontEntry(fname='C:\\Windows\\Fonts\\javatext.ttf', name='Javanese Text', style='normal', variant='normal', weight=400, stretch='normal', size='scalable')) = 10.05
2025-08-03 03:17:09,418 - matplotlib.font_manager - DEBUG - findfont: score(FontEntry(fname='C:\\Windows\\Fonts\\framdit.ttf', name='Franklin Gothic Medium', style='italic', variant='normal', weight=400, stretch='normal', size='scalable')) = 11.05
2025-08-03 03:17:09,420 - matplotlib.font_manager - DEBUG - findfont: score(FontEntry(fname='C:\\Windows\\Fonts\\GARA.TTF', name='Garamond', style='normal', variant='normal', weight=400, stretch='normal', size='scalable')) = 10.05
2025-08-03 03:17:09,431 - matplotlib.font_manager - DEBUG - findfont: score(FontEntry(fname='C:\\Windows\\Fonts\\GARAIT.TTF', name='Garamond', style='italic', variant='normal', weight=400, stretch='normal', size='scalable')) = 11.05
2025-08-03 03:17:09,432 - matplotlib.font_manager - DEBUG - findfont: score(FontEntry(fname='C:\\Windows\\Fonts\\pala.ttf', name='Palatino Linotype', style='normal', variant='normal', weight=400, stretch='normal', size='scalable')) = 10.05
2025-08-03 03:17:09,433 - matplotlib.font_manager - DEBUG - findfont: score(FontEntry(fname='C:\\Windows\\Fonts\\constanz.ttf', name='Constantia', style='italic', variant='normal', weight=700, stretch='normal', size='scalable')) = 11.335
2025-08-03 03:17:09,434 - matplotlib.font_manager - DEBUG - findfont: score(FontEntry(fname='C:\\Windows\\Fonts\\trebucit.ttf', name='Trebuchet MS', style='italic', variant='normal', weight=400, stretch='normal', size='scalable')) = 11.05
2025-08-03 03:17:09,447 - matplotlib.font_manager - DEBUG - findfont: score(FontEntry(fname='C:\\Windows\\Fonts\\segoeuiz.ttf', name='Segoe UI', style='italic', variant='normal', weight=700, stretch='normal', size='scalable')) = 11.335
2025-08-03 03:17:09,448 - matplotlib.font_manager - DEBUG - findfont: score(FontEntry(fname='C:\\Windows\\Fonts\\PRISTINA.TTF', name='Pristina', style='normal', variant='normal', weight=400, stretch='normal', size='scalable')) = 10.05
2025-08-03 03:17:09,449 - matplotlib.font_manager - DEBUG - findfont: score(FontEntry(fname='C:\\Windows\\Fonts\\DUBAI-BOLD.TTF', name='Dubai', style='normal', variant='normal', weight=700, stretch='normal', size='scalable')) = 10.335
2025-08-03 03:17:09,449 - matplotlib.font_manager - DEBUG - findfont: score(FontEntry(fname='C:\\Windows\\Fonts\\segoeuii.ttf', name='Segoe UI', style='italic', variant='normal', weight=400, stretch='normal', size='scalable')) = 11.05
2025-08-03 03:17:09,451 - matplotlib.font_manager - DEBUG - findfont: score(FontEntry(fname='C:\\Windows\\Fonts\\PAPYRUS.TTF', name='Papyrus', style='normal', variant='normal', weight=400, stretch='normal', size='scalable')) = 10.05
2025-08-03 03:17:09,451 - matplotlib.font_manager - DEBUG - findfont: score(FontEntry(fname='C:\\Windows\\Fonts\\ntailu.ttf', name='Microsoft New Tai Lue', style='normal', variant='normal', weight=400, stretch='normal', size='scalable')) = 10.05
2025-08-03 03:17:09,452 - matplotlib.font_manager - DEBUG - findfont: score(FontEntry(fname='C:\\Windows\\Fonts\\ANTQUABI.TTF', name='Book Antiqua', style='italic', variant='normal', weight=700, stretch='normal', size='scalable')) = 11.335
2025-08-03 03:17:09,453 - matplotlib.font_manager - DEBUG - findfont: score(FontEntry(fname='C:\\Windows\\Fonts\\corbell.ttf', name='Corbel', style='normal', variant='normal', weight=300, stretch='normal', size='scalable')) = 10.145
2025-08-03 03:17:09,457 - matplotlib.font_manager - DEBUG - findfont: score(FontEntry(fname='C:\\Windows\\Fonts\\gadugi.ttf', name='Gadugi', style='normal', variant='normal', weight=400, stretch='normal', size='scalable')) = 10.05
2025-08-03 03:17:09,459 - matplotlib.font_manager - DEBUG - findfont: score(FontEntry(fname='C:\\Windows\\Fonts\\seguisym.ttf', name='Segoe UI Symbol', style='normal', variant='normal', weight=400, stretch='normal', size='scalable')) = 10.05
2025-08-03 03:17:09,460 - matplotlib.font_manager - DEBUG - findfont: score(FontEntry(fname='C:\\Windows\\Fonts\\couri.ttf', name='Courier New', style='italic', variant='normal', weight=400, stretch='normal', size='scalable')) = 11.05
2025-08-03 03:17:09,462 - matplotlib.font_manager - DEBUG - findfont: score(FontEntry(fname='C:\\Windows\\Fonts\\cambriai.ttf', name='Cambria', style='italic', variant='normal', weight=400, stretch='normal', size='scalable')) = 11.05
2025-08-03 03:17:09,464 - matplotlib.font_manager - DEBUG - findfont: score(FontEntry(fname='C:\\Windows\\Fonts\\ntailub.ttf', name='Microsoft New Tai Lue', style='normal', variant='normal', weight=700, stretch='normal', size='scalable')) = 10.335
2025-08-03 03:17:09,464 - matplotlib.font_manager - DEBUG - findfont: score(FontEntry(fname='C:\\Windows\\Fonts\\msgothic.ttc', name='MS Gothic', style='normal', variant='normal', weight=400, stretch='normal', size='scalable')) = 10.05
2025-08-03 03:17:09,466 - matplotlib.font_manager - DEBUG - findfont: score(FontEntry(fname='C:\\Windows\\Fonts\\Gabriola.ttf', name='Gabriola', style='normal', variant='normal', weight=400, stretch='normal', size='scalable')) = 10.05
2025-08-03 03:17:09,467 - matplotlib.font_manager - DEBUG - findfont: score(FontEntry(fname='C:\\Windows\\Fonts\\segoeuisl.ttf', name='Segoe UI', style='normal', variant='normal', weight=350, stretch='normal', size='scalable')) = 10.0975
2025-08-03 03:17:09,467 - matplotlib.font_manager - DEBUG - findfont: score(FontEntry(fname='C:\\Windows\\Fonts\\GOTHIC.TTF', name='Century Gothic', style='normal', variant='normal', weight=400, stretch='normal', size='scalable')) = 10.05
2025-08-03 03:17:09,468 - matplotlib.font_manager - DEBUG - findfont: score(FontEntry(fname='C:\\Windows\\Fonts\\LEELAWAD.TTF', name='Leelawadee', style='normal', variant='normal', weight=400, stretch='normal', size='scalable')) = 10.05
2025-08-03 03:17:09,469 - matplotlib.font_manager - DEBUG - findfont: score(FontEntry(fname='C:\\Windows\\Fonts\\malgunsl.ttf', name='Malgun Gothic', style='normal', variant='normal', weight=300, stretch='normal', size='scalable')) = 10.145
2025-08-03 03:17:09,470 - matplotlib.font_manager - DEBUG - findfont: score(FontEntry(fname='C:\\Windows\\Fonts\\trebucbi.ttf', name='Trebuchet MS', style='italic', variant='normal', weight=700, stretch='normal', size='scalable')) = 11.335
2025-08-03 03:17:09,483 - matplotlib.font_manager - DEBUG - findfont: score(FontEntry(fname='C:\\Windows\\Fonts\\FREESCPT.TTF', name='Freestyle Script', style='normal', variant='normal', weight=400, stretch='normal', size='scalable')) = 10.05
2025-08-03 03:17:09,498 - matplotlib.font_manager - DEBUG - findfont: score(FontEntry(fname='C:\\Windows\\Fonts\\MSUIGHUB.TTF', name='Microsoft Uighur', style='normal', variant='normal', weight=700, stretch='normal', size='scalable')) = 10.335
2025-08-03 03:17:09,500 - matplotlib.font_manager - DEBUG - findfont: score(FontEntry(fname='C:\\Windows\\Fonts\\segmdl2.ttf', name='Segoe MDL2 Assets', style='normal', variant='normal', weight=400, stretch='normal', size='scalable')) = 10.05
2025-08-03 03:17:09,501 - matplotlib.font_manager - DEBUG - findfont: score(FontEntry(fname='C:\\Windows\\Fonts\\seguisbi.ttf', name='Segoe UI', style='italic', variant='normal', weight=600, stretch='normal', size='scalable')) = 11.24
2025-08-03 03:17:09,501 - matplotlib.font_manager - DEBUG - findfont: score(FontEntry(fname='C:\\Windows\\Fonts\\simsun.ttc', name='SimSun', style='normal', variant='normal', weight=400, stretch='normal', size='scalable')) = 10.05
2025-08-03 03:17:09,503 - matplotlib.font_manager - DEBUG - findfont: score(FontEntry(fname='C:\\Windows\\Fonts\\palabi.ttf', name='Palatino Linotype', style='italic', variant='normal', weight=700, stretch='normal', size='scalable')) = 11.335
2025-08-03 03:17:09,507 - matplotlib.font_manager - DEBUG - findfont: score(FontEntry(fname='C:\\Windows\\Fonts\\LeelaUIb.ttf', name='Leelawadee UI', style='normal', variant='normal', weight=700, stretch='normal', size='scalable')) = 10.335
2025-08-03 03:17:09,509 - matplotlib.font_manager - DEBUG - findfont: score(FontEntry(fname='C:\\Windows\\Fonts\\courbi.ttf', name='Courier New', style='italic', variant='normal', weight=700, stretch='normal', size='scalable')) = 11.335
2025-08-03 03:17:09,510 - matplotlib.font_manager - DEBUG - findfont: score(FontEntry(fname='C:\\Windows\\Fonts\\msyi.ttf', name='Microsoft Yi Baiti', style='normal', variant='normal', weight=400, stretch='normal', size='scalable')) = 10.05
2025-08-03 03:17:09,514 - matplotlib.font_manager - DEBUG - findfont: score(FontEntry(fname='C:\\Windows\\Fonts\\CascadiaMono.ttf', name='Cascadia Mono', style='normal', variant='normal', weight=400, stretch='normal', size='scalable')) = 10.05
2025-08-03 03:17:09,515 - matplotlib.font_manager - DEBUG - findfont: score(FontEntry(fname='C:\\Windows\\Fonts\\mmrtext.ttf', name='Myanmar Text', style='normal', variant='normal', weight=400, stretch='normal', size='scalable')) = 10.05
2025-08-03 03:17:09,516 - matplotlib.font_manager - DEBUG - findfont: score(FontEntry(fname='C:\\Windows\\Fonts\\times.ttf', name='Times New Roman', style='normal', variant='normal', weight=400, stretch='normal', size='scalable')) = 10.05
2025-08-03 03:17:09,517 - matplotlib.font_manager - DEBUG - findfont: score(FontEntry(fname='C:\\Windows\\Fonts\\Candarai.ttf', name='Candara', style='italic', variant='normal', weight=400, stretch='normal', size='scalable')) = 11.05
2025-08-03 03:17:09,517 - matplotlib.font_manager - DEBUG - findfont: score(FontEntry(fname='C:\\Windows\\Fonts\\WINGDNG2.TTF', name='Wingdings 2', style='normal', variant='normal', weight=400, stretch='normal', size='scalable')) = 10.05
2025-08-03 03:17:09,518 - matplotlib.font_manager - DEBUG - findfont: score(FontEntry(fname='C:\\Windows\\Fonts\\Candara.ttf', name='Candara', style='normal', variant='normal', weight=400, stretch='normal', size='scalable')) = 10.05
2025-08-03 03:17:09,519 - matplotlib.font_manager - DEBUG - findfont: score(FontEntry(fname='C:\\Windows\\Fonts\\consolab.ttf', name='Consolas', style='normal', variant='normal', weight=700, stretch='normal', size='scalable')) = 10.335
2025-08-03 03:17:09,520 - matplotlib.font_manager - DEBUG - findfont: score(FontEntry(fname='C:\\Windows\\Fonts\\SitkaVF-Italic.ttf', name='Sitka', style='italic', variant='normal', weight=400, stretch='normal', size='scalable')) = 11.05
2025-08-03 03:17:09,531 - matplotlib.font_manager - DEBUG - findfont: score(FontEntry(fname='C:\\Windows\\Fonts\\tahoma.ttf', name='Tahoma', style='normal', variant='normal', weight=400, stretch='normal', size='scalable')) = 10.05
2025-08-03 03:17:09,533 - matplotlib.font_manager - DEBUG - findfont: score(FontEntry(fname='C:\\Windows\\Fonts\\bahnschrift.ttf', name='Bahnschrift', style='normal', variant='normal', weight=400, stretch='normal', size='scalable')) = 10.05
2025-08-03 03:17:09,534 - matplotlib.font_manager - DEBUG - findfont: score(FontEntry(fname='C:\\Windows\\Fonts\\BOOKOSBI.TTF', name='Bookman Old Style', style='italic', variant='normal', weight=600, stretch='normal', size='scalable')) = 11.24
2025-08-03 03:17:09,536 - matplotlib.font_manager - DEBUG - findfont: score(FontEntry(fname='C:\\Windows\\Fonts\\timesbi.ttf', name='Times New Roman', style='italic', variant='normal', weight=700, stretch='normal', size='scalable')) = 11.335
2025-08-03 03:17:09,545 - matplotlib.font_manager - DEBUG - findfont: score(FontEntry(fname='C:\\Windows\\Fonts\\GOTHICB.TTF', name='Century Gothic', style='normal', variant='normal', weight=700, stretch='normal', size='scalable')) = 10.335
2025-08-03 03:17:09,547 - matplotlib.font_manager - DEBUG - findfont: score(FontEntry(fname='C:\\Windows\\Fonts\\MTEXTRA.TTF', name='MT Extra', style='normal', variant='normal', weight=400, stretch='normal', size='scalable')) = 10.05
2025-08-03 03:17:09,548 - matplotlib.font_manager - DEBUG - findfont: score(FontEntry(fname='C:\\Windows\\Fonts\\HATTEN.TTF', name='Haettenschweiler', style='normal', variant='normal', weight=400, stretch='normal', size='scalable')) = 10.05
2025-08-03 03:17:09,548 - matplotlib.font_manager - DEBUG - findfont: score(FontEntry(fname='C:\\Windows\\Fonts\\ANTQUAB.TTF', name='Book Antiqua', style='normal', variant='normal', weight=700, stretch='normal', size='scalable')) = 10.335
2025-08-03 03:17:09,549 - matplotlib.font_manager - DEBUG - findfont: score(FontEntry(fname='C:\\Windows\\Fonts\\constanb.ttf', name='Constantia', style='normal', variant='normal', weight=700, stretch='normal', size='scalable')) = 10.335
2025-08-03 03:17:09,550 - matplotlib.font_manager - DEBUG - findfont: score(FontEntry(fname='C:\\Windows\\Fonts\\DUBAI-REGULAR.TTF', name='Dubai', style='normal', variant='normal', weight=400, stretch='normal', size='scalable')) = 10.05
2025-08-03 03:17:09,550 - matplotlib.font_manager - DEBUG - findfont: score(FontEntry(fname='C:\\Windows\\Fonts\\REFSAN.TTF', name='MS Reference Sans Serif', style='normal', variant='normal', weight=400, stretch='normal', size='scalable')) = 10.05
2025-08-03 03:17:09,551 - matplotlib.font_manager - DEBUG - findfont: score(FontEntry(fname='C:\\Windows\\Fonts\\consolai.ttf', name='Consolas', style='italic', variant='normal', weight=400, stretch='normal', size='scalable')) = 11.05
2025-08-03 03:17:09,552 - matplotlib.font_manager - DEBUG - findfont: score(FontEntry(fname='C:\\Windows\\Fonts\\LeelUIsl.ttf', name='Leelawadee UI', style='normal', variant='normal', weight=350, stretch='normal', size='scalable')) = 10.0975
2025-08-03 03:17:09,553 - matplotlib.font_manager - DEBUG - findfont: score(FontEntry(fname='C:\\Windows\\Fonts\\comicz.ttf', name='Comic Sans MS', style='italic', variant='normal', weight=700, stretch='normal', size='scalable')) = 11.335
2025-08-03 03:17:09,558 - matplotlib.font_manager - DEBUG - findfont: score(FontEntry(fname='C:\\Windows\\Fonts\\msyh.ttc', name='Microsoft YaHei', style='normal', variant='normal', weight=400, stretch='normal', size='scalable')) = 10.05
2025-08-03 03:17:09,562 - matplotlib.font_manager - DEBUG - findfont: score(FontEntry(fname='C:\\Windows\\Fonts\\Candaral.ttf', name='Candara', style='normal', variant='normal', weight=400, stretch='normal', size='scalable')) = 10.05
2025-08-03 03:17:09,563 - matplotlib.font_manager - DEBUG - findfont: score(FontEntry(fname='C:\\Windows\\Fonts\\msyhbd.ttc', name='Microsoft YaHei', style='normal', variant='normal', weight=700, stretch='normal', size='scalable')) = 10.335
2025-08-03 03:17:09,564 - matplotlib.font_manager - DEBUG - findfont: score(FontEntry(fname='C:\\Windows\\Fonts\\SimsunExtG.ttf', name='SimSun-ExtG', style='normal', variant='normal', weight=400, stretch='normal', size='scalable')) = 10.05
2025-08-03 03:17:09,564 - matplotlib.font_manager - DEBUG - findfont: score(FontEntry(fname='C:\\Windows\\Fonts\\seguihis.ttf', name='Segoe UI Historic', style='normal', variant='normal', weight=400, stretch='normal', size='scalable')) = 10.05
2025-08-03 03:17:09,565 - matplotlib.font_manager - DEBUG - findfont: score(FontEntry(fname='C:\\Windows\\Fonts\\lucon.ttf', name='Lucida Console', style='normal', variant='normal', weight=400, stretch='normal', size='scalable')) = 10.05
2025-08-03 03:17:09,566 - matplotlib.font_manager - DEBUG - findfont: score(FontEntry(fname='C:\\Windows\\Fonts\\YuGothB.ttc', name='Yu Gothic', style='normal', variant='normal', weight=700, stretch='normal', size='scalable')) = 10.335
2025-08-03 03:17:09,566 - matplotlib.font_manager - DEBUG - findfont: score(FontEntry(fname='C:\\Windows\\Fonts\\seguisb.ttf', name='Segoe UI', style='normal', variant='normal', weight=600, stretch='normal', size='scalable')) = 10.24
2025-08-03 03:17:09,567 - matplotlib.font_manager - DEBUG - findfont: score(FontEntry(fname='C:\\Windows\\Fonts\\ARIALNB.TTF', name='Arial', style='normal', variant='normal', weight=700, stretch='condensed', size='scalable')) = 6.8986363636363635
2025-08-03 03:17:09,568 - matplotlib.font_manager - DEBUG - findfont: score(FontEntry(fname='C:\\Windows\\Fonts\\calibrili.ttf', name='Calibri', style='italic', variant='normal', weight=300, stretch='normal', size='scalable')) = 11.145
2025-08-03 03:17:09,569 - matplotlib.font_manager - DEBUG - findfont: score(FontEntry(fname='C:\\Windows\\Fonts\\MISTRAL.TTF', name='Mistral', style='normal', variant='normal', weight=400, stretch='normal', size='scalable')) = 10.05
2025-08-03 03:17:09,581 - matplotlib.font_manager - DEBUG - findfont: score(FontEntry(fname='C:\\Windows\\Fonts\\taile.ttf', name='Microsoft Tai Le', style='normal', variant='normal', weight=400, stretch='normal', size='scalable')) = 10.05
2025-08-03 03:17:09,581 - matplotlib.font_manager - DEBUG - findfont: score(FontEntry(fname='C:\\Windows\\Fonts\\consolaz.ttf', name='Consolas', style='italic', variant='normal', weight=700, stretch='normal', size='scalable')) = 11.335
2025-08-03 03:17:09,582 - matplotlib.font_manager - DEBUG - findfont: score(FontEntry(fname='C:\\Windows\\Fonts\\tahomabd.ttf', name='Tahoma', style='normal', variant='normal', weight=700, stretch='normal', size='scalable')) = 10.335
2025-08-03 03:17:09,582 - matplotlib.font_manager - DEBUG - findfont: score(FontEntry(fname='C:\\Windows\\Fonts\\seguiemj.ttf', name='Segoe UI Emoji', style='normal', variant='normal', weight=400, stretch='normal', size='scalable')) = 10.05
2025-08-03 03:17:09,583 - matplotlib.font_manager - DEBUG - findfont: score(FontEntry(fname='C:\\Windows\\Fonts\\corbeli.ttf', name='Corbel', style='italic', variant='normal', weight=400, stretch='normal', size='scalable')) = 11.05
2025-08-03 03:17:09,584 - matplotlib.font_manager - DEBUG - findfont: score(FontEntry(fname='C:\\Windows\\Fonts\\segoepr.ttf', name='Segoe Print', style='normal', variant='normal', weight=400, stretch='normal', size='scalable')) = 10.05
2025-08-03 03:17:09,584 - matplotlib.font_manager - DEBUG - findfont: score(FontEntry(fname='C:\\Windows\\Fonts\\SegUIVar.ttf', name='Segoe UI Variable', style='normal', variant='normal', weight=400, stretch='normal', size='scalable')) = 10.05
2025-08-03 03:17:09,586 - matplotlib.font_manager - DEBUG - findfont: score(FontEntry(fname='C:\\Windows\\Fonts\\seguibli.ttf', name='Segoe UI', style='italic', variant='normal', weight=900, stretch='normal', size='scalable')) = 11.525
2025-08-03 03:17:09,587 - matplotlib.font_manager - DEBUG - findfont: score(FontEntry(fname='C:\\Windows\\Fonts\\arial.ttf', name='Arial', style='normal', variant='normal', weight=400, stretch='normal', size='scalable')) = 6.413636363636363
2025-08-03 03:17:09,592 - matplotlib.font_manager - DEBUG - findfont: score(FontEntry(fname='C:\\Windows\\Fonts\\ARIALNBI.TTF', name='Arial', style='italic', variant='normal', weight=700, stretch='condensed', size='scalable')) = 7.8986363636363635
2025-08-03 03:17:09,595 - matplotlib.font_manager - DEBUG - findfont: score(FontEntry(fname='C:\\Windows\\Fonts\\courbd.ttf', name='Courier New', style='normal', variant='normal', weight=700, stretch='normal', size='scalable')) = 10.335
2025-08-03 03:17:09,598 - matplotlib.font_manager - DEBUG - findfont: score(FontEntry(fname='C:\\Windows\\Fonts\\Candarali.ttf', name='Candara', style='italic', variant='normal', weight=400, stretch='normal', size='scalable')) = 11.05
2025-08-03 03:17:09,598 - matplotlib.font_manager - DEBUG - findfont: score(FontEntry(fname='C:\\Windows\\Fonts\\corbelli.ttf', name='Corbel', style='italic', variant='normal', weight=300, stretch='normal', size='scalable')) = 11.145
2025-08-03 03:17:09,599 - matplotlib.font_manager - DEBUG - findfont: score(FontEntry(fname='C:\\Windows\\Fonts\\corbel.ttf', name='Corbel', style='normal', variant='normal', weight=400, stretch='normal', size='scalable')) = 10.05
2025-08-03 03:17:09,600 - matplotlib.font_manager - DEBUG - findfont: score(FontEntry(fname='C:\\Windows\\Fonts\\BOOKOSB.TTF', name='Bookman Old Style', style='normal', variant='normal', weight=600, stretch='normal', size='scalable')) = 10.24
2025-08-03 03:17:09,600 - matplotlib.font_manager - DEBUG - findfont: score(FontEntry(fname='C:\\Windows\\Fonts\\seguisli.ttf', name='Segoe UI', style='italic', variant='normal', weight=350, stretch='normal', size='scalable')) = 11.0975
2025-08-03 03:17:09,601 - matplotlib.font_manager - DEBUG - findfont: score(FontEntry(fname='C:\\Windows\\Fonts\\symbol.ttf', name='Symbol', style='normal', variant='normal', weight=400, stretch='normal', size='scalable')) = 10.05
2025-08-03 03:17:09,602 - matplotlib.font_manager - DEBUG - findfont: score(FontEntry(fname='C:\\Windows\\Fonts\\ariali.ttf', name='Arial', style='italic', variant='normal', weight=400, stretch='normal', size='scalable')) = 7.413636363636363
2025-08-03 03:17:09,603 - matplotlib.font_manager - DEBUG - findfont: score(FontEntry(fname='C:\\Windows\\Fonts\\timesi.ttf', name='Times New Roman', style='italic', variant='normal', weight=400, stretch='normal', size='scalable')) = 11.05
2025-08-03 03:17:09,614 - matplotlib.font_manager - DEBUG - findfont: score(FontEntry(fname='C:\\Windows\\Fonts\\cambriaz.ttf', name='Cambria', style='italic', variant='normal', weight=700, stretch='normal', size='scalable')) = 11.335
2025-08-03 03:17:09,615 - matplotlib.font_manager - DEBUG - findfont: score(FontEntry(fname='C:\\Windows\\Fonts\\REFSPCL.TTF', name='MS Reference Specialty', style='normal', variant='normal', weight=400, stretch='normal', size='scalable')) = 10.05
2025-08-03 03:17:09,615 - matplotlib.font_manager - DEBUG - findfont: score(FontEntry(fname='C:\\Windows\\Fonts\\segoeui.ttf', name='Segoe UI', style='normal', variant='normal', weight=400, stretch='normal', size='scalable')) = 10.05
2025-08-03 03:17:09,616 - matplotlib.font_manager - DEBUG - findfont: score(FontEntry(fname='C:\\Windows\\Fonts\\ARIALNI.TTF', name='Arial', style='italic', variant='normal', weight=400, stretch='condensed', size='scalable')) = 7.613636363636363
2025-08-03 03:17:09,617 - matplotlib.font_manager - DEBUG - findfont: score(FontEntry(fname='C:\\Windows\\Fonts\\Inkfree.ttf', name='Ink Free', style='normal', variant='normal', weight=400, stretch='normal', size='scalable')) = 10.05
2025-08-03 03:17:09,617 - matplotlib.font_manager - DEBUG - findfont: score(FontEntry(fname='C:\\Windows\\Fonts\\DUBAI-MEDIUM.TTF', name='Dubai', style='normal', variant='normal', weight=500, stretch='normal', size='scalable')) = 10.145
2025-08-03 03:17:09,618 - matplotlib.font_manager - DEBUG - findfont: score(FontEntry(fname='C:\\Windows\\Fonts\\comicbd.ttf', name='Comic Sans MS', style='normal', variant='normal', weight=700, stretch='normal', size='scalable')) = 10.335
2025-08-03 03:17:09,619 - matplotlib.font_manager - DEBUG - findfont: score(FontEntry(fname='C:\\Windows\\Fonts\\YuGothL.ttc', name='Yu Gothic', style='normal', variant='normal', weight=300, stretch='normal', size='scalable')) = 10.145
2025-08-03 03:17:09,629 - matplotlib.font_manager - DEBUG - findfont: score(FontEntry(fname='C:\\Windows\\Fonts\\webdings.ttf', name='Webdings', style='normal', variant='normal', weight=400, stretch='normal', size='scalable')) = 10.05
2025-08-03 03:17:09,630 - matplotlib.font_manager - DEBUG - findfont: score(FontEntry(fname='C:\\Windows\\Fonts\\framd.ttf', name='Franklin Gothic Medium', style='normal', variant='normal', weight=400, stretch='normal', size='scalable')) = 10.05
2025-08-03 03:17:09,631 - matplotlib.font_manager - DEBUG - findfont: score(FontEntry(fname='C:\\Windows\\Fonts\\msjh.ttc', name='Microsoft JhengHei', style='normal', variant='normal', weight=400, stretch='normal', size='scalable')) = 10.05
2025-08-03 03:17:09,631 - matplotlib.font_manager - DEBUG - findfont: score(FontEntry(fname='C:\\Windows\\Fonts\\l_10646.ttf', name='Lucida Sans Unicode', style='normal', variant='normal', weight=400, stretch='normal', size='scalable')) = 10.05
2025-08-03 03:17:09,632 - matplotlib.font_manager - DEBUG - findfont: score(FontEntry(fname='C:\\Windows\\Fonts\\LHANDW.TTF', name='Lucida Handwriting', style='italic', variant='normal', weight=400, stretch='normal', size='scalable')) = 11.05
2025-08-03 03:17:09,632 - matplotlib.font_manager - DEBUG - findfont: score(FontEntry(fname='C:\\Windows\\Fonts\\trebucbd.ttf', name='Trebuchet MS', style='normal', variant='normal', weight=700, stretch='normal', size='scalable')) = 10.335
2025-08-03 03:17:09,633 - matplotlib.font_manager - DEBUG - findfont: score(FontEntry(fname='C:\\Windows\\Fonts\\segoesc.ttf', name='Segoe Script', style='normal', variant='normal', weight=400, stretch='normal', size='scalable')) = 10.05
2025-08-03 03:17:09,634 - matplotlib.font_manager - DEBUG - findfont: score(FontEntry(fname='C:\\Windows\\Fonts\\MSUIGHUR.TTF', name='Microsoft Uighur', style='normal', variant='normal', weight=400, stretch='normal', size='scalable')) = 10.05
2025-08-03 03:17:09,634 - matplotlib.font_manager - DEBUG - findfont: score(FontEntry(fname='C:\\Windows\\Fonts\\CascadiaCode.ttf', name='Cascadia Code', style='normal', variant='normal', weight=400, stretch='normal', size='scalable')) = 10.05
2025-08-03 03:17:09,636 - matplotlib.font_manager - DEBUG - findfont: score(FontEntry(fname='C:\\Windows\\Fonts\\comic.ttf', name='Comic Sans MS', style='normal', variant='normal', weight=400, stretch='normal', size='scalable')) = 10.05
2025-08-03 03:17:09,642 - matplotlib.font_manager - DEBUG - findfont: score(FontEntry(fname='C:\\Windows\\Fonts\\GOTHICI.TTF', name='Century Gothic', style='italic', variant='normal', weight=400, stretch='normal', size='scalable')) = 11.05
2025-08-03 03:17:09,645 - matplotlib.font_manager - DEBUG - findfont: score(FontEntry(fname='C:\\Windows\\Fonts\\SegoeIcons.ttf', name='Segoe Fluent Icons', style='normal', variant='normal', weight=400, stretch='normal', size='scalable')) = 10.05
2025-08-03 03:17:09,647 - matplotlib.font_manager - DEBUG - findfont: score(FontEntry(fname='C:\\Windows\\Fonts\\verdanaz.ttf', name='Verdana', style='italic', variant='normal', weight=700, stretch='normal', size='scalable')) = 4.971363636363637
2025-08-03 03:17:09,647 - matplotlib.font_manager - DEBUG - findfont: score(FontEntry(fname='C:\\Windows\\Fonts\\cour.ttf', name='Courier New', style='normal', variant='normal', weight=400, stretch='normal', size='scalable')) = 10.05
2025-08-03 03:17:09,648 - matplotlib.font_manager - DEBUG - findfont: score(FontEntry(fname='C:\\Windows\\Fonts\\BOOKOSI.TTF', name='Bookman Old Style', style='italic', variant='normal', weight=300, stretch='normal', size='scalable')) = 11.145
2025-08-03 03:17:09,648 - matplotlib.font_manager - DEBUG - findfont: score(FontEntry(fname='C:\\Windows\\Fonts\\mingliub.ttc', name='MingLiU-ExtB', style='normal', variant='normal', weight=400, stretch='normal', size='scalable')) = 10.05
2025-08-03 03:17:09,649 - matplotlib.font_manager - DEBUG - findfont: score(FontEntry(fname='C:\\Windows\\Fonts\\segoeuib.ttf', name='Segoe UI', style='normal', variant='normal', weight=700, stretch='normal', size='scalable')) = 10.335
2025-08-03 03:17:09,651 - matplotlib.font_manager - DEBUG - findfont: score(FontEntry(fname='C:\\Windows\\Fonts\\taileb.ttf', name='Microsoft Tai Le', style='normal', variant='normal', weight=700, stretch='normal', size='scalable')) = 10.335
2025-08-03 03:17:09,652 - matplotlib.font_manager - DEBUG - findfont: score(FontEntry(fname='C:\\Windows\\Fonts\\calibrib.ttf', name='Calibri', style='normal', variant='normal', weight=700, stretch='normal', size='scalable')) = 10.335
2025-08-03 03:17:09,652 - matplotlib.font_manager - DEBUG - findfont: score(FontEntry(fname='C:\\Windows\\Fonts\\CENTURY.TTF', name='Century', style='normal', variant='normal', weight=400, stretch='normal', size='scalable')) = 10.05
2025-08-03 03:17:09,653 - matplotlib.font_manager - DEBUG - findfont: score(FontEntry(fname='C:\\Windows\\Fonts\\Nirmala.ttc', name='Nirmala UI', style='normal', variant='normal', weight=400, stretch='normal', size='scalable')) = 10.05
2025-08-03 03:17:09,653 - matplotlib.font_manager - DEBUG - findfont: score(FontEntry(fname='C:\\Windows\\Fonts\\georgiab.ttf', name='Georgia', style='normal', variant='normal', weight=700, stretch='normal', size='scalable')) = 10.335
2025-08-03 03:17:09,659 - matplotlib.font_manager - DEBUG - findfont: score(FontEntry(fname='C:\\Windows\\Fonts\\seguibl.ttf', name='Segoe UI', style='normal', variant='normal', weight=900, stretch='normal', size='scalable')) = 10.525
2025-08-03 03:17:09,660 - matplotlib.font_manager - DEBUG - findfont: score(FontEntry(fname='C:\\Windows\\Fonts\\himalaya.ttf', name='Microsoft Himalaya', style='normal', variant='normal', weight=400, stretch='normal', size='scalable')) = 10.05
2025-08-03 03:17:09,662 - matplotlib.font_manager - DEBUG - findfont: score(FontEntry(fname='C:\\Windows\\Fonts\\WINGDNG3.TTF', name='Wingdings 3', style='normal', variant='normal', weight=400, stretch='normal', size='scalable')) = 10.05
2025-08-03 03:17:09,663 - matplotlib.font_manager - DEBUG - findfont: score(FontEntry(fname='C:\\Windows\\Fonts\\LeelawUI.ttf', name='Leelawadee UI', style='normal', variant='normal', weight=400, stretch='normal', size='scalable')) = 10.05
2025-08-03 03:17:09,663 - matplotlib.font_manager - DEBUG - findfont: score(FontEntry(fname='C:\\Windows\\Fonts\\msyhl.ttc', name='Microsoft YaHei', style='normal', variant='normal', weight=290, stretch='normal', size='scalable')) = 10.1545
2025-08-03 03:17:09,664 - matplotlib.font_manager - DEBUG - findfont: score(FontEntry(fname='C:\\Windows\\Fonts\\mvboli.ttf', name='MV Boli', style='normal', variant='normal', weight=400, stretch='normal', size='scalable')) = 10.05
2025-08-03 03:17:09,664 - matplotlib.font_manager - DEBUG - findfont: score(FontEntry(fname='C:\\Windows\\Fonts\\phagspa.ttf', name='Microsoft PhagsPa', style='normal', variant='normal', weight=400, stretch='normal', size='scalable')) = 10.05
2025-08-03 03:17:09,666 - matplotlib.font_manager - DEBUG - findfont: score(FontEntry(fname='C:\\Windows\\Fonts\\trebuc.ttf', name='Trebuchet MS', style='normal', variant='normal', weight=400, stretch='normal', size='scalable')) = 10.05
2025-08-03 03:17:09,667 - matplotlib.font_manager - DEBUG - findfont: score(FontEntry(fname='C:\\Windows\\Fonts\\GOTHICBI.TTF', name='Century Gothic', style='italic', variant='normal', weight=700, stretch='normal', size='scalable')) = 11.335
2025-08-03 03:17:09,668 - matplotlib.font_manager - DEBUG - findfont: score(FontEntry(fname='C:\\Windows\\Fonts\\phagspab.ttf', name='Microsoft PhagsPa', style='normal', variant='normal', weight=700, stretch='normal', size='scalable')) = 10.335
2025-08-03 03:17:09,669 - matplotlib.font_manager - DEBUG - findfont: score(FontEntry(fname='C:\\Windows\\Fonts\\verdanai.ttf', name='Verdana', style='italic', variant='normal', weight=400, stretch='normal', size='scalable')) = 4.6863636363636365
2025-08-03 03:17:09,669 - matplotlib.font_manager - DEBUG - findfont: score(FontEntry(fname='C:\\Windows\\Fonts\\verdana.ttf', name='Verdana', style='normal', variant='normal', weight=400, stretch='normal', size='scalable')) = 3.6863636363636365
2025-08-03 03:17:09,673 - matplotlib.font_manager - DEBUG - findfont: score(FontEntry(fname='C:\\Windows\\Fonts\\verdanab.ttf', name='Verdana', style='normal', variant='normal', weight=700, stretch='normal', size='scalable')) = 3.9713636363636367
2025-08-03 03:17:09,678 - matplotlib.font_manager - DEBUG - findfont: score(FontEntry(fname='C:\\Windows\\Fonts\\msjhbd.ttc', name='Microsoft JhengHei', style='normal', variant='normal', weight=700, stretch='normal', size='scalable')) = 10.335
2025-08-03 03:17:09,680 - matplotlib.font_manager - DEBUG - findfont: score(FontEntry(fname='C:\\Windows\\Fonts\\gadugib.ttf', name='Gadugi', style='normal', variant='normal', weight=700, stretch='normal', size='scalable')) = 10.335
2025-08-03 03:17:09,682 - matplotlib.font_manager - DEBUG - findfont: score(FontEntry(fname='C:\\Windows\\Fonts\\consola.ttf', name='Consolas', style='normal', variant='normal', weight=400, stretch='normal', size='scalable')) = 10.05
2025-08-03 03:17:09,684 - matplotlib.font_manager - DEBUG - findfont: score(FontEntry(fname='C:\\Windows\\Fonts\\malgunbd.ttf', name='Malgun Gothic', style='normal', variant='normal', weight=700, stretch='normal', size='scalable')) = 10.335
2025-08-03 03:17:09,685 - matplotlib.font_manager - DEBUG - findfont: score(FontEntry(fname='C:\\Windows\\Fonts\\OUTLOOK.TTF', name='MS Outlook', style='normal', variant='normal', weight=400, stretch='normal', size='scalable')) = 10.05
2025-08-03 03:17:09,686 - matplotlib.font_manager - DEBUG - findfont: score(FontEntry(fname='C:\\Windows\\Fonts\\BSSYM7.TTF', name='Bookshelf Symbol 7', style='normal', variant='normal', weight=400, stretch='normal', size='scalable')) = 10.05
2025-08-03 03:17:09,693 - matplotlib.font_manager - DEBUG - findfont: score(FontEntry(fname='C:\\Windows\\Fonts\\ebrimabd.ttf', name='Ebrima', style='normal', variant='normal', weight=700, stretch='normal', size='scalable')) = 10.335
2025-08-03 03:17:09,696 - matplotlib.font_manager - DEBUG - findfont: score(FontEntry(fname='C:\\Windows\\Fonts\\palab.ttf', name='Palatino Linotype', style='normal', variant='normal', weight=700, stretch='normal', size='scalable')) = 10.335
2025-08-03 03:17:09,698 - matplotlib.font_manager - DEBUG - findfont: score(FontEntry(fname='C:\\Windows\\Fonts\\ANTQUAI.TTF', name='Book Antiqua', style='italic', variant='normal', weight=400, stretch='normal', size='scalable')) = 11.05
2025-08-03 03:17:09,699 - matplotlib.font_manager - DEBUG - findfont: score(FontEntry(fname='C:\\Windows\\Fonts\\calibrii.ttf', name='Calibri', style='italic', variant='normal', weight=400, stretch='normal', size='scalable')) = 11.05
2025-08-03 03:17:09,700 - matplotlib.font_manager - DEBUG - findfont: score(FontEntry(fname='C:\\Windows\\Fonts\\georgiaz.ttf', name='Georgia', style='italic', variant='normal', weight=700, stretch='normal', size='scalable')) = 11.335
2025-08-03 03:17:09,701 - matplotlib.font_manager - DEBUG - findfont: score(FontEntry(fname='C:\\Windows\\Fonts\\constani.ttf', name='Constantia', style='italic', variant='normal', weight=400, stretch='normal', size='scalable')) = 11.05
2025-08-03 03:17:09,702 - matplotlib.font_manager - DEBUG - findfont: score(FontEntry(fname='C:\\Windows\\Fonts\\wingding.ttf', name='Wingdings', style='normal', variant='normal', weight=400, stretch='normal', size='scalable')) = 10.05
2025-08-03 03:17:09,702 - matplotlib.font_manager - DEBUG - findfont: score(FontEntry(fname='C:\\Windows\\Fonts\\calibri.ttf', name='Calibri', style='normal', variant='normal', weight=400, stretch='normal', size='scalable')) = 10.05
2025-08-03 03:17:09,703 - matplotlib.font_manager - DEBUG - findfont: score(FontEntry(fname='C:\\Windows\\Fonts\\ebrima.ttf', name='Ebrima', style='normal', variant='normal', weight=400, stretch='normal', size='scalable')) = 10.05
2025-08-03 03:17:09,710 - matplotlib.font_manager - DEBUG - findfont: score(FontEntry(fname='C:\\Windows\\Fonts\\YuGothR.ttc', name='Yu Gothic', style='normal', variant='normal', weight=400, stretch='normal', size='scalable')) = 10.05
2025-08-03 03:17:09,713 - matplotlib.font_manager - DEBUG - findfont: score(FontEntry(fname='C:\\Windows\\Fonts\\segoescb.ttf', name='Segoe Script', style='normal', variant='normal', weight=700, stretch='normal', size='scalable')) = 10.335
2025-08-03 03:17:09,714 - matplotlib.font_manager - DEBUG - findfont: score(FontEntry(fname='C:\\Windows\\Fonts\\msjhl.ttc', name='Microsoft JhengHei', style='normal', variant='normal', weight=290, stretch='normal', size='scalable')) = 10.1545
2025-08-03 03:17:09,715 - matplotlib.font_manager - DEBUG - findfont: score(FontEntry(fname='C:\\Windows\\Fonts\\comici.ttf', name='Comic Sans MS', style='italic', variant='normal', weight=400, stretch='normal', size='scalable')) = 11.05
2025-08-03 03:17:09,716 - matplotlib.font_manager - DEBUG - findfont: score(FontEntry(fname='C:\\Windows\\Fonts\\sylfaen.ttf', name='Sylfaen', style='normal', variant='normal', weight=400, stretch='normal', size='scalable')) = 10.05
2025-08-03 03:17:09,717 - matplotlib.font_manager - DEBUG - findfont: score(FontEntry(fname='C:\\Windows\\Fonts\\Candaraz.ttf', name='Candara', style='italic', variant='normal', weight=700, stretch='normal', size='scalable')) = 11.335
2025-08-03 03:17:09,718 - matplotlib.font_manager - DEBUG - findfont: score(FontEntry(fname='C:\\Windows\\Fonts\\segoeuil.ttf', name='Segoe UI', style='normal', variant='normal', weight=300, stretch='normal', size='scalable')) = 10.145
2025-08-03 03:17:09,720 - matplotlib.font_manager - DEBUG - findfont: score(FontEntry(fname='C:\\Windows\\Fonts\\BKANT.TTF', name='Book Antiqua', style='normal', variant='normal', weight=400, stretch='normal', size='scalable')) = 10.05
2025-08-03 03:17:09,731 - matplotlib.font_manager - DEBUG - findfont: score(FontEntry(fname='C:\\Windows\\Fonts\\corbelz.ttf', name='Corbel', style='italic', variant='normal', weight=700, stretch='normal', size='scalable')) = 11.335
2025-08-03 03:17:09,732 - matplotlib.font_manager - DEBUG - findfont: score(FontEntry(fname='C:\\Windows\\Fonts\\DUBAI-LIGHT.TTF', name='Dubai', style='normal', variant='normal', weight=300, stretch='normal', size='scalable')) = 10.145
2025-08-03 03:17:09,733 - matplotlib.font_manager - DEBUG - findfont: score(FontEntry(fname='C:\\Windows\\Fonts\\palai.ttf', name='Palatino Linotype', style='italic', variant='normal', weight=400, stretch='normal', size='scalable')) = 11.05
2025-08-03 03:17:09,734 - matplotlib.font_manager - DEBUG - findfont: score(FontEntry(fname='C:\\Windows\\Fonts\\arialbi.ttf', name='Arial', style='italic', variant='normal', weight=700, stretch='normal', size='scalable')) = 7.698636363636363
2025-08-03 03:17:09,735 - matplotlib.font_manager - DEBUG - findfont: score(FontEntry(fname='C:\\Windows\\Fonts\\calibril.ttf', name='Calibri', style='normal', variant='normal', weight=300, stretch='normal', size='scalable')) = 10.145
2025-08-03 03:17:09,736 - matplotlib.font_manager - DEBUG - findfont: score(FontEntry(fname='C:\\Windows\\Fonts\\georgiai.ttf', name='Georgia', style='italic', variant='normal', weight=400, stretch='normal', size='scalable')) = 11.05
2025-08-03 03:17:09,743 - matplotlib.font_manager - DEBUG - findfont: score(FontEntry(fname='C:\\Windows\\Fonts\\cambria.ttc', name='Cambria', style='normal', variant='normal', weight=400, stretch='normal', size='scalable')) = 10.05
2025-08-03 03:17:09,748 - matplotlib.font_manager - DEBUG - findfont: score(FontEntry(fname='C:\\Windows\\Fonts\\micross.ttf', name='Microsoft Sans Serif', style='normal', variant='normal', weight=400, stretch='normal', size='scalable')) = 10.05
2025-08-03 03:17:09,749 - matplotlib.font_manager - DEBUG - findfont: score(FontEntry(fname='C:\\Windows\\Fonts\\corbelb.ttf', name='Corbel', style='normal', variant='normal', weight=700, stretch='normal', size='scalable')) = 10.335
2025-08-03 03:17:09,750 - matplotlib.font_manager - DEBUG - findfont: score(FontEntry(fname='C:\\Windows\\Fonts\\impact.ttf', name='Impact', style='normal', variant='normal', weight=400, stretch='normal', size='scalable')) = 10.05
2025-08-03 03:17:09,752 - matplotlib.font_manager - DEBUG - findfont: score(FontEntry(fname='C:\\Windows\\Fonts\\segoeprb.ttf', name='Segoe Print', style='normal', variant='normal', weight=700, stretch='normal', size='scalable')) = 10.335
2025-08-03 03:17:09,753 - matplotlib.font_manager - DEBUG - findfont: score(FontEntry(fname='C:\\Windows\\Fonts\\georgia.ttf', name='Georgia', style='normal', variant='normal', weight=400, stretch='normal', size='scalable')) = 10.05
2025-08-03 03:17:09,764 - matplotlib.font_manager - DEBUG - findfont: Matching sans\-serif:style=normal:variant=normal:weight=normal:stretch=normal:size=10.0 to DejaVu Sans ('C:\\Users\\Nii Amu Ankrah\\AppData\\Roaming\\Python\\Python313\\site-packages\\matplotlib\\mpl-data\\fonts\\ttf\\DejaVuSans.ttf') with score of 0.050000.
2025-08-03 03:17:10,029 - matplotlib.font_manager - DEBUG - findfont: Matching sans\-serif:style=normal:variant=normal:weight=normal:stretch=normal:size=12.0.
2025-08-03 03:17:10,031 - matplotlib.font_manager - DEBUG - findfont: score(FontEntry(fname='C:\\Users\\Nii Amu Ankrah\\AppData\\Roaming\\Python\\Python313\\site-packages\\matplotlib\\mpl-data\\fonts\\ttf\\STIXGeneral.ttf', name='STIXGeneral', style='normal', variant='normal', weight=400, stretch='normal', size='scalable')) = 10.05
2025-08-03 03:17:10,031 - matplotlib.font_manager - DEBUG - findfont: score(FontEntry(fname='C:\\Users\\Nii Amu Ankrah\\AppData\\Roaming\\Python\\Python313\\site-packages\\matplotlib\\mpl-data\\fonts\\ttf\\DejaVuSansMono.ttf', name='DejaVu Sans Mono', style='normal', variant='normal', weight=400, stretch='normal', size='scalable')) = 10.05
2025-08-03 03:17:10,032 - matplotlib.font_manager - DEBUG - findfont: score(FontEntry(fname='C:\\Users\\Nii Amu Ankrah\\AppData\\Roaming\\Python\\Python313\\site-packages\\matplotlib\\mpl-data\\fonts\\ttf\\STIXSizThreeSymReg.ttf', name='STIXSizeThreeSym', style='normal', variant='normal', weight=400, stretch='normal', size='scalable')) = 10.05
2025-08-03 03:17:10,033 - matplotlib.font_manager - DEBUG - findfont: score(FontEntry(fname='C:\\Users\\Nii Amu Ankrah\\AppData\\Roaming\\Python\\Python313\\site-packages\\matplotlib\\mpl-data\\fonts\\ttf\\STIXSizFourSymBol.ttf', name='STIXSizeFourSym', style='normal', variant='normal', weight=700, stretch='normal', size='scalable')) = 10.335
2025-08-03 03:17:10,034 - matplotlib.font_manager - DEBUG - findfont: score(FontEntry(fname='C:\\Users\\Nii Amu Ankrah\\AppData\\Roaming\\Python\\Python313\\site-packages\\matplotlib\\mpl-data\\fonts\\ttf\\STIXSizFiveSymReg.ttf', name='STIXSizeFiveSym', style='normal', variant='normal', weight=400, stretch='normal', size='scalable')) = 10.05
2025-08-03 03:17:10,034 - matplotlib.font_manager - DEBUG - findfont: score(FontEntry(fname='C:\\Users\\Nii Amu Ankrah\\AppData\\Roaming\\Python\\Python313\\site-packages\\matplotlib\\mpl-data\\fonts\\ttf\\cmss10.ttf', name='cmss10', style='normal', variant='normal', weight=400, stretch='normal', size='scalable')) = 10.05
2025-08-03 03:17:10,035 - matplotlib.font_manager - DEBUG - findfont: score(FontEntry(fname='C:\\Users\\Nii Amu Ankrah\\AppData\\Roaming\\Python\\Python313\\site-packages\\matplotlib\\mpl-data\\fonts\\ttf\\DejaVuSans.ttf', name='DejaVu Sans', style='normal', variant='normal', weight=400, stretch='normal', size='scalable')) = 0.05
2025-08-03 03:17:10,036 - matplotlib.font_manager - DEBUG - findfont: score(FontEntry(fname='C:\\Users\\Nii Amu Ankrah\\AppData\\Roaming\\Python\\Python313\\site-packages\\matplotlib\\mpl-data\\fonts\\ttf\\DejaVuSerifDisplay.ttf', name='DejaVu Serif Display', style='normal', variant='normal', weight=400, stretch='normal', size='scalable')) = 10.05
2025-08-03 03:17:10,043 - matplotlib.font_manager - DEBUG - findfont: score(FontEntry(fname='C:\\Users\\Nii Amu Ankrah\\AppData\\Roaming\\Python\\Python313\\site-packages\\matplotlib\\mpl-data\\fonts\\ttf\\cmb10.ttf', name='cmb10', style='normal', variant='normal', weight=400, stretch='normal', size='scalable')) = 10.05
2025-08-03 03:17:10,046 - matplotlib.font_manager - DEBUG - findfont: score(FontEntry(fname='C:\\Users\\Nii Amu Ankrah\\AppData\\Roaming\\Python\\Python313\\site-packages\\matplotlib\\mpl-data\\fonts\\ttf\\DejaVuSerif-Bold.ttf', name='DejaVu Serif', style='normal', variant='normal', weight=700, stretch='normal', size='scalable')) = 10.335
2025-08-03 03:17:10,048 - matplotlib.font_manager - DEBUG - findfont: score(FontEntry(fname='C:\\Users\\Nii Amu Ankrah\\AppData\\Roaming\\Python\\Python313\\site-packages\\matplotlib\\mpl-data\\fonts\\ttf\\cmmi10.ttf', name='cmmi10', style='normal', variant='normal', weight=400, stretch='normal', size='scalable')) = 10.05
2025-08-03 03:17:10,050 - matplotlib.font_manager - DEBUG - findfont: score(FontEntry(fname='C:\\Users\\Nii Amu Ankrah\\AppData\\Roaming\\Python\\Python313\\site-packages\\matplotlib\\mpl-data\\fonts\\ttf\\STIXNonUniBolIta.ttf', name='STIXNonUnicode', style='italic', variant='normal', weight=700, stretch='normal', size='scalable')) = 11.335
2025-08-03 03:17:10,051 - matplotlib.font_manager - DEBUG - findfont: score(FontEntry(fname='C:\\Users\\Nii Amu Ankrah\\AppData\\Roaming\\Python\\Python313\\site-packages\\matplotlib\\mpl-data\\fonts\\ttf\\DejaVuSerif-Italic.ttf', name='DejaVu Serif', style='italic', variant='normal', weight=400, stretch='normal', size='scalable')) = 11.05
2025-08-03 03:17:10,052 - matplotlib.font_manager - DEBUG - findfont: score(FontEntry(fname='C:\\Users\\Nii Amu Ankrah\\AppData\\Roaming\\Python\\Python313\\site-packages\\matplotlib\\mpl-data\\fonts\\ttf\\STIXNonUni.ttf', name='STIXNonUnicode', style='normal', variant='normal', weight=400, stretch='normal', size='scalable')) = 10.05
2025-08-03 03:17:10,053 - matplotlib.font_manager - DEBUG - findfont: score(FontEntry(fname='C:\\Users\\Nii Amu Ankrah\\AppData\\Roaming\\Python\\Python313\\site-packages\\matplotlib\\mpl-data\\fonts\\ttf\\DejaVuSansDisplay.ttf', name='DejaVu Sans Display', style='normal', variant='normal', weight=400, stretch='normal', size='scalable')) = 10.05
2025-08-03 03:17:10,062 - matplotlib.font_manager - DEBUG - findfont: score(FontEntry(fname='C:\\Users\\Nii Amu Ankrah\\AppData\\Roaming\\Python\\Python313\\site-packages\\matplotlib\\mpl-data\\fonts\\ttf\\cmtt10.ttf', name='cmtt10', style='normal', variant='normal', weight=400, stretch='normal', size='scalable')) = 10.05
2025-08-03 03:17:10,064 - matplotlib.font_manager - DEBUG - findfont: score(FontEntry(fname='C:\\Users\\Nii Amu Ankrah\\AppData\\Roaming\\Python\\Python313\\site-packages\\matplotlib\\mpl-data\\fonts\\ttf\\DejaVuSans-BoldOblique.ttf', name='DejaVu Sans', style='oblique', variant='normal', weight=700, stretch='normal', size='scalable')) = 1.335
2025-08-03 03:17:10,065 - matplotlib.font_manager - DEBUG - findfont: score(FontEntry(fname='C:\\Users\\Nii Amu Ankrah\\AppData\\Roaming\\Python\\Python313\\site-packages\\matplotlib\\mpl-data\\fonts\\ttf\\STIXSizOneSymReg.ttf', name='STIXSizeOneSym', style='normal', variant='normal', weight=400, stretch='normal', size='scalable')) = 10.05
2025-08-03 03:17:10,066 - matplotlib.font_manager - DEBUG - findfont: score(FontEntry(fname='C:\\Users\\Nii Amu Ankrah\\AppData\\Roaming\\Python\\Python313\\site-packages\\matplotlib\\mpl-data\\fonts\\ttf\\DejaVuSerif-BoldItalic.ttf', name='DejaVu Serif', style='italic', variant='normal', weight=700, stretch='normal', size='scalable')) = 11.335
2025-08-03 03:17:10,067 - matplotlib.font_manager - DEBUG - findfont: score(FontEntry(fname='C:\\Users\\Nii Amu Ankrah\\AppData\\Roaming\\Python\\Python313\\site-packages\\matplotlib\\mpl-data\\fonts\\ttf\\DejaVuSansMono-Bold.ttf', name='DejaVu Sans Mono', style='normal', variant='normal', weight=700, stretch='normal', size='scalable')) = 10.335
2025-08-03 03:17:10,068 - matplotlib.font_manager - DEBUG - findfont: score(FontEntry(fname='C:\\Users\\Nii Amu Ankrah\\AppData\\Roaming\\Python\\Python313\\site-packages\\matplotlib\\mpl-data\\fonts\\ttf\\STIXSizOneSymBol.ttf', name='STIXSizeOneSym', style='normal', variant='normal', weight=700, stretch='normal', size='scalable')) = 10.335
2025-08-03 03:17:10,068 - matplotlib.font_manager - DEBUG - findfont: score(FontEntry(fname='C:\\Users\\Nii Amu Ankrah\\AppData\\Roaming\\Python\\Python313\\site-packages\\matplotlib\\mpl-data\\fonts\\ttf\\cmex10.ttf', name='cmex10', style='normal', variant='normal', weight=400, stretch='normal', size='scalable')) = 10.05
2025-08-03 03:17:10,070 - matplotlib.font_manager - DEBUG - findfont: score(FontEntry(fname='C:\\Users\\Nii Amu Ankrah\\AppData\\Roaming\\Python\\Python313\\site-packages\\matplotlib\\mpl-data\\fonts\\ttf\\STIXNonUniBol.ttf', name='STIXNonUnicode', style='normal', variant='normal', weight=700, stretch='normal', size='scalable')) = 10.335
2025-08-03 03:17:10,074 - matplotlib.font_manager - DEBUG - findfont: score(FontEntry(fname='C:\\Users\\Nii Amu Ankrah\\AppData\\Roaming\\Python\\Python313\\site-packages\\matplotlib\\mpl-data\\fonts\\ttf\\STIXSizTwoSymReg.ttf', name='STIXSizeTwoSym', style='normal', variant='normal', weight=400, stretch='normal', size='scalable')) = 10.05
2025-08-03 03:17:10,075 - matplotlib.font_manager - DEBUG - findfont: score(FontEntry(fname='C:\\Users\\Nii Amu Ankrah\\AppData\\Roaming\\Python\\Python313\\site-packages\\matplotlib\\mpl-data\\fonts\\ttf\\DejaVuSansMono-BoldOblique.ttf', name='DejaVu Sans Mono', style='oblique', variant='normal', weight=700, stretch='normal', size='scalable')) = 11.335
2025-08-03 03:17:10,079 - matplotlib.font_manager - DEBUG - findfont: score(FontEntry(fname='C:\\Users\\Nii Amu Ankrah\\AppData\\Roaming\\Python\\Python313\\site-packages\\matplotlib\\mpl-data\\fonts\\ttf\\STIXSizThreeSymBol.ttf', name='STIXSizeThreeSym', style='normal', variant='normal', weight=700, stretch='normal', size='scalable')) = 10.335
2025-08-03 03:17:10,080 - matplotlib.font_manager - DEBUG - findfont: score(FontEntry(fname='C:\\Users\\Nii Amu Ankrah\\AppData\\Roaming\\Python\\Python313\\site-packages\\matplotlib\\mpl-data\\fonts\\ttf\\STIXSizTwoSymBol.ttf', name='STIXSizeTwoSym', style='normal', variant='normal', weight=700, stretch='normal', size='scalable')) = 10.335
2025-08-03 03:17:10,081 - matplotlib.font_manager - DEBUG - findfont: score(FontEntry(fname='C:\\Users\\Nii Amu Ankrah\\AppData\\Roaming\\Python\\Python313\\site-packages\\matplotlib\\mpl-data\\fonts\\ttf\\cmsy10.ttf', name='cmsy10', style='normal', variant='normal', weight=400, stretch='normal', size='scalable')) = 10.05
2025-08-03 03:17:10,082 - matplotlib.font_manager - DEBUG - findfont: score(FontEntry(fname='C:\\Users\\Nii Amu Ankrah\\AppData\\Roaming\\Python\\Python313\\site-packages\\matplotlib\\mpl-data\\fonts\\ttf\\STIXGeneralBolIta.ttf', name='STIXGeneral', style='italic', variant='normal', weight=700, stretch='normal', size='scalable')) = 11.335
2025-08-03 03:17:10,082 - matplotlib.font_manager - DEBUG - findfont: score(FontEntry(fname='C:\\Users\\Nii Amu Ankrah\\AppData\\Roaming\\Python\\Python313\\site-packages\\matplotlib\\mpl-data\\fonts\\ttf\\STIXGeneralItalic.ttf', name='STIXGeneral', style='italic', variant='normal', weight=400, stretch='normal', size='scalable')) = 11.05
2025-08-03 03:17:10,083 - matplotlib.font_manager - DEBUG - findfont: score(FontEntry(fname='C:\\Users\\Nii Amu Ankrah\\AppData\\Roaming\\Python\\Python313\\site-packages\\matplotlib\\mpl-data\\fonts\\ttf\\DejaVuSans-Oblique.ttf', name='DejaVu Sans', style='oblique', variant='normal', weight=400, stretch='normal', size='scalable')) = 1.05
2025-08-03 03:17:10,084 - matplotlib.font_manager - DEBUG - findfont: score(FontEntry(fname='C:\\Users\\Nii Amu Ankrah\\AppData\\Roaming\\Python\\Python313\\site-packages\\matplotlib\\mpl-data\\fonts\\ttf\\DejaVuSerif.ttf', name='DejaVu Serif', style='normal', variant='normal', weight=400, stretch='normal', size='scalable')) = 10.05
2025-08-03 03:17:10,084 - matplotlib.font_manager - DEBUG - findfont: score(FontEntry(fname='C:\\Users\\Nii Amu Ankrah\\AppData\\Roaming\\Python\\Python313\\site-packages\\matplotlib\\mpl-data\\fonts\\ttf\\DejaVuSansMono-Oblique.ttf', name='DejaVu Sans Mono', style='oblique', variant='normal', weight=400, stretch='normal', size='scalable')) = 11.05
2025-08-03 03:17:10,085 - matplotlib.font_manager - DEBUG - findfont: score(FontEntry(fname='C:\\Users\\Nii Amu Ankrah\\AppData\\Roaming\\Python\\Python313\\site-packages\\matplotlib\\mpl-data\\fonts\\ttf\\DejaVuSans-Bold.ttf', name='DejaVu Sans', style='normal', variant='normal', weight=700, stretch='normal', size='scalable')) = 0.33499999999999996
2025-08-03 03:17:10,091 - matplotlib.font_manager - DEBUG - findfont: score(FontEntry(fname='C:\\Users\\Nii Amu Ankrah\\AppData\\Roaming\\Python\\Python313\\site-packages\\matplotlib\\mpl-data\\fonts\\ttf\\STIXNonUniIta.ttf', name='STIXNonUnicode', style='italic', variant='normal', weight=400, stretch='normal', size='scalable')) = 11.05
2025-08-03 03:17:10,098 - matplotlib.font_manager - DEBUG - findfont: score(FontEntry(fname='C:\\Users\\Nii Amu Ankrah\\AppData\\Roaming\\Python\\Python313\\site-packages\\matplotlib\\mpl-data\\fonts\\ttf\\STIXSizFourSymReg.ttf', name='STIXSizeFourSym', style='normal', variant='normal', weight=400, stretch='normal', size='scalable')) = 10.05
2025-08-03 03:17:10,100 - matplotlib.font_manager - DEBUG - findfont: score(FontEntry(fname='C:\\Users\\Nii Amu Ankrah\\AppData\\Roaming\\Python\\Python313\\site-packages\\matplotlib\\mpl-data\\fonts\\ttf\\cmr10.ttf', name='cmr10', style='normal', variant='normal', weight=400, stretch='normal', size='scalable')) = 10.05
2025-08-03 03:17:10,102 - matplotlib.font_manager - DEBUG - findfont: score(FontEntry(fname='C:\\Users\\Nii Amu Ankrah\\AppData\\Roaming\\Python\\Python313\\site-packages\\matplotlib\\mpl-data\\fonts\\ttf\\STIXGeneralBol.ttf', name='STIXGeneral', style='normal', variant='normal', weight=700, stretch='normal', size='scalable')) = 10.335
2025-08-03 03:17:10,111 - matplotlib.font_manager - DEBUG - findfont: score(FontEntry(fname='C:\\Windows\\Fonts\\GARABD.TTF', name='Garamond', style='normal', variant='normal', weight=700, stretch='normal', size='scalable')) = 10.335
2025-08-03 03:17:10,113 - matplotlib.font_manager - DEBUG - findfont: score(FontEntry(fname='C:\\Windows\\Fonts\\LEELAWDB.TTF', name='Leelawadee', style='normal', variant='normal', weight=700, stretch='normal', size='scalable')) = 10.335
2025-08-03 03:17:10,115 - matplotlib.font_manager - DEBUG - findfont: score(FontEntry(fname='C:\\Windows\\Fonts\\timesbd.ttf', name='Times New Roman', style='normal', variant='normal', weight=700, stretch='normal', size='scalable')) = 10.335
2025-08-03 03:17:10,117 - matplotlib.font_manager - DEBUG - findfont: score(FontEntry(fname='C:\\Windows\\Fonts\\mmrtextb.ttf', name='Myanmar Text', style='normal', variant='normal', weight=700, stretch='normal', size='scalable')) = 10.335
2025-08-03 03:17:10,118 - matplotlib.font_manager - DEBUG - findfont: score(FontEntry(fname='C:\\Windows\\Fonts\\ariblk.ttf', name='Arial', style='normal', variant='normal', weight=900, stretch='normal', size='scalable')) = 6.888636363636364
2025-08-03 03:17:10,119 - matplotlib.font_manager - DEBUG - findfont: score(FontEntry(fname='C:\\Windows\\Fonts\\ITCKRIST.TTF', name='Kristen ITC', style='normal', variant='normal', weight=400, stretch='normal', size='scalable')) = 10.05
2025-08-03 03:17:10,120 - matplotlib.font_manager - DEBUG - findfont: score(FontEntry(fname='C:\\Windows\\Fonts\\Candarab.ttf', name='Candara', style='normal', variant='normal', weight=700, stretch='normal', size='scalable')) = 10.335
2025-08-03 03:17:10,128 - matplotlib.font_manager - DEBUG - findfont: score(FontEntry(fname='C:\\Windows\\Fonts\\malgun.ttf', name='Malgun Gothic', style='normal', variant='normal', weight=400, stretch='normal', size='scalable')) = 10.05
2025-08-03 03:17:10,129 - matplotlib.font_manager - DEBUG - findfont: score(FontEntry(fname='C:\\Windows\\Fonts\\constan.ttf', name='Constantia', style='normal', variant='normal', weight=400, stretch='normal', size='scalable')) = 10.05
2025-08-03 03:17:10,131 - matplotlib.font_manager - DEBUG - findfont: score(FontEntry(fname='C:\\Windows\\Fonts\\FRSCRIPT.TTF', name='French Script MT', style='normal', variant='normal', weight=400, stretch='normal', size='scalable')) = 10.05
2025-08-03 03:17:10,133 - matplotlib.font_manager - DEBUG - findfont: score(FontEntry(fname='C:\\Windows\\Fonts\\monbaiti.ttf', name='Mongolian Baiti', style='normal', variant='normal', weight=400, stretch='normal', size='scalable')) = 10.05
2025-08-03 03:17:10,134 - matplotlib.font_manager - DEBUG - findfont: score(FontEntry(fname='C:\\Windows\\Fonts\\JUICE___.TTF', name='Juice ITC', style='normal', variant='normal', weight=400, stretch='normal', size='scalable')) = 10.05
2025-08-03 03:17:10,134 - matplotlib.font_manager - DEBUG - findfont: score(FontEntry(fname='C:\\Windows\\Fonts\\TEMPSITC.TTF', name='Tempus Sans ITC', style='normal', variant='normal', weight=400, stretch='normal', size='scalable')) = 10.05
2025-08-03 03:17:10,135 - matplotlib.font_manager - DEBUG - findfont: score(FontEntry(fname='C:\\Windows\\Fonts\\SansSerifCollection.ttf', name='Sans Serif Collection', style='normal', variant='normal', weight=400, stretch='normal', size='scalable')) = 10.05
2025-08-03 03:17:10,136 - matplotlib.font_manager - DEBUG - findfont: score(FontEntry(fname='C:\\Windows\\Fonts\\ARIALN.TTF', name='Arial', style='normal', variant='normal', weight=400, stretch='condensed', size='scalable')) = 6.613636363636363
2025-08-03 03:17:10,137 - matplotlib.font_manager - DEBUG - findfont: score(FontEntry(fname='C:\\Windows\\Fonts\\simsunb.ttf', name='SimSun-ExtB', style='normal', variant='normal', weight=400, stretch='normal', size='scalable')) = 10.05
2025-08-03 03:17:10,145 - matplotlib.font_manager - DEBUG - findfont: score(FontEntry(fname='C:\\Windows\\Fonts\\YuGothM.ttc', name='Yu Gothic', style='normal', variant='normal', weight=500, stretch='normal', size='scalable')) = 10.145
2025-08-03 03:17:10,147 - matplotlib.font_manager - DEBUG - findfont: score(FontEntry(fname='C:\\Windows\\Fonts\\SitkaVF.ttf', name='Sitka', style='normal', variant='normal', weight=400, stretch='normal', size='scalable')) = 10.05
2025-08-03 03:17:10,148 - matplotlib.font_manager - DEBUG - findfont: score(FontEntry(fname='C:\\Windows\\Fonts\\arialbd.ttf', name='Arial', style='normal', variant='normal', weight=700, stretch='normal', size='scalable')) = 6.698636363636363
2025-08-03 03:17:10,148 - matplotlib.font_manager - DEBUG - findfont: score(FontEntry(fname='C:\\Windows\\Fonts\\cambriab.ttf', name='Cambria', style='normal', variant='normal', weight=700, stretch='normal', size='scalable')) = 10.335
2025-08-03 03:17:10,149 - matplotlib.font_manager - DEBUG - findfont: score(FontEntry(fname='C:\\Windows\\Fonts\\BOOKOS.TTF', name='Bookman Old Style', style='normal', variant='normal', weight=300, stretch='normal', size='scalable')) = 10.145
2025-08-03 03:17:10,149 - matplotlib.font_manager - DEBUG - findfont: score(FontEntry(fname='C:\\Windows\\Fonts\\MTCORSVA.TTF', name='Monotype Corsiva', style='normal', variant='normal', weight=400, stretch='normal', size='scalable')) = 10.05
2025-08-03 03:17:10,150 - matplotlib.font_manager - DEBUG - findfont: score(FontEntry(fname='C:\\Windows\\Fonts\\BRADHITC.TTF', name='Bradley Hand ITC', style='normal', variant='normal', weight=400, stretch='normal', size='scalable')) = 10.05
2025-08-03 03:17:10,151 - matplotlib.font_manager - DEBUG - findfont: score(FontEntry(fname='C:\\Windows\\Fonts\\calibriz.ttf', name='Calibri', style='italic', variant='normal', weight=700, stretch='normal', size='scalable')) = 11.335
2025-08-03 03:17:10,151 - matplotlib.font_manager - DEBUG - findfont: score(FontEntry(fname='C:\\Windows\\Fonts\\seguili.ttf', name='Segoe UI', style='italic', variant='normal', weight=300, stretch='normal', size='scalable')) = 11.145
2025-08-03 03:17:10,152 - matplotlib.font_manager - DEBUG - findfont: score(FontEntry(fname='C:\\Windows\\Fonts\\javatext.ttf', name='Javanese Text', style='normal', variant='normal', weight=400, stretch='normal', size='scalable')) = 10.05
2025-08-03 03:17:10,152 - matplotlib.font_manager - DEBUG - findfont: score(FontEntry(fname='C:\\Windows\\Fonts\\framdit.ttf', name='Franklin Gothic Medium', style='italic', variant='normal', weight=400, stretch='normal', size='scalable')) = 11.05
2025-08-03 03:17:10,158 - matplotlib.font_manager - DEBUG - findfont: score(FontEntry(fname='C:\\Windows\\Fonts\\GARA.TTF', name='Garamond', style='normal', variant='normal', weight=400, stretch='normal', size='scalable')) = 10.05
2025-08-03 03:17:10,159 - matplotlib.font_manager - DEBUG - findfont: score(FontEntry(fname='C:\\Windows\\Fonts\\GARAIT.TTF', name='Garamond', style='italic', variant='normal', weight=400, stretch='normal', size='scalable')) = 11.05
2025-08-03 03:17:10,161 - matplotlib.font_manager - DEBUG - findfont: score(FontEntry(fname='C:\\Windows\\Fonts\\pala.ttf', name='Palatino Linotype', style='normal', variant='normal', weight=400, stretch='normal', size='scalable')) = 10.05
2025-08-03 03:17:10,162 - matplotlib.font_manager - DEBUG - findfont: score(FontEntry(fname='C:\\Windows\\Fonts\\constanz.ttf', name='Constantia', style='italic', variant='normal', weight=700, stretch='normal', size='scalable')) = 11.335
2025-08-03 03:17:10,163 - matplotlib.font_manager - DEBUG - findfont: score(FontEntry(fname='C:\\Windows\\Fonts\\trebucit.ttf', name='Trebuchet MS', style='italic', variant='normal', weight=400, stretch='normal', size='scalable')) = 11.05
2025-08-03 03:17:10,163 - matplotlib.font_manager - DEBUG - findfont: score(FontEntry(fname='C:\\Windows\\Fonts\\segoeuiz.ttf', name='Segoe UI', style='italic', variant='normal', weight=700, stretch='normal', size='scalable')) = 11.335
2025-08-03 03:17:10,164 - matplotlib.font_manager - DEBUG - findfont: score(FontEntry(fname='C:\\Windows\\Fonts\\PRISTINA.TTF', name='Pristina', style='normal', variant='normal', weight=400, stretch='normal', size='scalable')) = 10.05
2025-08-03 03:17:10,166 - matplotlib.font_manager - DEBUG - findfont: score(FontEntry(fname='C:\\Windows\\Fonts\\DUBAI-BOLD.TTF', name='Dubai', style='normal', variant='normal', weight=700, stretch='normal', size='scalable')) = 10.335
2025-08-03 03:17:10,167 - matplotlib.font_manager - DEBUG - findfont: score(FontEntry(fname='C:\\Windows\\Fonts\\segoeuii.ttf', name='Segoe UI', style='italic', variant='normal', weight=400, stretch='normal', size='scalable')) = 11.05
2025-08-03 03:17:10,167 - matplotlib.font_manager - DEBUG - findfont: score(FontEntry(fname='C:\\Windows\\Fonts\\PAPYRUS.TTF', name='Papyrus', style='normal', variant='normal', weight=400, stretch='normal', size='scalable')) = 10.05
2025-08-03 03:17:10,168 - matplotlib.font_manager - DEBUG - findfont: score(FontEntry(fname='C:\\Windows\\Fonts\\ntailu.ttf', name='Microsoft New Tai Lue', style='normal', variant='normal', weight=400, stretch='normal', size='scalable')) = 10.05
2025-08-03 03:17:10,169 - matplotlib.font_manager - DEBUG - findfont: score(FontEntry(fname='C:\\Windows\\Fonts\\ANTQUABI.TTF', name='Book Antiqua', style='italic', variant='normal', weight=700, stretch='normal', size='scalable')) = 11.335
2025-08-03 03:17:10,169 - matplotlib.font_manager - DEBUG - findfont: score(FontEntry(fname='C:\\Windows\\Fonts\\corbell.ttf', name='Corbel', style='normal', variant='normal', weight=300, stretch='normal', size='scalable')) = 10.145
2025-08-03 03:17:10,170 - matplotlib.font_manager - DEBUG - findfont: score(FontEntry(fname='C:\\Windows\\Fonts\\gadugi.ttf', name='Gadugi', style='normal', variant='normal', weight=400, stretch='normal', size='scalable')) = 10.05
2025-08-03 03:17:10,179 - matplotlib.font_manager - DEBUG - findfont: score(FontEntry(fname='C:\\Windows\\Fonts\\seguisym.ttf', name='Segoe UI Symbol', style='normal', variant='normal', weight=400, stretch='normal', size='scalable')) = 10.05
2025-08-03 03:17:10,181 - matplotlib.font_manager - DEBUG - findfont: score(FontEntry(fname='C:\\Windows\\Fonts\\couri.ttf', name='Courier New', style='italic', variant='normal', weight=400, stretch='normal', size='scalable')) = 11.05
2025-08-03 03:17:10,182 - matplotlib.font_manager - DEBUG - findfont: score(FontEntry(fname='C:\\Windows\\Fonts\\cambriai.ttf', name='Cambria', style='italic', variant='normal', weight=400, stretch='normal', size='scalable')) = 11.05
2025-08-03 03:17:10,183 - matplotlib.font_manager - DEBUG - findfont: score(FontEntry(fname='C:\\Windows\\Fonts\\ntailub.ttf', name='Microsoft New Tai Lue', style='normal', variant='normal', weight=700, stretch='normal', size='scalable')) = 10.335
2025-08-03 03:17:10,184 - matplotlib.font_manager - DEBUG - findfont: score(FontEntry(fname='C:\\Windows\\Fonts\\msgothic.ttc', name='MS Gothic', style='normal', variant='normal', weight=400, stretch='normal', size='scalable')) = 10.05
2025-08-03 03:17:10,185 - matplotlib.font_manager - DEBUG - findfont: score(FontEntry(fname='C:\\Windows\\Fonts\\Gabriola.ttf', name='Gabriola', style='normal', variant='normal', weight=400, stretch='normal', size='scalable')) = 10.05
2025-08-03 03:17:10,187 - matplotlib.font_manager - DEBUG - findfont: score(FontEntry(fname='C:\\Windows\\Fonts\\segoeuisl.ttf', name='Segoe UI', style='normal', variant='normal', weight=350, stretch='normal', size='scalable')) = 10.0975
2025-08-03 03:17:10,191 - matplotlib.font_manager - DEBUG - findfont: score(FontEntry(fname='C:\\Windows\\Fonts\\GOTHIC.TTF', name='Century Gothic', style='normal', variant='normal', weight=400, stretch='normal', size='scalable')) = 10.05
2025-08-03 03:17:10,192 - matplotlib.font_manager - DEBUG - findfont: score(FontEntry(fname='C:\\Windows\\Fonts\\LEELAWAD.TTF', name='Leelawadee', style='normal', variant='normal', weight=400, stretch='normal', size='scalable')) = 10.05
2025-08-03 03:17:10,194 - matplotlib.font_manager - DEBUG - findfont: score(FontEntry(fname='C:\\Windows\\Fonts\\malgunsl.ttf', name='Malgun Gothic', style='normal', variant='normal', weight=300, stretch='normal', size='scalable')) = 10.145
2025-08-03 03:17:10,195 - matplotlib.font_manager - DEBUG - findfont: score(FontEntry(fname='C:\\Windows\\Fonts\\trebucbi.ttf', name='Trebuchet MS', style='italic', variant='normal', weight=700, stretch='normal', size='scalable')) = 11.335
2025-08-03 03:17:10,196 - matplotlib.font_manager - DEBUG - findfont: score(FontEntry(fname='C:\\Windows\\Fonts\\FREESCPT.TTF', name='Freestyle Script', style='normal', variant='normal', weight=400, stretch='normal', size='scalable')) = 10.05
2025-08-03 03:17:10,197 - matplotlib.font_manager - DEBUG - findfont: score(FontEntry(fname='C:\\Windows\\Fonts\\MSUIGHUB.TTF', name='Microsoft Uighur', style='normal', variant='normal', weight=700, stretch='normal', size='scalable')) = 10.335
2025-08-03 03:17:10,198 - matplotlib.font_manager - DEBUG - findfont: score(FontEntry(fname='C:\\Windows\\Fonts\\segmdl2.ttf', name='Segoe MDL2 Assets', style='normal', variant='normal', weight=400, stretch='normal', size='scalable')) = 10.05
2025-08-03 03:17:10,199 - matplotlib.font_manager - DEBUG - findfont: score(FontEntry(fname='C:\\Windows\\Fonts\\seguisbi.ttf', name='Segoe UI', style='italic', variant='normal', weight=600, stretch='normal', size='scalable')) = 11.24
2025-08-03 03:17:10,200 - matplotlib.font_manager - DEBUG - findfont: score(FontEntry(fname='C:\\Windows\\Fonts\\simsun.ttc', name='SimSun', style='normal', variant='normal', weight=400, stretch='normal', size='scalable')) = 10.05
2025-08-03 03:17:10,200 - matplotlib.font_manager - DEBUG - findfont: score(FontEntry(fname='C:\\Windows\\Fonts\\palabi.ttf', name='Palatino Linotype', style='italic', variant='normal', weight=700, stretch='normal', size='scalable')) = 11.335
2025-08-03 03:17:10,202 - matplotlib.font_manager - DEBUG - findfont: score(FontEntry(fname='C:\\Windows\\Fonts\\LeelaUIb.ttf', name='Leelawadee UI', style='normal', variant='normal', weight=700, stretch='normal', size='scalable')) = 10.335
2025-08-03 03:17:10,203 - matplotlib.font_manager - DEBUG - findfont: score(FontEntry(fname='C:\\Windows\\Fonts\\courbi.ttf', name='Courier New', style='italic', variant='normal', weight=700, stretch='normal', size='scalable')) = 11.335
2025-08-03 03:17:10,208 - matplotlib.font_manager - DEBUG - findfont: score(FontEntry(fname='C:\\Windows\\Fonts\\msyi.ttf', name='Microsoft Yi Baiti', style='normal', variant='normal', weight=400, stretch='normal', size='scalable')) = 10.05
2025-08-03 03:17:10,209 - matplotlib.font_manager - DEBUG - findfont: score(FontEntry(fname='C:\\Windows\\Fonts\\CascadiaMono.ttf', name='Cascadia Mono', style='normal', variant='normal', weight=400, stretch='normal', size='scalable')) = 10.05
2025-08-03 03:17:10,210 - matplotlib.font_manager - DEBUG - findfont: score(FontEntry(fname='C:\\Windows\\Fonts\\mmrtext.ttf', name='Myanmar Text', style='normal', variant='normal', weight=400, stretch='normal', size='scalable')) = 10.05
2025-08-03 03:17:10,212 - matplotlib.font_manager - DEBUG - findfont: score(FontEntry(fname='C:\\Windows\\Fonts\\times.ttf', name='Times New Roman', style='normal', variant='normal', weight=400, stretch='normal', size='scalable')) = 10.05
2025-08-03 03:17:10,213 - matplotlib.font_manager - DEBUG - findfont: score(FontEntry(fname='C:\\Windows\\Fonts\\Candarai.ttf', name='Candara', style='italic', variant='normal', weight=400, stretch='normal', size='scalable')) = 11.05
2025-08-03 03:17:10,214 - matplotlib.font_manager - DEBUG - findfont: score(FontEntry(fname='C:\\Windows\\Fonts\\WINGDNG2.TTF', name='Wingdings 2', style='normal', variant='normal', weight=400, stretch='normal', size='scalable')) = 10.05
2025-08-03 03:17:10,215 - matplotlib.font_manager - DEBUG - findfont: score(FontEntry(fname='C:\\Windows\\Fonts\\Candara.ttf', name='Candara', style='normal', variant='normal', weight=400, stretch='normal', size='scalable')) = 10.05
2025-08-03 03:17:10,216 - matplotlib.font_manager - DEBUG - findfont: score(FontEntry(fname='C:\\Windows\\Fonts\\consolab.ttf', name='Consolas', style='normal', variant='normal', weight=700, stretch='normal', size='scalable')) = 10.335
2025-08-03 03:17:10,218 - matplotlib.font_manager - DEBUG - findfont: score(FontEntry(fname='C:\\Windows\\Fonts\\SitkaVF-Italic.ttf', name='Sitka', style='italic', variant='normal', weight=400, stretch='normal', size='scalable')) = 11.05
2025-08-03 03:17:10,220 - matplotlib.font_manager - DEBUG - findfont: score(FontEntry(fname='C:\\Windows\\Fonts\\tahoma.ttf', name='Tahoma', style='normal', variant='normal', weight=400, stretch='normal', size='scalable')) = 10.05
2025-08-03 03:17:10,228 - matplotlib.font_manager - DEBUG - findfont: score(FontEntry(fname='C:\\Windows\\Fonts\\bahnschrift.ttf', name='Bahnschrift', style='normal', variant='normal', weight=400, stretch='normal', size='scalable')) = 10.05
2025-08-03 03:17:10,230 - matplotlib.font_manager - DEBUG - findfont: score(FontEntry(fname='C:\\Windows\\Fonts\\BOOKOSBI.TTF', name='Bookman Old Style', style='italic', variant='normal', weight=600, stretch='normal', size='scalable')) = 11.24
2025-08-03 03:17:10,231 - matplotlib.font_manager - DEBUG - findfont: score(FontEntry(fname='C:\\Windows\\Fonts\\timesbi.ttf', name='Times New Roman', style='italic', variant='normal', weight=700, stretch='normal', size='scalable')) = 11.335
2025-08-03 03:17:10,232 - matplotlib.font_manager - DEBUG - findfont: score(FontEntry(fname='C:\\Windows\\Fonts\\GOTHICB.TTF', name='Century Gothic', style='normal', variant='normal', weight=700, stretch='normal', size='scalable')) = 10.335
2025-08-03 03:17:10,234 - matplotlib.font_manager - DEBUG - findfont: score(FontEntry(fname='C:\\Windows\\Fonts\\MTEXTRA.TTF', name='MT Extra', style='normal', variant='normal', weight=400, stretch='normal', size='scalable')) = 10.05
2025-08-03 03:17:10,235 - matplotlib.font_manager - DEBUG - findfont: score(FontEntry(fname='C:\\Windows\\Fonts\\HATTEN.TTF', name='Haettenschweiler', style='normal', variant='normal', weight=400, stretch='normal', size='scalable')) = 10.05
2025-08-03 03:17:10,235 - matplotlib.font_manager - DEBUG - findfont: score(FontEntry(fname='C:\\Windows\\Fonts\\ANTQUAB.TTF', name='Book Antiqua', style='normal', variant='normal', weight=700, stretch='normal', size='scalable')) = 10.335
2025-08-03 03:17:10,236 - matplotlib.font_manager - DEBUG - findfont: score(FontEntry(fname='C:\\Windows\\Fonts\\constanb.ttf', name='Constantia', style='normal', variant='normal', weight=700, stretch='normal', size='scalable')) = 10.335
2025-08-03 03:17:10,243 - matplotlib.font_manager - DEBUG - findfont: score(FontEntry(fname='C:\\Windows\\Fonts\\DUBAI-REGULAR.TTF', name='Dubai', style='normal', variant='normal', weight=400, stretch='normal', size='scalable')) = 10.05
2025-08-03 03:17:10,245 - matplotlib.font_manager - DEBUG - findfont: score(FontEntry(fname='C:\\Windows\\Fonts\\REFSAN.TTF', name='MS Reference Sans Serif', style='normal', variant='normal', weight=400, stretch='normal', size='scalable')) = 10.05
2025-08-03 03:17:10,247 - matplotlib.font_manager - DEBUG - findfont: score(FontEntry(fname='C:\\Windows\\Fonts\\consolai.ttf', name='Consolas', style='italic', variant='normal', weight=400, stretch='normal', size='scalable')) = 11.05
2025-08-03 03:17:10,248 - matplotlib.font_manager - DEBUG - findfont: score(FontEntry(fname='C:\\Windows\\Fonts\\LeelUIsl.ttf', name='Leelawadee UI', style='normal', variant='normal', weight=350, stretch='normal', size='scalable')) = 10.0975
2025-08-03 03:17:10,249 - matplotlib.font_manager - DEBUG - findfont: score(FontEntry(fname='C:\\Windows\\Fonts\\comicz.ttf', name='Comic Sans MS', style='italic', variant='normal', weight=700, stretch='normal', size='scalable')) = 11.335
2025-08-03 03:17:10,250 - matplotlib.font_manager - DEBUG - findfont: score(FontEntry(fname='C:\\Windows\\Fonts\\msyh.ttc', name='Microsoft YaHei', style='normal', variant='normal', weight=400, stretch='normal', size='scalable')) = 10.05
2025-08-03 03:17:10,251 - matplotlib.font_manager - DEBUG - findfont: score(FontEntry(fname='C:\\Windows\\Fonts\\Candaral.ttf', name='Candara', style='normal', variant='normal', weight=400, stretch='normal', size='scalable')) = 10.05
2025-08-03 03:17:10,252 - matplotlib.font_manager - DEBUG - findfont: score(FontEntry(fname='C:\\Windows\\Fonts\\msyhbd.ttc', name='Microsoft YaHei', style='normal', variant='normal', weight=700, stretch='normal', size='scalable')) = 10.335
2025-08-03 03:17:10,253 - matplotlib.font_manager - DEBUG - findfont: score(FontEntry(fname='C:\\Windows\\Fonts\\SimsunExtG.ttf', name='SimSun-ExtG', style='normal', variant='normal', weight=400, stretch='normal', size='scalable')) = 10.05
2025-08-03 03:17:10,259 - matplotlib.font_manager - DEBUG - findfont: score(FontEntry(fname='C:\\Windows\\Fonts\\seguihis.ttf', name='Segoe UI Historic', style='normal', variant='normal', weight=400, stretch='normal', size='scalable')) = 10.05
2025-08-03 03:17:10,262 - matplotlib.font_manager - DEBUG - findfont: score(FontEntry(fname='C:\\Windows\\Fonts\\lucon.ttf', name='Lucida Console', style='normal', variant='normal', weight=400, stretch='normal', size='scalable')) = 10.05
2025-08-03 03:17:10,263 - matplotlib.font_manager - DEBUG - findfont: score(FontEntry(fname='C:\\Windows\\Fonts\\YuGothB.ttc', name='Yu Gothic', style='normal', variant='normal', weight=700, stretch='normal', size='scalable')) = 10.335
2025-08-03 03:17:10,264 - matplotlib.font_manager - DEBUG - findfont: score(FontEntry(fname='C:\\Windows\\Fonts\\seguisb.ttf', name='Segoe UI', style='normal', variant='normal', weight=600, stretch='normal', size='scalable')) = 10.24
2025-08-03 03:17:10,265 - matplotlib.font_manager - DEBUG - findfont: score(FontEntry(fname='C:\\Windows\\Fonts\\ARIALNB.TTF', name='Arial', style='normal', variant='normal', weight=700, stretch='condensed', size='scalable')) = 6.8986363636363635
2025-08-03 03:17:10,266 - matplotlib.font_manager - DEBUG - findfont: score(FontEntry(fname='C:\\Windows\\Fonts\\calibrili.ttf', name='Calibri', style='italic', variant='normal', weight=300, stretch='normal', size='scalable')) = 11.145
2025-08-03 03:17:10,267 - matplotlib.font_manager - DEBUG - findfont: score(FontEntry(fname='C:\\Windows\\Fonts\\MISTRAL.TTF', name='Mistral', style='normal', variant='normal', weight=400, stretch='normal', size='scalable')) = 10.05
2025-08-03 03:17:10,268 - matplotlib.font_manager - DEBUG - findfont: score(FontEntry(fname='C:\\Windows\\Fonts\\taile.ttf', name='Microsoft Tai Le', style='normal', variant='normal', weight=400, stretch='normal', size='scalable')) = 10.05
2025-08-03 03:17:10,269 - matplotlib.font_manager - DEBUG - findfont: score(FontEntry(fname='C:\\Windows\\Fonts\\consolaz.ttf', name='Consolas', style='italic', variant='normal', weight=700, stretch='normal', size='scalable')) = 11.335
2025-08-03 03:17:10,271 - matplotlib.font_manager - DEBUG - findfont: score(FontEntry(fname='C:\\Windows\\Fonts\\tahomabd.ttf', name='Tahoma', style='normal', variant='normal', weight=700, stretch='normal', size='scalable')) = 10.335
2025-08-03 03:17:10,275 - matplotlib.font_manager - DEBUG - findfont: score(FontEntry(fname='C:\\Windows\\Fonts\\seguiemj.ttf', name='Segoe UI Emoji', style='normal', variant='normal', weight=400, stretch='normal', size='scalable')) = 10.05
2025-08-03 03:17:10,277 - matplotlib.font_manager - DEBUG - findfont: score(FontEntry(fname='C:\\Windows\\Fonts\\corbeli.ttf', name='Corbel', style='italic', variant='normal', weight=400, stretch='normal', size='scalable')) = 11.05
2025-08-03 03:17:10,280 - matplotlib.font_manager - DEBUG - findfont: score(FontEntry(fname='C:\\Windows\\Fonts\\segoepr.ttf', name='Segoe Print', style='normal', variant='normal', weight=400, stretch='normal', size='scalable')) = 10.05
2025-08-03 03:17:10,281 - matplotlib.font_manager - DEBUG - findfont: score(FontEntry(fname='C:\\Windows\\Fonts\\SegUIVar.ttf', name='Segoe UI Variable', style='normal', variant='normal', weight=400, stretch='normal', size='scalable')) = 10.05
2025-08-03 03:17:10,282 - matplotlib.font_manager - DEBUG - findfont: score(FontEntry(fname='C:\\Windows\\Fonts\\seguibli.ttf', name='Segoe UI', style='italic', variant='normal', weight=900, stretch='normal', size='scalable')) = 11.525
2025-08-03 03:17:10,282 - matplotlib.font_manager - DEBUG - findfont: score(FontEntry(fname='C:\\Windows\\Fonts\\arial.ttf', name='Arial', style='normal', variant='normal', weight=400, stretch='normal', size='scalable')) = 6.413636363636363
2025-08-03 03:17:10,283 - matplotlib.font_manager - DEBUG - findfont: score(FontEntry(fname='C:\\Windows\\Fonts\\ARIALNBI.TTF', name='Arial', style='italic', variant='normal', weight=700, stretch='condensed', size='scalable')) = 7.8986363636363635
2025-08-03 03:17:10,284 - matplotlib.font_manager - DEBUG - findfont: score(FontEntry(fname='C:\\Windows\\Fonts\\courbd.ttf', name='Courier New', style='normal', variant='normal', weight=700, stretch='normal', size='scalable')) = 10.335
2025-08-03 03:17:10,284 - matplotlib.font_manager - DEBUG - findfont: score(FontEntry(fname='C:\\Windows\\Fonts\\Candarali.ttf', name='Candara', style='italic', variant='normal', weight=400, stretch='normal', size='scalable')) = 11.05
2025-08-03 03:17:10,285 - matplotlib.font_manager - DEBUG - findfont: score(FontEntry(fname='C:\\Windows\\Fonts\\corbelli.ttf', name='Corbel', style='italic', variant='normal', weight=300, stretch='normal', size='scalable')) = 11.145
2025-08-03 03:17:10,286 - matplotlib.font_manager - DEBUG - findfont: score(FontEntry(fname='C:\\Windows\\Fonts\\corbel.ttf', name='Corbel', style='normal', variant='normal', weight=400, stretch='normal', size='scalable')) = 10.05
2025-08-03 03:17:10,286 - matplotlib.font_manager - DEBUG - findfont: score(FontEntry(fname='C:\\Windows\\Fonts\\BOOKOSB.TTF', name='Bookman Old Style', style='normal', variant='normal', weight=600, stretch='normal', size='scalable')) = 10.24
2025-08-03 03:17:10,292 - matplotlib.font_manager - DEBUG - findfont: score(FontEntry(fname='C:\\Windows\\Fonts\\seguisli.ttf', name='Segoe UI', style='italic', variant='normal', weight=350, stretch='normal', size='scalable')) = 11.0975
2025-08-03 03:17:10,294 - matplotlib.font_manager - DEBUG - findfont: score(FontEntry(fname='C:\\Windows\\Fonts\\symbol.ttf', name='Symbol', style='normal', variant='normal', weight=400, stretch='normal', size='scalable')) = 10.05
2025-08-03 03:17:10,298 - matplotlib.font_manager - DEBUG - findfont: score(FontEntry(fname='C:\\Windows\\Fonts\\ariali.ttf', name='Arial', style='italic', variant='normal', weight=400, stretch='normal', size='scalable')) = 7.413636363636363
2025-08-03 03:17:10,300 - matplotlib.font_manager - DEBUG - findfont: score(FontEntry(fname='C:\\Windows\\Fonts\\timesi.ttf', name='Times New Roman', style='italic', variant='normal', weight=400, stretch='normal', size='scalable')) = 11.05
2025-08-03 03:17:10,300 - matplotlib.font_manager - DEBUG - findfont: score(FontEntry(fname='C:\\Windows\\Fonts\\cambriaz.ttf', name='Cambria', style='italic', variant='normal', weight=700, stretch='normal', size='scalable')) = 11.335
2025-08-03 03:17:10,301 - matplotlib.font_manager - DEBUG - findfont: score(FontEntry(fname='C:\\Windows\\Fonts\\REFSPCL.TTF', name='MS Reference Specialty', style='normal', variant='normal', weight=400, stretch='normal', size='scalable')) = 10.05
2025-08-03 03:17:10,302 - matplotlib.font_manager - DEBUG - findfont: score(FontEntry(fname='C:\\Windows\\Fonts\\segoeui.ttf', name='Segoe UI', style='normal', variant='normal', weight=400, stretch='normal', size='scalable')) = 10.05
2025-08-03 03:17:10,303 - matplotlib.font_manager - DEBUG - findfont: score(FontEntry(fname='C:\\Windows\\Fonts\\ARIALNI.TTF', name='Arial', style='italic', variant='normal', weight=400, stretch='condensed', size='scalable')) = 7.613636363636363
2025-08-03 03:17:10,310 - matplotlib.font_manager - DEBUG - findfont: score(FontEntry(fname='C:\\Windows\\Fonts\\Inkfree.ttf', name='Ink Free', style='normal', variant='normal', weight=400, stretch='normal', size='scalable')) = 10.05
2025-08-03 03:17:10,314 - matplotlib.font_manager - DEBUG - findfont: score(FontEntry(fname='C:\\Windows\\Fonts\\DUBAI-MEDIUM.TTF', name='Dubai', style='normal', variant='normal', weight=500, stretch='normal', size='scalable')) = 10.145
2025-08-03 03:17:10,314 - matplotlib.font_manager - DEBUG - findfont: score(FontEntry(fname='C:\\Windows\\Fonts\\comicbd.ttf', name='Comic Sans MS', style='normal', variant='normal', weight=700, stretch='normal', size='scalable')) = 10.335
2025-08-03 03:17:10,316 - matplotlib.font_manager - DEBUG - findfont: score(FontEntry(fname='C:\\Windows\\Fonts\\YuGothL.ttc', name='Yu Gothic', style='normal', variant='normal', weight=300, stretch='normal', size='scalable')) = 10.145
2025-08-03 03:17:10,317 - matplotlib.font_manager - DEBUG - findfont: score(FontEntry(fname='C:\\Windows\\Fonts\\webdings.ttf', name='Webdings', style='normal', variant='normal', weight=400, stretch='normal', size='scalable')) = 10.05
2025-08-03 03:17:10,318 - matplotlib.font_manager - DEBUG - findfont: score(FontEntry(fname='C:\\Windows\\Fonts\\framd.ttf', name='Franklin Gothic Medium', style='normal', variant='normal', weight=400, stretch='normal', size='scalable')) = 10.05
2025-08-03 03:17:10,319 - matplotlib.font_manager - DEBUG - findfont: score(FontEntry(fname='C:\\Windows\\Fonts\\msjh.ttc', name='Microsoft JhengHei', style='normal', variant='normal', weight=400, stretch='normal', size='scalable')) = 10.05
2025-08-03 03:17:10,319 - matplotlib.font_manager - DEBUG - findfont: score(FontEntry(fname='C:\\Windows\\Fonts\\l_10646.ttf', name='Lucida Sans Unicode', style='normal', variant='normal', weight=400, stretch='normal', size='scalable')) = 10.05
2025-08-03 03:17:10,330 - matplotlib.font_manager - DEBUG - findfont: score(FontEntry(fname='C:\\Windows\\Fonts\\LHANDW.TTF', name='Lucida Handwriting', style='italic', variant='normal', weight=400, stretch='normal', size='scalable')) = 11.05
2025-08-03 03:17:10,331 - matplotlib.font_manager - DEBUG - findfont: score(FontEntry(fname='C:\\Windows\\Fonts\\trebucbd.ttf', name='Trebuchet MS', style='normal', variant='normal', weight=700, stretch='normal', size='scalable')) = 10.335
2025-08-03 03:17:10,333 - matplotlib.font_manager - DEBUG - findfont: score(FontEntry(fname='C:\\Windows\\Fonts\\segoesc.ttf', name='Segoe Script', style='normal', variant='normal', weight=400, stretch='normal', size='scalable')) = 10.05
2025-08-03 03:17:10,334 - matplotlib.font_manager - DEBUG - findfont: score(FontEntry(fname='C:\\Windows\\Fonts\\MSUIGHUR.TTF', name='Microsoft Uighur', style='normal', variant='normal', weight=400, stretch='normal', size='scalable')) = 10.05
2025-08-03 03:17:10,335 - matplotlib.font_manager - DEBUG - findfont: score(FontEntry(fname='C:\\Windows\\Fonts\\CascadiaCode.ttf', name='Cascadia Code', style='normal', variant='normal', weight=400, stretch='normal', size='scalable')) = 10.05
2025-08-03 03:17:10,336 - matplotlib.font_manager - DEBUG - findfont: score(FontEntry(fname='C:\\Windows\\Fonts\\comic.ttf', name='Comic Sans MS', style='normal', variant='normal', weight=400, stretch='normal', size='scalable')) = 10.05
2025-08-03 03:17:10,343 - matplotlib.font_manager - DEBUG - findfont: score(FontEntry(fname='C:\\Windows\\Fonts\\GOTHICI.TTF', name='Century Gothic', style='italic', variant='normal', weight=400, stretch='normal', size='scalable')) = 11.05
2025-08-03 03:17:10,347 - matplotlib.font_manager - DEBUG - findfont: score(FontEntry(fname='C:\\Windows\\Fonts\\SegoeIcons.ttf', name='Segoe Fluent Icons', style='normal', variant='normal', weight=400, stretch='normal', size='scalable')) = 10.05
2025-08-03 03:17:10,350 - matplotlib.font_manager - DEBUG - findfont: score(FontEntry(fname='C:\\Windows\\Fonts\\verdanaz.ttf', name='Verdana', style='italic', variant='normal', weight=700, stretch='normal', size='scalable')) = 4.971363636363637
2025-08-03 03:17:10,353 - matplotlib.font_manager - DEBUG - findfont: score(FontEntry(fname='C:\\Windows\\Fonts\\cour.ttf', name='Courier New', style='normal', variant='normal', weight=400, stretch='normal', size='scalable')) = 10.05
2025-08-03 03:17:10,363 - matplotlib.font_manager - DEBUG - findfont: score(FontEntry(fname='C:\\Windows\\Fonts\\BOOKOSI.TTF', name='Bookman Old Style', style='italic', variant='normal', weight=300, stretch='normal', size='scalable')) = 11.145
2025-08-03 03:17:10,364 - matplotlib.font_manager - DEBUG - findfont: score(FontEntry(fname='C:\\Windows\\Fonts\\mingliub.ttc', name='MingLiU-ExtB', style='normal', variant='normal', weight=400, stretch='normal', size='scalable')) = 10.05
2025-08-03 03:17:10,365 - matplotlib.font_manager - DEBUG - findfont: score(FontEntry(fname='C:\\Windows\\Fonts\\segoeuib.ttf', name='Segoe UI', style='normal', variant='normal', weight=700, stretch='normal', size='scalable')) = 10.335
2025-08-03 03:17:10,368 - matplotlib.font_manager - DEBUG - findfont: score(FontEntry(fname='C:\\Windows\\Fonts\\taileb.ttf', name='Microsoft Tai Le', style='normal', variant='normal', weight=700, stretch='normal', size='scalable')) = 10.335
2025-08-03 03:17:10,369 - matplotlib.font_manager - DEBUG - findfont: score(FontEntry(fname='C:\\Windows\\Fonts\\calibrib.ttf', name='Calibri', style='normal', variant='normal', weight=700, stretch='normal', size='scalable')) = 10.335
2025-08-03 03:17:10,378 - matplotlib.font_manager - DEBUG - findfont: score(FontEntry(fname='C:\\Windows\\Fonts\\CENTURY.TTF', name='Century', style='normal', variant='normal', weight=400, stretch='normal', size='scalable')) = 10.05
2025-08-03 03:17:10,381 - matplotlib.font_manager - DEBUG - findfont: score(FontEntry(fname='C:\\Windows\\Fonts\\Nirmala.ttc', name='Nirmala UI', style='normal', variant='normal', weight=400, stretch='normal', size='scalable')) = 10.05
2025-08-03 03:17:10,384 - matplotlib.font_manager - DEBUG - findfont: score(FontEntry(fname='C:\\Windows\\Fonts\\georgiab.ttf', name='Georgia', style='normal', variant='normal', weight=700, stretch='normal', size='scalable')) = 10.335
2025-08-03 03:17:10,395 - matplotlib.font_manager - DEBUG - findfont: score(FontEntry(fname='C:\\Windows\\Fonts\\seguibl.ttf', name='Segoe UI', style='normal', variant='normal', weight=900, stretch='normal', size='scalable')) = 10.525
2025-08-03 03:17:10,400 - matplotlib.font_manager - DEBUG - findfont: score(FontEntry(fname='C:\\Windows\\Fonts\\himalaya.ttf', name='Microsoft Himalaya', style='normal', variant='normal', weight=400, stretch='normal', size='scalable')) = 10.05
2025-08-03 03:17:10,402 - matplotlib.font_manager - DEBUG - findfont: score(FontEntry(fname='C:\\Windows\\Fonts\\WINGDNG3.TTF', name='Wingdings 3', style='normal', variant='normal', weight=400, stretch='normal', size='scalable')) = 10.05
2025-08-03 03:17:10,409 - matplotlib.font_manager - DEBUG - findfont: score(FontEntry(fname='C:\\Windows\\Fonts\\LeelawUI.ttf', name='Leelawadee UI', style='normal', variant='normal', weight=400, stretch='normal', size='scalable')) = 10.05
2025-08-03 03:17:10,415 - matplotlib.font_manager - DEBUG - findfont: score(FontEntry(fname='C:\\Windows\\Fonts\\msyhl.ttc', name='Microsoft YaHei', style='normal', variant='normal', weight=290, stretch='normal', size='scalable')) = 10.1545
2025-08-03 03:17:10,416 - matplotlib.font_manager - DEBUG - findfont: score(FontEntry(fname='C:\\Windows\\Fonts\\mvboli.ttf', name='MV Boli', style='normal', variant='normal', weight=400, stretch='normal', size='scalable')) = 10.05
2025-08-03 03:17:10,418 - matplotlib.font_manager - DEBUG - findfont: score(FontEntry(fname='C:\\Windows\\Fonts\\phagspa.ttf', name='Microsoft PhagsPa', style='normal', variant='normal', weight=400, stretch='normal', size='scalable')) = 10.05
2025-08-03 03:17:10,420 - matplotlib.font_manager - DEBUG - findfont: score(FontEntry(fname='C:\\Windows\\Fonts\\trebuc.ttf', name='Trebuchet MS', style='normal', variant='normal', weight=400, stretch='normal', size='scalable')) = 10.05
2025-08-03 03:17:10,430 - matplotlib.font_manager - DEBUG - findfont: score(FontEntry(fname='C:\\Windows\\Fonts\\GOTHICBI.TTF', name='Century Gothic', style='italic', variant='normal', weight=700, stretch='normal', size='scalable')) = 11.335
2025-08-03 03:17:10,432 - matplotlib.font_manager - DEBUG - findfont: score(FontEntry(fname='C:\\Windows\\Fonts\\phagspab.ttf', name='Microsoft PhagsPa', style='normal', variant='normal', weight=700, stretch='normal', size='scalable')) = 10.335
2025-08-03 03:17:10,433 - matplotlib.font_manager - DEBUG - findfont: score(FontEntry(fname='C:\\Windows\\Fonts\\verdanai.ttf', name='Verdana', style='italic', variant='normal', weight=400, stretch='normal', size='scalable')) = 4.6863636363636365
2025-08-03 03:17:10,436 - matplotlib.font_manager - DEBUG - findfont: score(FontEntry(fname='C:\\Windows\\Fonts\\verdana.ttf', name='Verdana', style='normal', variant='normal', weight=400, stretch='normal', size='scalable')) = 3.6863636363636365
2025-08-03 03:17:10,446 - matplotlib.font_manager - DEBUG - findfont: score(FontEntry(fname='C:\\Windows\\Fonts\\verdanab.ttf', name='Verdana', style='normal', variant='normal', weight=700, stretch='normal', size='scalable')) = 3.9713636363636367
2025-08-03 03:17:10,447 - matplotlib.font_manager - DEBUG - findfont: score(FontEntry(fname='C:\\Windows\\Fonts\\msjhbd.ttc', name='Microsoft JhengHei', style='normal', variant='normal', weight=700, stretch='normal', size='scalable')) = 10.335
2025-08-03 03:17:10,448 - matplotlib.font_manager - DEBUG - findfont: score(FontEntry(fname='C:\\Windows\\Fonts\\gadugib.ttf', name='Gadugi', style='normal', variant='normal', weight=700, stretch='normal', size='scalable')) = 10.335
2025-08-03 03:17:10,449 - matplotlib.font_manager - DEBUG - findfont: score(FontEntry(fname='C:\\Windows\\Fonts\\consola.ttf', name='Consolas', style='normal', variant='normal', weight=400, stretch='normal', size='scalable')) = 10.05
2025-08-03 03:17:10,450 - matplotlib.font_manager - DEBUG - findfont: score(FontEntry(fname='C:\\Windows\\Fonts\\malgunbd.ttf', name='Malgun Gothic', style='normal', variant='normal', weight=700, stretch='normal', size='scalable')) = 10.335
2025-08-03 03:17:10,452 - matplotlib.font_manager - DEBUG - findfont: score(FontEntry(fname='C:\\Windows\\Fonts\\OUTLOOK.TTF', name='MS Outlook', style='normal', variant='normal', weight=400, stretch='normal', size='scalable')) = 10.05
2025-08-03 03:17:10,461 - matplotlib.font_manager - DEBUG - findfont: score(FontEntry(fname='C:\\Windows\\Fonts\\BSSYM7.TTF', name='Bookshelf Symbol 7', style='normal', variant='normal', weight=400, stretch='normal', size='scalable')) = 10.05
2025-08-03 03:17:10,463 - matplotlib.font_manager - DEBUG - findfont: score(FontEntry(fname='C:\\Windows\\Fonts\\ebrimabd.ttf', name='Ebrima', style='normal', variant='normal', weight=700, stretch='normal', size='scalable')) = 10.335
2025-08-03 03:17:10,464 - matplotlib.font_manager - DEBUG - findfont: score(FontEntry(fname='C:\\Windows\\Fonts\\palab.ttf', name='Palatino Linotype', style='normal', variant='normal', weight=700, stretch='normal', size='scalable')) = 10.335
2025-08-03 03:17:10,469 - matplotlib.font_manager - DEBUG - findfont: score(FontEntry(fname='C:\\Windows\\Fonts\\ANTQUAI.TTF', name='Book Antiqua', style='italic', variant='normal', weight=400, stretch='normal', size='scalable')) = 11.05
2025-08-03 03:17:10,479 - matplotlib.font_manager - DEBUG - findfont: score(FontEntry(fname='C:\\Windows\\Fonts\\calibrii.ttf', name='Calibri', style='italic', variant='normal', weight=400, stretch='normal', size='scalable')) = 11.05
2025-08-03 03:17:10,486 - matplotlib.font_manager - DEBUG - findfont: score(FontEntry(fname='C:\\Windows\\Fonts\\georgiaz.ttf', name='Georgia', style='italic', variant='normal', weight=700, stretch='normal', size='scalable')) = 11.335
2025-08-03 03:17:10,499 - matplotlib.font_manager - DEBUG - findfont: score(FontEntry(fname='C:\\Windows\\Fonts\\constani.ttf', name='Constantia', style='italic', variant='normal', weight=400, stretch='normal', size='scalable')) = 11.05
2025-08-03 03:17:10,502 - matplotlib.font_manager - DEBUG - findfont: score(FontEntry(fname='C:\\Windows\\Fonts\\wingding.ttf', name='Wingdings', style='normal', variant='normal', weight=400, stretch='normal', size='scalable')) = 10.05
2025-08-03 03:17:10,511 - matplotlib.font_manager - DEBUG - findfont: score(FontEntry(fname='C:\\Windows\\Fonts\\calibri.ttf', name='Calibri', style='normal', variant='normal', weight=400, stretch='normal', size='scalable')) = 10.05
2025-08-03 03:17:10,517 - matplotlib.font_manager - DEBUG - findfont: score(FontEntry(fname='C:\\Windows\\Fonts\\ebrima.ttf', name='Ebrima', style='normal', variant='normal', weight=400, stretch='normal', size='scalable')) = 10.05
2025-08-03 03:17:10,529 - matplotlib.font_manager - DEBUG - findfont: score(FontEntry(fname='C:\\Windows\\Fonts\\YuGothR.ttc', name='Yu Gothic', style='normal', variant='normal', weight=400, stretch='normal', size='scalable')) = 10.05
2025-08-03 03:17:10,532 - matplotlib.font_manager - DEBUG - findfont: score(FontEntry(fname='C:\\Windows\\Fonts\\segoescb.ttf', name='Segoe Script', style='normal', variant='normal', weight=700, stretch='normal', size='scalable')) = 10.335
2025-08-03 03:17:10,533 - matplotlib.font_manager - DEBUG - findfont: score(FontEntry(fname='C:\\Windows\\Fonts\\msjhl.ttc', name='Microsoft JhengHei', style='normal', variant='normal', weight=290, stretch='normal', size='scalable')) = 10.1545
2025-08-03 03:17:10,534 - matplotlib.font_manager - DEBUG - findfont: score(FontEntry(fname='C:\\Windows\\Fonts\\comici.ttf', name='Comic Sans MS', style='italic', variant='normal', weight=400, stretch='normal', size='scalable')) = 11.05
2025-08-03 03:17:10,535 - matplotlib.font_manager - DEBUG - findfont: score(FontEntry(fname='C:\\Windows\\Fonts\\sylfaen.ttf', name='Sylfaen', style='normal', variant='normal', weight=400, stretch='normal', size='scalable')) = 10.05
2025-08-03 03:17:10,541 - matplotlib.font_manager - DEBUG - findfont: score(FontEntry(fname='C:\\Windows\\Fonts\\Candaraz.ttf', name='Candara', style='italic', variant='normal', weight=700, stretch='normal', size='scalable')) = 11.335
2025-08-03 03:17:10,543 - matplotlib.font_manager - DEBUG - findfont: score(FontEntry(fname='C:\\Windows\\Fonts\\segoeuil.ttf', name='Segoe UI', style='normal', variant='normal', weight=300, stretch='normal', size='scalable')) = 10.145
2025-08-03 03:17:10,546 - matplotlib.font_manager - DEBUG - findfont: score(FontEntry(fname='C:\\Windows\\Fonts\\BKANT.TTF', name='Book Antiqua', style='normal', variant='normal', weight=400, stretch='normal', size='scalable')) = 10.05
2025-08-03 03:17:10,547 - matplotlib.font_manager - DEBUG - findfont: score(FontEntry(fname='C:\\Windows\\Fonts\\corbelz.ttf', name='Corbel', style='italic', variant='normal', weight=700, stretch='normal', size='scalable')) = 11.335
2025-08-03 03:17:10,548 - matplotlib.font_manager - DEBUG - findfont: score(FontEntry(fname='C:\\Windows\\Fonts\\DUBAI-LIGHT.TTF', name='Dubai', style='normal', variant='normal', weight=300, stretch='normal', size='scalable')) = 10.145
2025-08-03 03:17:10,549 - matplotlib.font_manager - DEBUG - findfont: score(FontEntry(fname='C:\\Windows\\Fonts\\palai.ttf', name='Palatino Linotype', style='italic', variant='normal', weight=400, stretch='normal', size='scalable')) = 11.05
2025-08-03 03:17:10,550 - matplotlib.font_manager - DEBUG - findfont: score(FontEntry(fname='C:\\Windows\\Fonts\\arialbi.ttf', name='Arial', style='italic', variant='normal', weight=700, stretch='normal', size='scalable')) = 7.698636363636363
2025-08-03 03:17:10,551 - matplotlib.font_manager - DEBUG - findfont: score(FontEntry(fname='C:\\Windows\\Fonts\\calibril.ttf', name='Calibri', style='normal', variant='normal', weight=300, stretch='normal', size='scalable')) = 10.145
2025-08-03 03:17:10,551 - matplotlib.font_manager - DEBUG - findfont: score(FontEntry(fname='C:\\Windows\\Fonts\\georgiai.ttf', name='Georgia', style='italic', variant='normal', weight=400, stretch='normal', size='scalable')) = 11.05
2025-08-03 03:17:10,552 - matplotlib.font_manager - DEBUG - findfont: score(FontEntry(fname='C:\\Windows\\Fonts\\cambria.ttc', name='Cambria', style='normal', variant='normal', weight=400, stretch='normal', size='scalable')) = 10.05
2025-08-03 03:17:10,553 - matplotlib.font_manager - DEBUG - findfont: score(FontEntry(fname='C:\\Windows\\Fonts\\micross.ttf', name='Microsoft Sans Serif', style='normal', variant='normal', weight=400, stretch='normal', size='scalable')) = 10.05
2025-08-03 03:17:10,563 - matplotlib.font_manager - DEBUG - findfont: score(FontEntry(fname='C:\\Windows\\Fonts\\corbelb.ttf', name='Corbel', style='normal', variant='normal', weight=700, stretch='normal', size='scalable')) = 10.335
2025-08-03 03:17:10,565 - matplotlib.font_manager - DEBUG - findfont: score(FontEntry(fname='C:\\Windows\\Fonts\\impact.ttf', name='Impact', style='normal', variant='normal', weight=400, stretch='normal', size='scalable')) = 10.05
2025-08-03 03:17:10,568 - matplotlib.font_manager - DEBUG - findfont: score(FontEntry(fname='C:\\Windows\\Fonts\\segoeprb.ttf', name='Segoe Print', style='normal', variant='normal', weight=700, stretch='normal', size='scalable')) = 10.335
2025-08-03 03:17:10,569 - matplotlib.font_manager - DEBUG - findfont: score(FontEntry(fname='C:\\Windows\\Fonts\\georgia.ttf', name='Georgia', style='normal', variant='normal', weight=400, stretch='normal', size='scalable')) = 10.05
2025-08-03 03:17:10,581 - matplotlib.font_manager - DEBUG - findfont: Matching sans\-serif:style=normal:variant=normal:weight=normal:stretch=normal:size=12.0 to DejaVu Sans ('C:\\Users\\Nii Amu Ankrah\\AppData\\Roaming\\Python\\Python313\\site-packages\\matplotlib\\mpl-data\\fonts\\ttf\\DejaVuSans.ttf') with score of 0.050000.
2025-08-03 03:17:10,934 - matplotlib.font_manager - DEBUG - findfont: Matching sans\-serif:style=normal:variant=normal:weight=bold:stretch=normal:size=16.0.
2025-08-03 03:17:10,936 - matplotlib.font_manager - DEBUG - findfont: score(FontEntry(fname='C:\\Users\\Nii Amu Ankrah\\AppData\\Roaming\\Python\\Python313\\site-packages\\matplotlib\\mpl-data\\fonts\\ttf\\STIXGeneral.ttf', name='STIXGeneral', style='normal', variant='normal', weight=400, stretch='normal', size='scalable')) = 10.335
2025-08-03 03:17:10,938 - matplotlib.font_manager - DEBUG - findfont: score(FontEntry(fname='C:\\Users\\Nii Amu Ankrah\\AppData\\Roaming\\Python\\Python313\\site-packages\\matplotlib\\mpl-data\\fonts\\ttf\\DejaVuSansMono.ttf', name='DejaVu Sans Mono', style='normal', variant='normal', weight=400, stretch='normal', size='scalable')) = 10.335
2025-08-03 03:17:10,942 - matplotlib.font_manager - DEBUG - findfont: score(FontEntry(fname='C:\\Users\\Nii Amu Ankrah\\AppData\\Roaming\\Python\\Python313\\site-packages\\matplotlib\\mpl-data\\fonts\\ttf\\STIXSizThreeSymReg.ttf', name='STIXSizeThreeSym', style='normal', variant='normal', weight=400, stretch='normal', size='scalable')) = 10.335
2025-08-03 03:17:10,944 - matplotlib.font_manager - DEBUG - findfont: score(FontEntry(fname='C:\\Users\\Nii Amu Ankrah\\AppData\\Roaming\\Python\\Python313\\site-packages\\matplotlib\\mpl-data\\fonts\\ttf\\STIXSizFourSymBol.ttf', name='STIXSizeFourSym', style='normal', variant='normal', weight=700, stretch='normal', size='scalable')) = 10.05
2025-08-03 03:17:10,946 - matplotlib.font_manager - DEBUG - findfont: score(FontEntry(fname='C:\\Users\\Nii Amu Ankrah\\AppData\\Roaming\\Python\\Python313\\site-packages\\matplotlib\\mpl-data\\fonts\\ttf\\STIXSizFiveSymReg.ttf', name='STIXSizeFiveSym', style='normal', variant='normal', weight=400, stretch='normal', size='scalable')) = 10.335
2025-08-03 03:17:10,949 - matplotlib.font_manager - DEBUG - findfont: score(FontEntry(fname='C:\\Users\\Nii Amu Ankrah\\AppData\\Roaming\\Python\\Python313\\site-packages\\matplotlib\\mpl-data\\fonts\\ttf\\cmss10.ttf', name='cmss10', style='normal', variant='normal', weight=400, stretch='normal', size='scalable')) = 10.335
2025-08-03 03:17:10,951 - matplotlib.font_manager - DEBUG - findfont: score(FontEntry(fname='C:\\Users\\Nii Amu Ankrah\\AppData\\Roaming\\Python\\Python313\\site-packages\\matplotlib\\mpl-data\\fonts\\ttf\\DejaVuSans.ttf', name='DejaVu Sans', style='normal', variant='normal', weight=400, stretch='normal', size='scalable')) = 0.33499999999999996
2025-08-03 03:17:10,952 - matplotlib.font_manager - DEBUG - findfont: score(FontEntry(fname='C:\\Users\\Nii Amu Ankrah\\AppData\\Roaming\\Python\\Python313\\site-packages\\matplotlib\\mpl-data\\fonts\\ttf\\DejaVuSerifDisplay.ttf', name='DejaVu Serif Display', style='normal', variant='normal', weight=400, stretch='normal', size='scalable')) = 10.335
2025-08-03 03:17:10,961 - matplotlib.font_manager - DEBUG - findfont: score(FontEntry(fname='C:\\Users\\Nii Amu Ankrah\\AppData\\Roaming\\Python\\Python313\\site-packages\\matplotlib\\mpl-data\\fonts\\ttf\\cmb10.ttf', name='cmb10', style='normal', variant='normal', weight=400, stretch='normal', size='scalable')) = 10.335
2025-08-03 03:17:10,964 - matplotlib.font_manager - DEBUG - findfont: score(FontEntry(fname='C:\\Users\\Nii Amu Ankrah\\AppData\\Roaming\\Python\\Python313\\site-packages\\matplotlib\\mpl-data\\fonts\\ttf\\DejaVuSerif-Bold.ttf', name='DejaVu Serif', style='normal', variant='normal', weight=700, stretch='normal', size='scalable')) = 10.05
2025-08-03 03:17:10,967 - matplotlib.font_manager - DEBUG - findfont: score(FontEntry(fname='C:\\Users\\Nii Amu Ankrah\\AppData\\Roaming\\Python\\Python313\\site-packages\\matplotlib\\mpl-data\\fonts\\ttf\\cmmi10.ttf', name='cmmi10', style='normal', variant='normal', weight=400, stretch='normal', size='scalable')) = 10.335
2025-08-03 03:17:10,969 - matplotlib.font_manager - DEBUG - findfont: score(FontEntry(fname='C:\\Users\\Nii Amu Ankrah\\AppData\\Roaming\\Python\\Python313\\site-packages\\matplotlib\\mpl-data\\fonts\\ttf\\STIXNonUniBolIta.ttf', name='STIXNonUnicode', style='italic', variant='normal', weight=700, stretch='normal', size='scalable')) = 11.05
2025-08-03 03:17:10,974 - matplotlib.font_manager - DEBUG - findfont: score(FontEntry(fname='C:\\Users\\Nii Amu Ankrah\\AppData\\Roaming\\Python\\Python313\\site-packages\\matplotlib\\mpl-data\\fonts\\ttf\\DejaVuSerif-Italic.ttf', name='DejaVu Serif', style='italic', variant='normal', weight=400, stretch='normal', size='scalable')) = 11.335
2025-08-03 03:17:10,979 - matplotlib.font_manager - DEBUG - findfont: score(FontEntry(fname='C:\\Users\\Nii Amu Ankrah\\AppData\\Roaming\\Python\\Python313\\site-packages\\matplotlib\\mpl-data\\fonts\\ttf\\STIXNonUni.ttf', name='STIXNonUnicode', style='normal', variant='normal', weight=400, stretch='normal', size='scalable')) = 10.335
2025-08-03 03:17:10,982 - matplotlib.font_manager - DEBUG - findfont: score(FontEntry(fname='C:\\Users\\Nii Amu Ankrah\\AppData\\Roaming\\Python\\Python313\\site-packages\\matplotlib\\mpl-data\\fonts\\ttf\\DejaVuSansDisplay.ttf', name='DejaVu Sans Display', style='normal', variant='normal', weight=400, stretch='normal', size='scalable')) = 10.335
2025-08-03 03:17:10,983 - matplotlib.font_manager - DEBUG - findfont: score(FontEntry(fname='C:\\Users\\Nii Amu Ankrah\\AppData\\Roaming\\Python\\Python313\\site-packages\\matplotlib\\mpl-data\\fonts\\ttf\\cmtt10.ttf', name='cmtt10', style='normal', variant='normal', weight=400, stretch='normal', size='scalable')) = 10.335
2025-08-03 03:17:10,985 - matplotlib.font_manager - DEBUG - findfont: score(FontEntry(fname='C:\\Users\\Nii Amu Ankrah\\AppData\\Roaming\\Python\\Python313\\site-packages\\matplotlib\\mpl-data\\fonts\\ttf\\DejaVuSans-BoldOblique.ttf', name='DejaVu Sans', style='oblique', variant='normal', weight=700, stretch='normal', size='scalable')) = 1.05
2025-08-03 03:17:10,986 - matplotlib.font_manager - DEBUG - findfont: score(FontEntry(fname='C:\\Users\\Nii Amu Ankrah\\AppData\\Roaming\\Python\\Python313\\site-packages\\matplotlib\\mpl-data\\fonts\\ttf\\STIXSizOneSymReg.ttf', name='STIXSizeOneSym', style='normal', variant='normal', weight=400, stretch='normal', size='scalable')) = 10.335
2025-08-03 03:17:10,987 - matplotlib.font_manager - DEBUG - findfont: score(FontEntry(fname='C:\\Users\\Nii Amu Ankrah\\AppData\\Roaming\\Python\\Python313\\site-packages\\matplotlib\\mpl-data\\fonts\\ttf\\DejaVuSerif-BoldItalic.ttf', name='DejaVu Serif', style='italic', variant='normal', weight=700, stretch='normal', size='scalable')) = 11.05
2025-08-03 03:17:10,992 - matplotlib.font_manager - DEBUG - findfont: score(FontEntry(fname='C:\\Users\\Nii Amu Ankrah\\AppData\\Roaming\\Python\\Python313\\site-packages\\matplotlib\\mpl-data\\fonts\\ttf\\DejaVuSansMono-Bold.ttf', name='DejaVu Sans Mono', style='normal', variant='normal', weight=700, stretch='normal', size='scalable')) = 10.05
2025-08-03 03:17:10,997 - matplotlib.font_manager - DEBUG - findfont: score(FontEntry(fname='C:\\Users\\Nii Amu Ankrah\\AppData\\Roaming\\Python\\Python313\\site-packages\\matplotlib\\mpl-data\\fonts\\ttf\\STIXSizOneSymBol.ttf', name='STIXSizeOneSym', style='normal', variant='normal', weight=700, stretch='normal', size='scalable')) = 10.05
2025-08-03 03:17:10,999 - matplotlib.font_manager - DEBUG - findfont: score(FontEntry(fname='C:\\Users\\Nii Amu Ankrah\\AppData\\Roaming\\Python\\Python313\\site-packages\\matplotlib\\mpl-data\\fonts\\ttf\\cmex10.ttf', name='cmex10', style='normal', variant='normal', weight=400, stretch='normal', size='scalable')) = 10.335
2025-08-03 03:17:11,000 - matplotlib.font_manager - DEBUG - findfont: score(FontEntry(fname='C:\\Users\\Nii Amu Ankrah\\AppData\\Roaming\\Python\\Python313\\site-packages\\matplotlib\\mpl-data\\fonts\\ttf\\STIXNonUniBol.ttf', name='STIXNonUnicode', style='normal', variant='normal', weight=700, stretch='normal', size='scalable')) = 10.05
2025-08-03 03:17:11,000 - matplotlib.font_manager - DEBUG - findfont: score(FontEntry(fname='C:\\Users\\Nii Amu Ankrah\\AppData\\Roaming\\Python\\Python313\\site-packages\\matplotlib\\mpl-data\\fonts\\ttf\\STIXSizTwoSymReg.ttf', name='STIXSizeTwoSym', style='normal', variant='normal', weight=400, stretch='normal', size='scalable')) = 10.335
2025-08-03 03:17:11,001 - matplotlib.font_manager - DEBUG - findfont: score(FontEntry(fname='C:\\Users\\Nii Amu Ankrah\\AppData\\Roaming\\Python\\Python313\\site-packages\\matplotlib\\mpl-data\\fonts\\ttf\\DejaVuSansMono-BoldOblique.ttf', name='DejaVu Sans Mono', style='oblique', variant='normal', weight=700, stretch='normal', size='scalable')) = 11.05
2025-08-03 03:17:11,002 - matplotlib.font_manager - DEBUG - findfont: score(FontEntry(fname='C:\\Users\\Nii Amu Ankrah\\AppData\\Roaming\\Python\\Python313\\site-packages\\matplotlib\\mpl-data\\fonts\\ttf\\STIXSizThreeSymBol.ttf', name='STIXSizeThreeSym', style='normal', variant='normal', weight=700, stretch='normal', size='scalable')) = 10.05
2025-08-03 03:17:11,003 - matplotlib.font_manager - DEBUG - findfont: score(FontEntry(fname='C:\\Users\\Nii Amu Ankrah\\AppData\\Roaming\\Python\\Python313\\site-packages\\matplotlib\\mpl-data\\fonts\\ttf\\STIXSizTwoSymBol.ttf', name='STIXSizeTwoSym', style='normal', variant='normal', weight=700, stretch='normal', size='scalable')) = 10.05
2025-08-03 03:17:11,011 - matplotlib.font_manager - DEBUG - findfont: score(FontEntry(fname='C:\\Users\\Nii Amu Ankrah\\AppData\\Roaming\\Python\\Python313\\site-packages\\matplotlib\\mpl-data\\fonts\\ttf\\cmsy10.ttf', name='cmsy10', style='normal', variant='normal', weight=400, stretch='normal', size='scalable')) = 10.335
2025-08-03 03:17:11,013 - matplotlib.font_manager - DEBUG - findfont: score(FontEntry(fname='C:\\Users\\Nii Amu Ankrah\\AppData\\Roaming\\Python\\Python313\\site-packages\\matplotlib\\mpl-data\\fonts\\ttf\\STIXGeneralBolIta.ttf', name='STIXGeneral', style='italic', variant='normal', weight=700, stretch='normal', size='scalable')) = 11.05
2025-08-03 03:17:11,015 - matplotlib.font_manager - DEBUG - findfont: score(FontEntry(fname='C:\\Users\\Nii Amu Ankrah\\AppData\\Roaming\\Python\\Python313\\site-packages\\matplotlib\\mpl-data\\fonts\\ttf\\STIXGeneralItalic.ttf', name='STIXGeneral', style='italic', variant='normal', weight=400, stretch='normal', size='scalable')) = 11.335
2025-08-03 03:17:11,016 - matplotlib.font_manager - DEBUG - findfont: score(FontEntry(fname='C:\\Users\\Nii Amu Ankrah\\AppData\\Roaming\\Python\\Python313\\site-packages\\matplotlib\\mpl-data\\fonts\\ttf\\DejaVuSans-Oblique.ttf', name='DejaVu Sans', style='oblique', variant='normal', weight=400, stretch='normal', size='scalable')) = 1.335
2025-08-03 03:17:11,017 - matplotlib.font_manager - DEBUG - findfont: score(FontEntry(fname='C:\\Users\\Nii Amu Ankrah\\AppData\\Roaming\\Python\\Python313\\site-packages\\matplotlib\\mpl-data\\fonts\\ttf\\DejaVuSerif.ttf', name='DejaVu Serif', style='normal', variant='normal', weight=400, stretch='normal', size='scalable')) = 10.335
2025-08-03 03:17:11,018 - matplotlib.font_manager - DEBUG - findfont: score(FontEntry(fname='C:\\Users\\Nii Amu Ankrah\\AppData\\Roaming\\Python\\Python313\\site-packages\\matplotlib\\mpl-data\\fonts\\ttf\\DejaVuSansMono-Oblique.ttf', name='DejaVu Sans Mono', style='oblique', variant='normal', weight=400, stretch='normal', size='scalable')) = 11.335
2025-08-03 03:17:11,019 - matplotlib.font_manager - DEBUG - findfont: score(FontEntry(fname='C:\\Users\\Nii Amu Ankrah\\AppData\\Roaming\\Python\\Python313\\site-packages\\matplotlib\\mpl-data\\fonts\\ttf\\DejaVuSans-Bold.ttf', name='DejaVu Sans', style='normal', variant='normal', weight=700, stretch='normal', size='scalable')) = 0.05
2025-08-03 03:17:11,019 - matplotlib.font_manager - DEBUG - findfont: score(FontEntry(fname='C:\\Users\\Nii Amu Ankrah\\AppData\\Roaming\\Python\\Python313\\site-packages\\matplotlib\\mpl-data\\fonts\\ttf\\STIXNonUniIta.ttf', name='STIXNonUnicode', style='italic', variant='normal', weight=400, stretch='normal', size='scalable')) = 11.335
2025-08-03 03:17:11,026 - matplotlib.font_manager - DEBUG - findfont: score(FontEntry(fname='C:\\Users\\Nii Amu Ankrah\\AppData\\Roaming\\Python\\Python313\\site-packages\\matplotlib\\mpl-data\\fonts\\ttf\\STIXSizFourSymReg.ttf', name='STIXSizeFourSym', style='normal', variant='normal', weight=400, stretch='normal', size='scalable')) = 10.335
2025-08-03 03:17:11,028 - matplotlib.font_manager - DEBUG - findfont: score(FontEntry(fname='C:\\Users\\Nii Amu Ankrah\\AppData\\Roaming\\Python\\Python313\\site-packages\\matplotlib\\mpl-data\\fonts\\ttf\\cmr10.ttf', name='cmr10', style='normal', variant='normal', weight=400, stretch='normal', size='scalable')) = 10.335
2025-08-03 03:17:11,029 - matplotlib.font_manager - DEBUG - findfont: score(FontEntry(fname='C:\\Users\\Nii Amu Ankrah\\AppData\\Roaming\\Python\\Python313\\site-packages\\matplotlib\\mpl-data\\fonts\\ttf\\STIXGeneralBol.ttf', name='STIXGeneral', style='normal', variant='normal', weight=700, stretch='normal', size='scalable')) = 10.05
2025-08-03 03:17:11,031 - matplotlib.font_manager - DEBUG - findfont: score(FontEntry(fname='C:\\Windows\\Fonts\\GARABD.TTF', name='Garamond', style='normal', variant='normal', weight=700, stretch='normal', size='scalable')) = 10.05
2025-08-03 03:17:11,032 - matplotlib.font_manager - DEBUG - findfont: score(FontEntry(fname='C:\\Windows\\Fonts\\LEELAWDB.TTF', name='Leelawadee', style='normal', variant='normal', weight=700, stretch='normal', size='scalable')) = 10.05
2025-08-03 03:17:11,033 - matplotlib.font_manager - DEBUG - findfont: score(FontEntry(fname='C:\\Windows\\Fonts\\timesbd.ttf', name='Times New Roman', style='normal', variant='normal', weight=700, stretch='normal', size='scalable')) = 10.05
2025-08-03 03:17:11,034 - matplotlib.font_manager - DEBUG - findfont: score(FontEntry(fname='C:\\Windows\\Fonts\\mmrtextb.ttf', name='Myanmar Text', style='normal', variant='normal', weight=700, stretch='normal', size='scalable')) = 10.05
2025-08-03 03:17:11,034 - matplotlib.font_manager - DEBUG - findfont: score(FontEntry(fname='C:\\Windows\\Fonts\\ariblk.ttf', name='Arial', style='normal', variant='normal', weight=900, stretch='normal', size='scalable')) = 6.6036363636363635
2025-08-03 03:17:11,035 - matplotlib.font_manager - DEBUG - findfont: score(FontEntry(fname='C:\\Windows\\Fonts\\ITCKRIST.TTF', name='Kristen ITC', style='normal', variant='normal', weight=400, stretch='normal', size='scalable')) = 10.335
2025-08-03 03:17:11,035 - matplotlib.font_manager - DEBUG - findfont: score(FontEntry(fname='C:\\Windows\\Fonts\\Candarab.ttf', name='Candara', style='normal', variant='normal', weight=700, stretch='normal', size='scalable')) = 10.05
2025-08-03 03:17:11,037 - matplotlib.font_manager - DEBUG - findfont: score(FontEntry(fname='C:\\Windows\\Fonts\\malgun.ttf', name='Malgun Gothic', style='normal', variant='normal', weight=400, stretch='normal', size='scalable')) = 10.335
2025-08-03 03:17:11,043 - matplotlib.font_manager - DEBUG - findfont: score(FontEntry(fname='C:\\Windows\\Fonts\\constan.ttf', name='Constantia', style='normal', variant='normal', weight=400, stretch='normal', size='scalable')) = 10.335
2025-08-03 03:17:11,045 - matplotlib.font_manager - DEBUG - findfont: score(FontEntry(fname='C:\\Windows\\Fonts\\FRSCRIPT.TTF', name='French Script MT', style='normal', variant='normal', weight=400, stretch='normal', size='scalable')) = 10.335
2025-08-03 03:17:11,046 - matplotlib.font_manager - DEBUG - findfont: score(FontEntry(fname='C:\\Windows\\Fonts\\monbaiti.ttf', name='Mongolian Baiti', style='normal', variant='normal', weight=400, stretch='normal', size='scalable')) = 10.335
2025-08-03 03:17:11,047 - matplotlib.font_manager - DEBUG - findfont: score(FontEntry(fname='C:\\Windows\\Fonts\\JUICE___.TTF', name='Juice ITC', style='normal', variant='normal', weight=400, stretch='normal', size='scalable')) = 10.335
2025-08-03 03:17:11,048 - matplotlib.font_manager - DEBUG - findfont: score(FontEntry(fname='C:\\Windows\\Fonts\\TEMPSITC.TTF', name='Tempus Sans ITC', style='normal', variant='normal', weight=400, stretch='normal', size='scalable')) = 10.335
2025-08-03 03:17:11,049 - matplotlib.font_manager - DEBUG - findfont: score(FontEntry(fname='C:\\Windows\\Fonts\\SansSerifCollection.ttf', name='Sans Serif Collection', style='normal', variant='normal', weight=400, stretch='normal', size='scalable')) = 10.335
2025-08-03 03:17:11,050 - matplotlib.font_manager - DEBUG - findfont: score(FontEntry(fname='C:\\Windows\\Fonts\\ARIALN.TTF', name='Arial', style='normal', variant='normal', weight=400, stretch='condensed', size='scalable')) = 6.8986363636363635
2025-08-03 03:17:11,051 - matplotlib.font_manager - DEBUG - findfont: score(FontEntry(fname='C:\\Windows\\Fonts\\simsunb.ttf', name='SimSun-ExtB', style='normal', variant='normal', weight=400, stretch='normal', size='scalable')) = 10.335
2025-08-03 03:17:11,051 - matplotlib.font_manager - DEBUG - findfont: score(FontEntry(fname='C:\\Windows\\Fonts\\YuGothM.ttc', name='Yu Gothic', style='normal', variant='normal', weight=500, stretch='normal', size='scalable')) = 10.24
2025-08-03 03:17:11,052 - matplotlib.font_manager - DEBUG - findfont: score(FontEntry(fname='C:\\Windows\\Fonts\\SitkaVF.ttf', name='Sitka', style='normal', variant='normal', weight=400, stretch='normal', size='scalable')) = 10.335
2025-08-03 03:17:11,053 - matplotlib.font_manager - DEBUG - findfont: score(FontEntry(fname='C:\\Windows\\Fonts\\arialbd.ttf', name='Arial', style='normal', variant='normal', weight=700, stretch='normal', size='scalable')) = 6.413636363636363
2025-08-03 03:17:11,057 - matplotlib.font_manager - DEBUG - findfont: score(FontEntry(fname='C:\\Windows\\Fonts\\cambriab.ttf', name='Cambria', style='normal', variant='normal', weight=700, stretch='normal', size='scalable')) = 10.05
2025-08-03 03:17:11,060 - matplotlib.font_manager - DEBUG - findfont: score(FontEntry(fname='C:\\Windows\\Fonts\\BOOKOS.TTF', name='Bookman Old Style', style='normal', variant='normal', weight=300, stretch='normal', size='scalable')) = 10.43
2025-08-03 03:17:11,062 - matplotlib.font_manager - DEBUG - findfont: score(FontEntry(fname='C:\\Windows\\Fonts\\MTCORSVA.TTF', name='Monotype Corsiva', style='normal', variant='normal', weight=400, stretch='normal', size='scalable')) = 10.335
2025-08-03 03:17:11,064 - matplotlib.font_manager - DEBUG - findfont: score(FontEntry(fname='C:\\Windows\\Fonts\\BRADHITC.TTF', name='Bradley Hand ITC', style='normal', variant='normal', weight=400, stretch='normal', size='scalable')) = 10.335
2025-08-03 03:17:11,065 - matplotlib.font_manager - DEBUG - findfont: score(FontEntry(fname='C:\\Windows\\Fonts\\calibriz.ttf', name='Calibri', style='italic', variant='normal', weight=700, stretch='normal', size='scalable')) = 11.05
2025-08-03 03:17:11,065 - matplotlib.font_manager - DEBUG - findfont: score(FontEntry(fname='C:\\Windows\\Fonts\\seguili.ttf', name='Segoe UI', style='italic', variant='normal', weight=300, stretch='normal', size='scalable')) = 11.43
2025-08-03 03:17:11,066 - matplotlib.font_manager - DEBUG - findfont: score(FontEntry(fname='C:\\Windows\\Fonts\\javatext.ttf', name='Javanese Text', style='normal', variant='normal', weight=400, stretch='normal', size='scalable')) = 10.335
2025-08-03 03:17:11,067 - matplotlib.font_manager - DEBUG - findfont: score(FontEntry(fname='C:\\Windows\\Fonts\\framdit.ttf', name='Franklin Gothic Medium', style='italic', variant='normal', weight=400, stretch='normal', size='scalable')) = 11.335
2025-08-03 03:17:11,068 - matplotlib.font_manager - DEBUG - findfont: score(FontEntry(fname='C:\\Windows\\Fonts\\GARA.TTF', name='Garamond', style='normal', variant='normal', weight=400, stretch='normal', size='scalable')) = 10.335
2025-08-03 03:17:11,068 - matplotlib.font_manager - DEBUG - findfont: score(FontEntry(fname='C:\\Windows\\Fonts\\GARAIT.TTF', name='Garamond', style='italic', variant='normal', weight=400, stretch='normal', size='scalable')) = 11.335
2025-08-03 03:17:11,069 - matplotlib.font_manager - DEBUG - findfont: score(FontEntry(fname='C:\\Windows\\Fonts\\pala.ttf', name='Palatino Linotype', style='normal', variant='normal', weight=400, stretch='normal', size='scalable')) = 10.335
2025-08-03 03:17:11,074 - matplotlib.font_manager - DEBUG - findfont: score(FontEntry(fname='C:\\Windows\\Fonts\\constanz.ttf', name='Constantia', style='italic', variant='normal', weight=700, stretch='normal', size='scalable')) = 11.05
2025-08-03 03:17:11,076 - matplotlib.font_manager - DEBUG - findfont: score(FontEntry(fname='C:\\Windows\\Fonts\\trebucit.ttf', name='Trebuchet MS', style='italic', variant='normal', weight=400, stretch='normal', size='scalable')) = 11.335
2025-08-03 03:17:11,079 - matplotlib.font_manager - DEBUG - findfont: score(FontEntry(fname='C:\\Windows\\Fonts\\segoeuiz.ttf', name='Segoe UI', style='italic', variant='normal', weight=700, stretch='normal', size='scalable')) = 11.05
2025-08-03 03:17:11,079 - matplotlib.font_manager - DEBUG - findfont: score(FontEntry(fname='C:\\Windows\\Fonts\\PRISTINA.TTF', name='Pristina', style='normal', variant='normal', weight=400, stretch='normal', size='scalable')) = 10.335
2025-08-03 03:17:11,082 - matplotlib.font_manager - DEBUG - findfont: score(FontEntry(fname='C:\\Windows\\Fonts\\DUBAI-BOLD.TTF', name='Dubai', style='normal', variant='normal', weight=700, stretch='normal', size='scalable')) = 10.05
2025-08-03 03:17:11,083 - matplotlib.font_manager - DEBUG - findfont: score(FontEntry(fname='C:\\Windows\\Fonts\\segoeuii.ttf', name='Segoe UI', style='italic', variant='normal', weight=400, stretch='normal', size='scalable')) = 11.335
2025-08-03 03:17:11,083 - matplotlib.font_manager - DEBUG - findfont: score(FontEntry(fname='C:\\Windows\\Fonts\\PAPYRUS.TTF', name='Papyrus', style='normal', variant='normal', weight=400, stretch='normal', size='scalable')) = 10.335
2025-08-03 03:17:11,084 - matplotlib.font_manager - DEBUG - findfont: score(FontEntry(fname='C:\\Windows\\Fonts\\ntailu.ttf', name='Microsoft New Tai Lue', style='normal', variant='normal', weight=400, stretch='normal', size='scalable')) = 10.335
2025-08-03 03:17:11,086 - matplotlib.font_manager - DEBUG - findfont: score(FontEntry(fname='C:\\Windows\\Fonts\\ANTQUABI.TTF', name='Book Antiqua', style='italic', variant='normal', weight=700, stretch='normal', size='scalable')) = 11.05
2025-08-03 03:17:11,096 - matplotlib.font_manager - DEBUG - findfont: score(FontEntry(fname='C:\\Windows\\Fonts\\corbell.ttf', name='Corbel', style='normal', variant='normal', weight=300, stretch='normal', size='scalable')) = 10.43
2025-08-03 03:17:11,098 - matplotlib.font_manager - DEBUG - findfont: score(FontEntry(fname='C:\\Windows\\Fonts\\gadugi.ttf', name='Gadugi', style='normal', variant='normal', weight=400, stretch='normal', size='scalable')) = 10.335
2025-08-03 03:17:11,098 - matplotlib.font_manager - DEBUG - findfont: score(FontEntry(fname='C:\\Windows\\Fonts\\seguisym.ttf', name='Segoe UI Symbol', style='normal', variant='normal', weight=400, stretch='normal', size='scalable')) = 10.335
2025-08-03 03:17:11,099 - matplotlib.font_manager - DEBUG - findfont: score(FontEntry(fname='C:\\Windows\\Fonts\\couri.ttf', name='Courier New', style='italic', variant='normal', weight=400, stretch='normal', size='scalable')) = 11.335
2025-08-03 03:17:11,101 - matplotlib.font_manager - DEBUG - findfont: score(FontEntry(fname='C:\\Windows\\Fonts\\cambriai.ttf', name='Cambria', style='italic', variant='normal', weight=400, stretch='normal', size='scalable')) = 11.335
2025-08-03 03:17:11,102 - matplotlib.font_manager - DEBUG - findfont: score(FontEntry(fname='C:\\Windows\\Fonts\\ntailub.ttf', name='Microsoft New Tai Lue', style='normal', variant='normal', weight=700, stretch='normal', size='scalable')) = 10.05
2025-08-03 03:17:11,103 - matplotlib.font_manager - DEBUG - findfont: score(FontEntry(fname='C:\\Windows\\Fonts\\msgothic.ttc', name='MS Gothic', style='normal', variant='normal', weight=400, stretch='normal', size='scalable')) = 10.335
2025-08-03 03:17:11,109 - matplotlib.font_manager - DEBUG - findfont: score(FontEntry(fname='C:\\Windows\\Fonts\\Gabriola.ttf', name='Gabriola', style='normal', variant='normal', weight=400, stretch='normal', size='scalable')) = 10.335
2025-08-03 03:17:11,111 - matplotlib.font_manager - DEBUG - findfont: score(FontEntry(fname='C:\\Windows\\Fonts\\segoeuisl.ttf', name='Segoe UI', style='normal', variant='normal', weight=350, stretch='normal', size='scalable')) = 10.3825
2025-08-03 03:17:11,113 - matplotlib.font_manager - DEBUG - findfont: score(FontEntry(fname='C:\\Windows\\Fonts\\GOTHIC.TTF', name='Century Gothic', style='normal', variant='normal', weight=400, stretch='normal', size='scalable')) = 10.335
2025-08-03 03:17:11,114 - matplotlib.font_manager - DEBUG - findfont: score(FontEntry(fname='C:\\Windows\\Fonts\\LEELAWAD.TTF', name='Leelawadee', style='normal', variant='normal', weight=400, stretch='normal', size='scalable')) = 10.335
2025-08-03 03:17:11,115 - matplotlib.font_manager - DEBUG - findfont: score(FontEntry(fname='C:\\Windows\\Fonts\\malgunsl.ttf', name='Malgun Gothic', style='normal', variant='normal', weight=300, stretch='normal', size='scalable')) = 10.43
2025-08-03 03:17:11,116 - matplotlib.font_manager - DEBUG - findfont: score(FontEntry(fname='C:\\Windows\\Fonts\\trebucbi.ttf', name='Trebuchet MS', style='italic', variant='normal', weight=700, stretch='normal', size='scalable')) = 11.05
2025-08-03 03:17:11,118 - matplotlib.font_manager - DEBUG - findfont: score(FontEntry(fname='C:\\Windows\\Fonts\\FREESCPT.TTF', name='Freestyle Script', style='normal', variant='normal', weight=400, stretch='normal', size='scalable')) = 10.335
2025-08-03 03:17:11,118 - matplotlib.font_manager - DEBUG - findfont: score(FontEntry(fname='C:\\Windows\\Fonts\\MSUIGHUB.TTF', name='Microsoft Uighur', style='normal', variant='normal', weight=700, stretch='normal', size='scalable')) = 10.05
2025-08-03 03:17:11,120 - matplotlib.font_manager - DEBUG - findfont: score(FontEntry(fname='C:\\Windows\\Fonts\\segmdl2.ttf', name='Segoe MDL2 Assets', style='normal', variant='normal', weight=400, stretch='normal', size='scalable')) = 10.335
2025-08-03 03:17:11,128 - matplotlib.font_manager - DEBUG - findfont: score(FontEntry(fname='C:\\Windows\\Fonts\\seguisbi.ttf', name='Segoe UI', style='italic', variant='normal', weight=600, stretch='normal', size='scalable')) = 11.145
2025-08-03 03:17:11,129 - matplotlib.font_manager - DEBUG - findfont: score(FontEntry(fname='C:\\Windows\\Fonts\\simsun.ttc', name='SimSun', style='normal', variant='normal', weight=400, stretch='normal', size='scalable')) = 10.335
2025-08-03 03:17:11,132 - matplotlib.font_manager - DEBUG - findfont: score(FontEntry(fname='C:\\Windows\\Fonts\\palabi.ttf', name='Palatino Linotype', style='italic', variant='normal', weight=700, stretch='normal', size='scalable')) = 11.05
2025-08-03 03:17:11,132 - matplotlib.font_manager - DEBUG - findfont: score(FontEntry(fname='C:\\Windows\\Fonts\\LeelaUIb.ttf', name='Leelawadee UI', style='normal', variant='normal', weight=700, stretch='normal', size='scalable')) = 10.05
2025-08-03 03:17:11,133 - matplotlib.font_manager - DEBUG - findfont: score(FontEntry(fname='C:\\Windows\\Fonts\\courbi.ttf', name='Courier New', style='italic', variant='normal', weight=700, stretch='normal', size='scalable')) = 11.05
2025-08-03 03:17:11,134 - matplotlib.font_manager - DEBUG - findfont: score(FontEntry(fname='C:\\Windows\\Fonts\\msyi.ttf', name='Microsoft Yi Baiti', style='normal', variant='normal', weight=400, stretch='normal', size='scalable')) = 10.335
2025-08-03 03:17:11,135 - matplotlib.font_manager - DEBUG - findfont: score(FontEntry(fname='C:\\Windows\\Fonts\\CascadiaMono.ttf', name='Cascadia Mono', style='normal', variant='normal', weight=400, stretch='normal', size='scalable')) = 10.335
2025-08-03 03:17:11,136 - matplotlib.font_manager - DEBUG - findfont: score(FontEntry(fname='C:\\Windows\\Fonts\\mmrtext.ttf', name='Myanmar Text', style='normal', variant='normal', weight=400, stretch='normal', size='scalable')) = 10.335
2025-08-03 03:17:11,142 - matplotlib.font_manager - DEBUG - findfont: score(FontEntry(fname='C:\\Windows\\Fonts\\times.ttf', name='Times New Roman', style='normal', variant='normal', weight=400, stretch='normal', size='scalable')) = 10.335
2025-08-03 03:17:11,143 - matplotlib.font_manager - DEBUG - findfont: score(FontEntry(fname='C:\\Windows\\Fonts\\Candarai.ttf', name='Candara', style='italic', variant='normal', weight=400, stretch='normal', size='scalable')) = 11.335
2025-08-03 03:17:11,145 - matplotlib.font_manager - DEBUG - findfont: score(FontEntry(fname='C:\\Windows\\Fonts\\WINGDNG2.TTF', name='Wingdings 2', style='normal', variant='normal', weight=400, stretch='normal', size='scalable')) = 10.335
2025-08-03 03:17:11,147 - matplotlib.font_manager - DEBUG - findfont: score(FontEntry(fname='C:\\Windows\\Fonts\\Candara.ttf', name='Candara', style='normal', variant='normal', weight=400, stretch='normal', size='scalable')) = 10.335
2025-08-03 03:17:11,148 - matplotlib.font_manager - DEBUG - findfont: score(FontEntry(fname='C:\\Windows\\Fonts\\consolab.ttf', name='Consolas', style='normal', variant='normal', weight=700, stretch='normal', size='scalable')) = 10.05
2025-08-03 03:17:11,149 - matplotlib.font_manager - DEBUG - findfont: score(FontEntry(fname='C:\\Windows\\Fonts\\SitkaVF-Italic.ttf', name='Sitka', style='italic', variant='normal', weight=400, stretch='normal', size='scalable')) = 11.335
2025-08-03 03:17:11,150 - matplotlib.font_manager - DEBUG - findfont: score(FontEntry(fname='C:\\Windows\\Fonts\\tahoma.ttf', name='Tahoma', style='normal', variant='normal', weight=400, stretch='normal', size='scalable')) = 10.335
2025-08-03 03:17:11,151 - matplotlib.font_manager - DEBUG - findfont: score(FontEntry(fname='C:\\Windows\\Fonts\\bahnschrift.ttf', name='Bahnschrift', style='normal', variant='normal', weight=400, stretch='normal', size='scalable')) = 10.335
2025-08-03 03:17:11,152 - matplotlib.font_manager - DEBUG - findfont: score(FontEntry(fname='C:\\Windows\\Fonts\\BOOKOSBI.TTF', name='Bookman Old Style', style='italic', variant='normal', weight=600, stretch='normal', size='scalable')) = 11.145
2025-08-03 03:17:11,153 - matplotlib.font_manager - DEBUG - findfont: score(FontEntry(fname='C:\\Windows\\Fonts\\timesbi.ttf', name='Times New Roman', style='italic', variant='normal', weight=700, stretch='normal', size='scalable')) = 11.05
2025-08-03 03:17:11,158 - matplotlib.font_manager - DEBUG - findfont: score(FontEntry(fname='C:\\Windows\\Fonts\\GOTHICB.TTF', name='Century Gothic', style='normal', variant='normal', weight=700, stretch='normal', size='scalable')) = 10.05
2025-08-03 03:17:11,160 - matplotlib.font_manager - DEBUG - findfont: score(FontEntry(fname='C:\\Windows\\Fonts\\MTEXTRA.TTF', name='MT Extra', style='normal', variant='normal', weight=400, stretch='normal', size='scalable')) = 10.335
2025-08-03 03:17:11,163 - matplotlib.font_manager - DEBUG - findfont: score(FontEntry(fname='C:\\Windows\\Fonts\\HATTEN.TTF', name='Haettenschweiler', style='normal', variant='normal', weight=400, stretch='normal', size='scalable')) = 10.335
2025-08-03 03:17:11,164 - matplotlib.font_manager - DEBUG - findfont: score(FontEntry(fname='C:\\Windows\\Fonts\\ANTQUAB.TTF', name='Book Antiqua', style='normal', variant='normal', weight=700, stretch='normal', size='scalable')) = 10.05
2025-08-03 03:17:11,165 - matplotlib.font_manager - DEBUG - findfont: score(FontEntry(fname='C:\\Windows\\Fonts\\constanb.ttf', name='Constantia', style='normal', variant='normal', weight=700, stretch='normal', size='scalable')) = 10.05
2025-08-03 03:17:11,165 - matplotlib.font_manager - DEBUG - findfont: score(FontEntry(fname='C:\\Windows\\Fonts\\DUBAI-REGULAR.TTF', name='Dubai', style='normal', variant='normal', weight=400, stretch='normal', size='scalable')) = 10.335
2025-08-03 03:17:11,166 - matplotlib.font_manager - DEBUG - findfont: score(FontEntry(fname='C:\\Windows\\Fonts\\REFSAN.TTF', name='MS Reference Sans Serif', style='normal', variant='normal', weight=400, stretch='normal', size='scalable')) = 10.335
2025-08-03 03:17:11,167 - matplotlib.font_manager - DEBUG - findfont: score(FontEntry(fname='C:\\Windows\\Fonts\\consolai.ttf', name='Consolas', style='italic', variant='normal', weight=400, stretch='normal', size='scalable')) = 11.335
2025-08-03 03:17:11,168 - matplotlib.font_manager - DEBUG - findfont: score(FontEntry(fname='C:\\Windows\\Fonts\\LeelUIsl.ttf', name='Leelawadee UI', style='normal', variant='normal', weight=350, stretch='normal', size='scalable')) = 10.3825
2025-08-03 03:17:11,168 - matplotlib.font_manager - DEBUG - findfont: score(FontEntry(fname='C:\\Windows\\Fonts\\comicz.ttf', name='Comic Sans MS', style='italic', variant='normal', weight=700, stretch='normal', size='scalable')) = 11.05
2025-08-03 03:17:11,170 - matplotlib.font_manager - DEBUG - findfont: score(FontEntry(fname='C:\\Windows\\Fonts\\msyh.ttc', name='Microsoft YaHei', style='normal', variant='normal', weight=400, stretch='normal', size='scalable')) = 10.335
2025-08-03 03:17:11,174 - matplotlib.font_manager - DEBUG - findfont: score(FontEntry(fname='C:\\Windows\\Fonts\\Candaral.ttf', name='Candara', style='normal', variant='normal', weight=400, stretch='normal', size='scalable')) = 10.335
2025-08-03 03:17:11,176 - matplotlib.font_manager - DEBUG - findfont: score(FontEntry(fname='C:\\Windows\\Fonts\\msyhbd.ttc', name='Microsoft YaHei', style='normal', variant='normal', weight=700, stretch='normal', size='scalable')) = 10.05
2025-08-03 03:17:11,179 - matplotlib.font_manager - DEBUG - findfont: score(FontEntry(fname='C:\\Windows\\Fonts\\SimsunExtG.ttf', name='SimSun-ExtG', style='normal', variant='normal', weight=400, stretch='normal', size='scalable')) = 10.335
2025-08-03 03:17:11,180 - matplotlib.font_manager - DEBUG - findfont: score(FontEntry(fname='C:\\Windows\\Fonts\\seguihis.ttf', name='Segoe UI Historic', style='normal', variant='normal', weight=400, stretch='normal', size='scalable')) = 10.335
2025-08-03 03:17:11,181 - matplotlib.font_manager - DEBUG - findfont: score(FontEntry(fname='C:\\Windows\\Fonts\\lucon.ttf', name='Lucida Console', style='normal', variant='normal', weight=400, stretch='normal', size='scalable')) = 10.335
2025-08-03 03:17:11,182 - matplotlib.font_manager - DEBUG - findfont: score(FontEntry(fname='C:\\Windows\\Fonts\\YuGothB.ttc', name='Yu Gothic', style='normal', variant='normal', weight=700, stretch='normal', size='scalable')) = 10.05
2025-08-03 03:17:11,183 - matplotlib.font_manager - DEBUG - findfont: score(FontEntry(fname='C:\\Windows\\Fonts\\seguisb.ttf', name='Segoe UI', style='normal', variant='normal', weight=600, stretch='normal', size='scalable')) = 10.145
2025-08-03 03:17:11,183 - matplotlib.font_manager - DEBUG - findfont: score(FontEntry(fname='C:\\Windows\\Fonts\\ARIALNB.TTF', name='Arial', style='normal', variant='normal', weight=700, stretch='condensed', size='scalable')) = 6.613636363636363
2025-08-03 03:17:11,184 - matplotlib.font_manager - DEBUG - findfont: score(FontEntry(fname='C:\\Windows\\Fonts\\calibrili.ttf', name='Calibri', style='italic', variant='normal', weight=300, stretch='normal', size='scalable')) = 11.43
2025-08-03 03:17:11,185 - matplotlib.font_manager - DEBUG - findfont: score(FontEntry(fname='C:\\Windows\\Fonts\\MISTRAL.TTF', name='Mistral', style='normal', variant='normal', weight=400, stretch='normal', size='scalable')) = 10.335
2025-08-03 03:17:11,185 - matplotlib.font_manager - DEBUG - findfont: score(FontEntry(fname='C:\\Windows\\Fonts\\taile.ttf', name='Microsoft Tai Le', style='normal', variant='normal', weight=400, stretch='normal', size='scalable')) = 10.335
2025-08-03 03:17:11,186 - matplotlib.font_manager - DEBUG - findfont: score(FontEntry(fname='C:\\Windows\\Fonts\\consolaz.ttf', name='Consolas', style='italic', variant='normal', weight=700, stretch='normal', size='scalable')) = 11.05
2025-08-03 03:17:11,192 - matplotlib.font_manager - DEBUG - findfont: score(FontEntry(fname='C:\\Windows\\Fonts\\tahomabd.ttf', name='Tahoma', style='normal', variant='normal', weight=700, stretch='normal', size='scalable')) = 10.05
2025-08-03 03:17:11,197 - matplotlib.font_manager - DEBUG - findfont: score(FontEntry(fname='C:\\Windows\\Fonts\\seguiemj.ttf', name='Segoe UI Emoji', style='normal', variant='normal', weight=400, stretch='normal', size='scalable')) = 10.335
2025-08-03 03:17:11,198 - matplotlib.font_manager - DEBUG - findfont: score(FontEntry(fname='C:\\Windows\\Fonts\\corbeli.ttf', name='Corbel', style='italic', variant='normal', weight=400, stretch='normal', size='scalable')) = 11.335
2025-08-03 03:17:11,199 - matplotlib.font_manager - DEBUG - findfont: score(FontEntry(fname='C:\\Windows\\Fonts\\segoepr.ttf', name='Segoe Print', style='normal', variant='normal', weight=400, stretch='normal', size='scalable')) = 10.335
2025-08-03 03:17:11,199 - matplotlib.font_manager - DEBUG - findfont: score(FontEntry(fname='C:\\Windows\\Fonts\\SegUIVar.ttf', name='Segoe UI Variable', style='normal', variant='normal', weight=400, stretch='normal', size='scalable')) = 10.335
2025-08-03 03:17:11,200 - matplotlib.font_manager - DEBUG - findfont: score(FontEntry(fname='C:\\Windows\\Fonts\\seguibli.ttf', name='Segoe UI', style='italic', variant='normal', weight=900, stretch='normal', size='scalable')) = 11.24
2025-08-03 03:17:11,201 - matplotlib.font_manager - DEBUG - findfont: score(FontEntry(fname='C:\\Windows\\Fonts\\arial.ttf', name='Arial', style='normal', variant='normal', weight=400, stretch='normal', size='scalable')) = 6.698636363636363
2025-08-03 03:17:11,202 - matplotlib.font_manager - DEBUG - findfont: score(FontEntry(fname='C:\\Windows\\Fonts\\ARIALNBI.TTF', name='Arial', style='italic', variant='normal', weight=700, stretch='condensed', size='scalable')) = 7.613636363636363
2025-08-03 03:17:11,203 - matplotlib.font_manager - DEBUG - findfont: score(FontEntry(fname='C:\\Windows\\Fonts\\courbd.ttf', name='Courier New', style='normal', variant='normal', weight=700, stretch='normal', size='scalable')) = 10.05
2025-08-03 03:17:11,211 - matplotlib.font_manager - DEBUG - findfont: score(FontEntry(fname='C:\\Windows\\Fonts\\Candarali.ttf', name='Candara', style='italic', variant='normal', weight=400, stretch='normal', size='scalable')) = 11.335
2025-08-03 03:17:11,212 - matplotlib.font_manager - DEBUG - findfont: score(FontEntry(fname='C:\\Windows\\Fonts\\corbelli.ttf', name='Corbel', style='italic', variant='normal', weight=300, stretch='normal', size='scalable')) = 11.43
2025-08-03 03:17:11,214 - matplotlib.font_manager - DEBUG - findfont: score(FontEntry(fname='C:\\Windows\\Fonts\\corbel.ttf', name='Corbel', style='normal', variant='normal', weight=400, stretch='normal', size='scalable')) = 10.335
2025-08-03 03:17:11,215 - matplotlib.font_manager - DEBUG - findfont: score(FontEntry(fname='C:\\Windows\\Fonts\\BOOKOSB.TTF', name='Bookman Old Style', style='normal', variant='normal', weight=600, stretch='normal', size='scalable')) = 10.145
2025-08-03 03:17:11,216 - matplotlib.font_manager - DEBUG - findfont: score(FontEntry(fname='C:\\Windows\\Fonts\\seguisli.ttf', name='Segoe UI', style='italic', variant='normal', weight=350, stretch='normal', size='scalable')) = 11.3825
2025-08-03 03:17:11,218 - matplotlib.font_manager - DEBUG - findfont: score(FontEntry(fname='C:\\Windows\\Fonts\\symbol.ttf', name='Symbol', style='normal', variant='normal', weight=400, stretch='normal', size='scalable')) = 10.335
2025-08-03 03:17:11,219 - matplotlib.font_manager - DEBUG - findfont: score(FontEntry(fname='C:\\Windows\\Fonts\\ariali.ttf', name='Arial', style='italic', variant='normal', weight=400, stretch='normal', size='scalable')) = 7.698636363636363
2025-08-03 03:17:11,229 - matplotlib.font_manager - DEBUG - findfont: score(FontEntry(fname='C:\\Windows\\Fonts\\timesi.ttf', name='Times New Roman', style='italic', variant='normal', weight=400, stretch='normal', size='scalable')) = 11.335
2025-08-03 03:17:11,231 - matplotlib.font_manager - DEBUG - findfont: score(FontEntry(fname='C:\\Windows\\Fonts\\cambriaz.ttf', name='Cambria', style='italic', variant='normal', weight=700, stretch='normal', size='scalable')) = 11.05
2025-08-03 03:17:11,233 - matplotlib.font_manager - DEBUG - findfont: score(FontEntry(fname='C:\\Windows\\Fonts\\REFSPCL.TTF', name='MS Reference Specialty', style='normal', variant='normal', weight=400, stretch='normal', size='scalable')) = 10.335
2025-08-03 03:17:11,234 - matplotlib.font_manager - DEBUG - findfont: score(FontEntry(fname='C:\\Windows\\Fonts\\segoeui.ttf', name='Segoe UI', style='normal', variant='normal', weight=400, stretch='normal', size='scalable')) = 10.335
2025-08-03 03:17:11,235 - matplotlib.font_manager - DEBUG - findfont: score(FontEntry(fname='C:\\Windows\\Fonts\\ARIALNI.TTF', name='Arial', style='italic', variant='normal', weight=400, stretch='condensed', size='scalable')) = 7.8986363636363635
2025-08-03 03:17:11,242 - matplotlib.font_manager - DEBUG - findfont: score(FontEntry(fname='C:\\Windows\\Fonts\\Inkfree.ttf', name='Ink Free', style='normal', variant='normal', weight=400, stretch='normal', size='scalable')) = 10.335
2025-08-03 03:17:11,244 - matplotlib.font_manager - DEBUG - findfont: score(FontEntry(fname='C:\\Windows\\Fonts\\DUBAI-MEDIUM.TTF', name='Dubai', style='normal', variant='normal', weight=500, stretch='normal', size='scalable')) = 10.24
2025-08-03 03:17:11,246 - matplotlib.font_manager - DEBUG - findfont: score(FontEntry(fname='C:\\Windows\\Fonts\\comicbd.ttf', name='Comic Sans MS', style='normal', variant='normal', weight=700, stretch='normal', size='scalable')) = 10.05
2025-08-03 03:17:11,248 - matplotlib.font_manager - DEBUG - findfont: score(FontEntry(fname='C:\\Windows\\Fonts\\YuGothL.ttc', name='Yu Gothic', style='normal', variant='normal', weight=300, stretch='normal', size='scalable')) = 10.43
2025-08-03 03:17:11,249 - matplotlib.font_manager - DEBUG - findfont: score(FontEntry(fname='C:\\Windows\\Fonts\\webdings.ttf', name='Webdings', style='normal', variant='normal', weight=400, stretch='normal', size='scalable')) = 10.335
2025-08-03 03:17:11,250 - matplotlib.font_manager - DEBUG - findfont: score(FontEntry(fname='C:\\Windows\\Fonts\\framd.ttf', name='Franklin Gothic Medium', style='normal', variant='normal', weight=400, stretch='normal', size='scalable')) = 10.335
2025-08-03 03:17:11,251 - matplotlib.font_manager - DEBUG - findfont: score(FontEntry(fname='C:\\Windows\\Fonts\\msjh.ttc', name='Microsoft JhengHei', style='normal', variant='normal', weight=400, stretch='normal', size='scalable')) = 10.335
2025-08-03 03:17:11,252 - matplotlib.font_manager - DEBUG - findfont: score(FontEntry(fname='C:\\Windows\\Fonts\\l_10646.ttf', name='Lucida Sans Unicode', style='normal', variant='normal', weight=400, stretch='normal', size='scalable')) = 10.335
2025-08-03 03:17:11,259 - matplotlib.font_manager - DEBUG - findfont: score(FontEntry(fname='C:\\Windows\\Fonts\\LHANDW.TTF', name='Lucida Handwriting', style='italic', variant='normal', weight=400, stretch='normal', size='scalable')) = 11.335
2025-08-03 03:17:11,261 - matplotlib.font_manager - DEBUG - findfont: score(FontEntry(fname='C:\\Windows\\Fonts\\trebucbd.ttf', name='Trebuchet MS', style='normal', variant='normal', weight=700, stretch='normal', size='scalable')) = 10.05
2025-08-03 03:17:11,263 - matplotlib.font_manager - DEBUG - findfont: score(FontEntry(fname='C:\\Windows\\Fonts\\segoesc.ttf', name='Segoe Script', style='normal', variant='normal', weight=400, stretch='normal', size='scalable')) = 10.335
2025-08-03 03:17:11,264 - matplotlib.font_manager - DEBUG - findfont: score(FontEntry(fname='C:\\Windows\\Fonts\\MSUIGHUR.TTF', name='Microsoft Uighur', style='normal', variant='normal', weight=400, stretch='normal', size='scalable')) = 10.335
2025-08-03 03:17:11,266 - matplotlib.font_manager - DEBUG - findfont: score(FontEntry(fname='C:\\Windows\\Fonts\\CascadiaCode.ttf', name='Cascadia Code', style='normal', variant='normal', weight=400, stretch='normal', size='scalable')) = 10.335
2025-08-03 03:17:11,266 - matplotlib.font_manager - DEBUG - findfont: score(FontEntry(fname='C:\\Windows\\Fonts\\comic.ttf', name='Comic Sans MS', style='normal', variant='normal', weight=400, stretch='normal', size='scalable')) = 10.335
2025-08-03 03:17:11,267 - matplotlib.font_manager - DEBUG - findfont: score(FontEntry(fname='C:\\Windows\\Fonts\\GOTHICI.TTF', name='Century Gothic', style='italic', variant='normal', weight=400, stretch='normal', size='scalable')) = 11.335
2025-08-03 03:17:11,268 - matplotlib.font_manager - DEBUG - findfont: score(FontEntry(fname='C:\\Windows\\Fonts\\SegoeIcons.ttf', name='Segoe Fluent Icons', style='normal', variant='normal', weight=400, stretch='normal', size='scalable')) = 10.335
2025-08-03 03:17:11,273 - matplotlib.font_manager - DEBUG - findfont: score(FontEntry(fname='C:\\Windows\\Fonts\\verdanaz.ttf', name='Verdana', style='italic', variant='normal', weight=700, stretch='normal', size='scalable')) = 4.6863636363636365
2025-08-03 03:17:11,277 - matplotlib.font_manager - DEBUG - findfont: score(FontEntry(fname='C:\\Windows\\Fonts\\cour.ttf', name='Courier New', style='normal', variant='normal', weight=400, stretch='normal', size='scalable')) = 10.335
2025-08-03 03:17:11,278 - matplotlib.font_manager - DEBUG - findfont: score(FontEntry(fname='C:\\Windows\\Fonts\\BOOKOSI.TTF', name='Bookman Old Style', style='italic', variant='normal', weight=300, stretch='normal', size='scalable')) = 11.43
2025-08-03 03:17:11,280 - matplotlib.font_manager - DEBUG - findfont: score(FontEntry(fname='C:\\Windows\\Fonts\\mingliub.ttc', name='MingLiU-ExtB', style='normal', variant='normal', weight=400, stretch='normal', size='scalable')) = 10.335
2025-08-03 03:17:11,282 - matplotlib.font_manager - DEBUG - findfont: score(FontEntry(fname='C:\\Windows\\Fonts\\segoeuib.ttf', name='Segoe UI', style='normal', variant='normal', weight=700, stretch='normal', size='scalable')) = 10.05
2025-08-03 03:17:11,282 - matplotlib.font_manager - DEBUG - findfont: score(FontEntry(fname='C:\\Windows\\Fonts\\taileb.ttf', name='Microsoft Tai Le', style='normal', variant='normal', weight=700, stretch='normal', size='scalable')) = 10.05
2025-08-03 03:17:11,283 - matplotlib.font_manager - DEBUG - findfont: score(FontEntry(fname='C:\\Windows\\Fonts\\calibrib.ttf', name='Calibri', style='normal', variant='normal', weight=700, stretch='normal', size='scalable')) = 10.05
2025-08-03 03:17:11,284 - matplotlib.font_manager - DEBUG - findfont: score(FontEntry(fname='C:\\Windows\\Fonts\\CENTURY.TTF', name='Century', style='normal', variant='normal', weight=400, stretch='normal', size='scalable')) = 10.335
2025-08-03 03:17:11,290 - matplotlib.font_manager - DEBUG - findfont: score(FontEntry(fname='C:\\Windows\\Fonts\\Nirmala.ttc', name='Nirmala UI', style='normal', variant='normal', weight=400, stretch='normal', size='scalable')) = 10.335
2025-08-03 03:17:11,294 - matplotlib.font_manager - DEBUG - findfont: score(FontEntry(fname='C:\\Windows\\Fonts\\georgiab.ttf', name='Georgia', style='normal', variant='normal', weight=700, stretch='normal', size='scalable')) = 10.05
2025-08-03 03:17:11,296 - matplotlib.font_manager - DEBUG - findfont: score(FontEntry(fname='C:\\Windows\\Fonts\\seguibl.ttf', name='Segoe UI', style='normal', variant='normal', weight=900, stretch='normal', size='scalable')) = 10.24
2025-08-03 03:17:11,297 - matplotlib.font_manager - DEBUG - findfont: score(FontEntry(fname='C:\\Windows\\Fonts\\himalaya.ttf', name='Microsoft Himalaya', style='normal', variant='normal', weight=400, stretch='normal', size='scalable')) = 10.335
2025-08-03 03:17:11,299 - matplotlib.font_manager - DEBUG - findfont: score(FontEntry(fname='C:\\Windows\\Fonts\\WINGDNG3.TTF', name='Wingdings 3', style='normal', variant='normal', weight=400, stretch='normal', size='scalable')) = 10.335
2025-08-03 03:17:11,300 - matplotlib.font_manager - DEBUG - findfont: score(FontEntry(fname='C:\\Windows\\Fonts\\LeelawUI.ttf', name='Leelawadee UI', style='normal', variant='normal', weight=400, stretch='normal', size='scalable')) = 10.335
2025-08-03 03:17:11,310 - matplotlib.font_manager - DEBUG - findfont: score(FontEntry(fname='C:\\Windows\\Fonts\\msyhl.ttc', name='Microsoft YaHei', style='normal', variant='normal', weight=290, stretch='normal', size='scalable')) = 10.4395
2025-08-03 03:17:11,313 - matplotlib.font_manager - DEBUG - findfont: score(FontEntry(fname='C:\\Windows\\Fonts\\mvboli.ttf', name='MV Boli', style='normal', variant='normal', weight=400, stretch='normal', size='scalable')) = 10.335
2025-08-03 03:17:11,316 - matplotlib.font_manager - DEBUG - findfont: score(FontEntry(fname='C:\\Windows\\Fonts\\phagspa.ttf', name='Microsoft PhagsPa', style='normal', variant='normal', weight=400, stretch='normal', size='scalable')) = 10.335
2025-08-03 03:17:11,318 - matplotlib.font_manager - DEBUG - findfont: score(FontEntry(fname='C:\\Windows\\Fonts\\trebuc.ttf', name='Trebuchet MS', style='normal', variant='normal', weight=400, stretch='normal', size='scalable')) = 10.335
2025-08-03 03:17:11,319 - matplotlib.font_manager - DEBUG - findfont: score(FontEntry(fname='C:\\Windows\\Fonts\\GOTHICBI.TTF', name='Century Gothic', style='italic', variant='normal', weight=700, stretch='normal', size='scalable')) = 11.05
2025-08-03 03:17:11,331 - matplotlib.font_manager - DEBUG - findfont: score(FontEntry(fname='C:\\Windows\\Fonts\\phagspab.ttf', name='Microsoft PhagsPa', style='normal', variant='normal', weight=700, stretch='normal', size='scalable')) = 10.05
2025-08-03 03:17:11,336 - matplotlib.font_manager - DEBUG - findfont: score(FontEntry(fname='C:\\Windows\\Fonts\\verdanai.ttf', name='Verdana', style='italic', variant='normal', weight=400, stretch='normal', size='scalable')) = 4.971363636363637
2025-08-03 03:17:11,345 - matplotlib.font_manager - DEBUG - findfont: score(FontEntry(fname='C:\\Windows\\Fonts\\verdana.ttf', name='Verdana', style='normal', variant='normal', weight=400, stretch='normal', size='scalable')) = 3.9713636363636367
2025-08-03 03:17:11,350 - matplotlib.font_manager - DEBUG - findfont: score(FontEntry(fname='C:\\Windows\\Fonts\\verdanab.ttf', name='Verdana', style='normal', variant='normal', weight=700, stretch='normal', size='scalable')) = 3.6863636363636365
2025-08-03 03:17:11,351 - matplotlib.font_manager - DEBUG - findfont: score(FontEntry(fname='C:\\Windows\\Fonts\\msjhbd.ttc', name='Microsoft JhengHei', style='normal', variant='normal', weight=700, stretch='normal', size='scalable')) = 10.05
2025-08-03 03:17:11,352 - matplotlib.font_manager - DEBUG - findfont: score(FontEntry(fname='C:\\Windows\\Fonts\\gadugib.ttf', name='Gadugi', style='normal', variant='normal', weight=700, stretch='normal', size='scalable')) = 10.05
2025-08-03 03:17:11,353 - matplotlib.font_manager - DEBUG - findfont: score(FontEntry(fname='C:\\Windows\\Fonts\\consola.ttf', name='Consolas', style='normal', variant='normal', weight=400, stretch='normal', size='scalable')) = 10.335
2025-08-03 03:17:11,369 - matplotlib.font_manager - DEBUG - findfont: score(FontEntry(fname='C:\\Windows\\Fonts\\malgunbd.ttf', name='Malgun Gothic', style='normal', variant='normal', weight=700, stretch='normal', size='scalable')) = 10.05
2025-08-03 03:17:11,375 - matplotlib.font_manager - DEBUG - findfont: score(FontEntry(fname='C:\\Windows\\Fonts\\OUTLOOK.TTF', name='MS Outlook', style='normal', variant='normal', weight=400, stretch='normal', size='scalable')) = 10.335
2025-08-03 03:17:11,378 - matplotlib.font_manager - DEBUG - findfont: score(FontEntry(fname='C:\\Windows\\Fonts\\BSSYM7.TTF', name='Bookshelf Symbol 7', style='normal', variant='normal', weight=400, stretch='normal', size='scalable')) = 10.335
2025-08-03 03:17:11,381 - matplotlib.font_manager - DEBUG - findfont: score(FontEntry(fname='C:\\Windows\\Fonts\\ebrimabd.ttf', name='Ebrima', style='normal', variant='normal', weight=700, stretch='normal', size='scalable')) = 10.05
2025-08-03 03:17:11,384 - matplotlib.font_manager - DEBUG - findfont: score(FontEntry(fname='C:\\Windows\\Fonts\\palab.ttf', name='Palatino Linotype', style='normal', variant='normal', weight=700, stretch='normal', size='scalable')) = 10.05
2025-08-03 03:17:11,385 - matplotlib.font_manager - DEBUG - findfont: score(FontEntry(fname='C:\\Windows\\Fonts\\ANTQUAI.TTF', name='Book Antiqua', style='italic', variant='normal', weight=400, stretch='normal', size='scalable')) = 11.335
2025-08-03 03:17:11,386 - matplotlib.font_manager - DEBUG - findfont: score(FontEntry(fname='C:\\Windows\\Fonts\\calibrii.ttf', name='Calibri', style='italic', variant='normal', weight=400, stretch='normal', size='scalable')) = 11.335
2025-08-03 03:17:11,399 - matplotlib.font_manager - DEBUG - findfont: score(FontEntry(fname='C:\\Windows\\Fonts\\georgiaz.ttf', name='Georgia', style='italic', variant='normal', weight=700, stretch='normal', size='scalable')) = 11.05
2025-08-03 03:17:11,402 - matplotlib.font_manager - DEBUG - findfont: score(FontEntry(fname='C:\\Windows\\Fonts\\constani.ttf', name='Constantia', style='italic', variant='normal', weight=400, stretch='normal', size='scalable')) = 11.335
2025-08-03 03:17:11,410 - matplotlib.font_manager - DEBUG - findfont: score(FontEntry(fname='C:\\Windows\\Fonts\\wingding.ttf', name='Wingdings', style='normal', variant='normal', weight=400, stretch='normal', size='scalable')) = 10.335
2025-08-03 03:17:11,411 - matplotlib.font_manager - DEBUG - findfont: score(FontEntry(fname='C:\\Windows\\Fonts\\calibri.ttf', name='Calibri', style='normal', variant='normal', weight=400, stretch='normal', size='scalable')) = 10.335
2025-08-03 03:17:11,413 - matplotlib.font_manager - DEBUG - findfont: score(FontEntry(fname='C:\\Windows\\Fonts\\ebrima.ttf', name='Ebrima', style='normal', variant='normal', weight=400, stretch='normal', size='scalable')) = 10.335
2025-08-03 03:17:11,414 - matplotlib.font_manager - DEBUG - findfont: score(FontEntry(fname='C:\\Windows\\Fonts\\YuGothR.ttc', name='Yu Gothic', style='normal', variant='normal', weight=400, stretch='normal', size='scalable')) = 10.335
2025-08-03 03:17:11,416 - matplotlib.font_manager - DEBUG - findfont: score(FontEntry(fname='C:\\Windows\\Fonts\\segoescb.ttf', name='Segoe Script', style='normal', variant='normal', weight=700, stretch='normal', size='scalable')) = 10.05
2025-08-03 03:17:11,417 - matplotlib.font_manager - DEBUG - findfont: score(FontEntry(fname='C:\\Windows\\Fonts\\msjhl.ttc', name='Microsoft JhengHei', style='normal', variant='normal', weight=290, stretch='normal', size='scalable')) = 10.4395
2025-08-03 03:17:11,417 - matplotlib.font_manager - DEBUG - findfont: score(FontEntry(fname='C:\\Windows\\Fonts\\comici.ttf', name='Comic Sans MS', style='italic', variant='normal', weight=400, stretch='normal', size='scalable')) = 11.335
2025-08-03 03:17:11,418 - matplotlib.font_manager - DEBUG - findfont: score(FontEntry(fname='C:\\Windows\\Fonts\\sylfaen.ttf', name='Sylfaen', style='normal', variant='normal', weight=400, stretch='normal', size='scalable')) = 10.335
2025-08-03 03:17:11,424 - matplotlib.font_manager - DEBUG - findfont: score(FontEntry(fname='C:\\Windows\\Fonts\\Candaraz.ttf', name='Candara', style='italic', variant='normal', weight=700, stretch='normal', size='scalable')) = 11.05
2025-08-03 03:17:11,427 - matplotlib.font_manager - DEBUG - findfont: score(FontEntry(fname='C:\\Windows\\Fonts\\segoeuil.ttf', name='Segoe UI', style='normal', variant='normal', weight=300, stretch='normal', size='scalable')) = 10.43
2025-08-03 03:17:11,429 - matplotlib.font_manager - DEBUG - findfont: score(FontEntry(fname='C:\\Windows\\Fonts\\BKANT.TTF', name='Book Antiqua', style='normal', variant='normal', weight=400, stretch='normal', size='scalable')) = 10.335
2025-08-03 03:17:11,431 - matplotlib.font_manager - DEBUG - findfont: score(FontEntry(fname='C:\\Windows\\Fonts\\corbelz.ttf', name='Corbel', style='italic', variant='normal', weight=700, stretch='normal', size='scalable')) = 11.05
2025-08-03 03:17:11,432 - matplotlib.font_manager - DEBUG - findfont: score(FontEntry(fname='C:\\Windows\\Fonts\\DUBAI-LIGHT.TTF', name='Dubai', style='normal', variant='normal', weight=300, stretch='normal', size='scalable')) = 10.43
2025-08-03 03:17:11,433 - matplotlib.font_manager - DEBUG - findfont: score(FontEntry(fname='C:\\Windows\\Fonts\\palai.ttf', name='Palatino Linotype', style='italic', variant='normal', weight=400, stretch='normal', size='scalable')) = 11.335
2025-08-03 03:17:11,434 - matplotlib.font_manager - DEBUG - findfont: score(FontEntry(fname='C:\\Windows\\Fonts\\arialbi.ttf', name='Arial', style='italic', variant='normal', weight=700, stretch='normal', size='scalable')) = 7.413636363636363
2025-08-03 03:17:11,436 - matplotlib.font_manager - DEBUG - findfont: score(FontEntry(fname='C:\\Windows\\Fonts\\calibril.ttf', name='Calibri', style='normal', variant='normal', weight=300, stretch='normal', size='scalable')) = 10.43
2025-08-03 03:17:11,445 - matplotlib.font_manager - DEBUG - findfont: score(FontEntry(fname='C:\\Windows\\Fonts\\georgiai.ttf', name='Georgia', style='italic', variant='normal', weight=400, stretch='normal', size='scalable')) = 11.335
2025-08-03 03:17:11,448 - matplotlib.font_manager - DEBUG - findfont: score(FontEntry(fname='C:\\Windows\\Fonts\\cambria.ttc', name='Cambria', style='normal', variant='normal', weight=400, stretch='normal', size='scalable')) = 10.335
2025-08-03 03:17:11,449 - matplotlib.font_manager - DEBUG - findfont: score(FontEntry(fname='C:\\Windows\\Fonts\\micross.ttf', name='Microsoft Sans Serif', style='normal', variant='normal', weight=400, stretch='normal', size='scalable')) = 10.335
2025-08-03 03:17:11,450 - matplotlib.font_manager - DEBUG - findfont: score(FontEntry(fname='C:\\Windows\\Fonts\\corbelb.ttf', name='Corbel', style='normal', variant='normal', weight=700, stretch='normal', size='scalable')) = 10.05
2025-08-03 03:17:11,450 - matplotlib.font_manager - DEBUG - findfont: score(FontEntry(fname='C:\\Windows\\Fonts\\impact.ttf', name='Impact', style='normal', variant='normal', weight=400, stretch='normal', size='scalable')) = 10.335
2025-08-03 03:17:11,451 - matplotlib.font_manager - DEBUG - findfont: score(FontEntry(fname='C:\\Windows\\Fonts\\segoeprb.ttf', name='Segoe Print', style='normal', variant='normal', weight=700, stretch='normal', size='scalable')) = 10.05
2025-08-03 03:17:11,452 - matplotlib.font_manager - DEBUG - findfont: score(FontEntry(fname='C:\\Windows\\Fonts\\georgia.ttf', name='Georgia', style='normal', variant='normal', weight=400, stretch='normal', size='scalable')) = 10.335
2025-08-03 03:17:11,453 - matplotlib.font_manager - DEBUG - findfont: Matching sans\-serif:style=normal:variant=normal:weight=bold:stretch=normal:size=16.0 to DejaVu Sans ('C:\\Users\\Nii Amu Ankrah\\AppData\\Roaming\\Python\\Python313\\site-packages\\matplotlib\\mpl-data\\fonts\\ttf\\DejaVuSans-Bold.ttf') with score of 0.050000.
2025-08-03 03:17:13,856 - __main__ - INFO - Data distribution visualization saved
2025-08-03 03:17:13,859 - __main__ - INFO - Creating train-test split...
2025-08-03 03:17:13,938 - src.data_processor - INFO - Train-test split completed: Train=(8984, 500), Test=(2995, 500)
2025-08-03 03:17:13,943 - __main__ - INFO - Initializing and training model...
2025-08-03 03:17:14,614 - src.cnn_model - INFO - CNN1D model architecture created successfully
2025-08-03 03:17:14,614 - src.cnn_model - INFO - Model input shape: (1681, 1)
2025-08-03 03:17:14,615 - src.cnn_model - INFO - Model output classes: 8
2025-08-03 03:17:14,615 - src.cnn_model - INFO - CNN1D model initialized successfully
2025-08-03 03:17:15,035 - src.cnn_model - INFO - CNN1D model architecture created successfully
2025-08-03 03:17:15,064 - src.cnn_model - INFO - Model input shape: (1681, 1)
2025-08-03 03:17:15,082 - src.cnn_model - INFO - Model output classes: 8
2025-08-03 03:17:15,091 - __main__ - INFO - Training model...
2025-08-03 03:17:15,100 - __main__ - ERROR - Training pipeline with visualizations failed: You must call `compile()` before using the model.
2025-08-03 03:17:15,102 - __main__ - ERROR - Check the logs for detailed error information
2025-08-03 03:17:15,267 - __main__ - ERROR - Error: You must call `compile()` before using the model.
2025-08-03 03:18:00,672 - __main__ - INFO - Setting up training environment...
2025-08-03 03:18:00,672 - __main__ - INFO - Current working directory: C:\Users\Nii Amu Ankrah\OneDrive\Documents\Desktop\CNN_Motor\SEP Monitoring Dashboard\backend\ml
2025-08-03 03:18:00,673 - __main__ - INFO - Training environment setup complete
2025-08-03 03:18:00,673 - __main__ - INFO - Validating dataset...
2025-08-03 03:18:00,675 - __main__ - INFO - Found 43 unloaded condition files
2025-08-03 03:18:00,675 - __main__ - INFO - Found 38 loaded condition files
2025-08-03 03:18:00,676 - __main__ - INFO - Dataset validation complete
2025-08-03 03:18:00,676 - __main__ - INFO - ================================================================================
2025-08-03 03:18:00,676 - __main__ - INFO - STARTING TRAINING PIPELINE WITH VISUALIZATIONS
2025-08-03 03:18:00,677 - __main__ - INFO - ================================================================================
2025-08-03 03:18:00,677 - __main__ - INFO - Training started at: 2025-08-03 03:18:00.677295
2025-08-03 03:18:00,678 - __main__ - INFO - Visualizations folder created: visualizations
2025-08-03 03:18:00,678 - __main__ - INFO - Initializing data processor...
2025-08-03 03:18:00,678 - __main__ - INFO - Loading and preparing data...
2025-08-03 03:18:00,679 - __main__ - INFO - Loading and preprocessing dataset with memory optimization...
2025-08-03 03:18:00,679 - __main__ - INFO - Loading dataset with memory optimization...
2025-08-03 03:18:00,862 - __main__ - INFO - Loaded 2_CSV_Data_Files\1_Unloaded_Condition\healthy_unloaded_1_0.csv: (100000, 5) samples
2025-08-03 03:18:00,863 - __main__ - INFO - Loaded healthy_unloaded_1_0.csv for category healthy
2025-08-03 03:18:01,059 - __main__ - INFO - Loaded 2_CSV_Data_Files\1_Unloaded_Condition\healthy_unloaded_2_0.csv: (100000, 5) samples
2025-08-03 03:18:01,061 - __main__ - INFO - Loaded healthy_unloaded_2_0.csv for category healthy
2025-08-03 03:18:01,240 - __main__ - INFO - Loaded 2_CSV_Data_Files\2_Loaded_Condition\healthy_loaded_1_1.csv: (100000, 5) samples
2025-08-03 03:18:01,241 - __main__ - INFO - Loaded healthy_loaded_1_1.csv for category healthy
2025-08-03 03:18:01,424 - __main__ - INFO - Loaded 2_CSV_Data_Files\2_Loaded_Condition\healthy_loaded_2_1.csv: (100000, 5) samples
2025-08-03 03:18:01,425 - __main__ - INFO - Loaded healthy_loaded_2_1.csv for category healthy
2025-08-03 03:18:01,445 - __main__ - INFO - Category healthy: 400000 samples
2025-08-03 03:18:01,628 - __main__ - INFO - Loaded 2_CSV_Data_Files\1_Unloaded_Condition\bowed_rotor_unloaded_1_0.csv: (100000, 5) samples
2025-08-03 03:18:01,629 - __main__ - INFO - Loaded bowed_rotor_unloaded_1_0.csv for category bowed_rotor
2025-08-03 03:18:01,811 - __main__ - INFO - Loaded 2_CSV_Data_Files\1_Unloaded_Condition\bowed_rotor_unloaded_2_0.csv: (100000, 5) samples
2025-08-03 03:18:01,812 - __main__ - INFO - Loaded bowed_rotor_unloaded_2_0.csv for category bowed_rotor
2025-08-03 03:18:01,994 - __main__ - INFO - Loaded 2_CSV_Data_Files\2_Loaded_Condition\bowed_rotor_loaded_1_1.csv: (100000, 5) samples
2025-08-03 03:18:01,995 - __main__ - INFO - Loaded bowed_rotor_loaded_1_1.csv for category bowed_rotor
2025-08-03 03:18:02,160 - __main__ - INFO - Loaded 2_CSV_Data_Files\2_Loaded_Condition\bowed_rotor_loaded_2_1.csv: (100000, 5) samples
2025-08-03 03:18:02,161 - __main__ - INFO - Loaded bowed_rotor_loaded_2_1.csv for category bowed_rotor
2025-08-03 03:18:02,185 - __main__ - INFO - Category bowed_rotor: 400000 samples
2025-08-03 03:18:02,446 - __main__ - INFO - Loaded 2_CSV_Data_Files\1_Unloaded_Condition\faulty_bearing_unloaded _1_0.csv: (100000, 5) samples
2025-08-03 03:18:02,450 - __main__ - INFO - Loaded faulty_bearing_unloaded _1_0.csv for category faulty_bearing
2025-08-03 03:18:02,708 - __main__ - INFO - Loaded 2_CSV_Data_Files\1_Unloaded_Condition\faulty_bearing_unloaded _2_0.csv: (100000, 5) samples
2025-08-03 03:18:02,710 - __main__ - INFO - Loaded faulty_bearing_unloaded _2_0.csv for category faulty_bearing
2025-08-03 03:18:02,972 - __main__ - INFO - Loaded 2_CSV_Data_Files\2_Loaded_Condition\faulty_bearing_loaded _1_1.csv: (100000, 5) samples
2025-08-03 03:18:02,973 - __main__ - INFO - Loaded faulty_bearing_loaded _1_1.csv for category faulty_bearing
2025-08-03 03:18:03,195 - __main__ - INFO - Loaded 2_CSV_Data_Files\2_Loaded_Condition\faulty_bearing_loaded _2_1.csv: (100000, 5) samples
2025-08-03 03:18:03,196 - __main__ - INFO - Loaded faulty_bearing_loaded _2_1.csv for category faulty_bearing
2025-08-03 03:18:03,228 - __main__ - INFO - Category faulty_bearing: 400000 samples
2025-08-03 03:18:03,477 - __main__ - INFO - Loaded 2_CSV_Data_Files\1_Unloaded_Condition\broken_rotor_bars_unloaded_2_0.csv: (100000, 5) samples
2025-08-03 03:18:03,483 - __main__ - INFO - Loaded broken_rotor_bars_unloaded_2_0.csv for category broken_rotor_bars
2025-08-03 03:18:03,705 - __main__ - INFO - Loaded 2_CSV_Data_Files\1_Unloaded_Condition\broken_rotor_bars_unloaded_3_0.csv: (100000, 5) samples
2025-08-03 03:18:03,707 - __main__ - INFO - Loaded broken_rotor_bars_unloaded_3_0.csv for category broken_rotor_bars
2025-08-03 03:18:03,924 - __main__ - INFO - Loaded 2_CSV_Data_Files\2_Loaded_Condition\broken_rotor_bars_loaded_1_1.csv: (100000, 5) samples
2025-08-03 03:18:03,925 - __main__ - INFO - Loaded broken_rotor_bars_loaded_1_1.csv for category broken_rotor_bars
2025-08-03 03:18:04,193 - __main__ - INFO - Loaded 2_CSV_Data_Files\2_Loaded_Condition\broken_rotor_bars_loaded_2_1.csv: (100000, 5) samples
2025-08-03 03:18:04,195 - __main__ - INFO - Loaded broken_rotor_bars_loaded_2_1.csv for category broken_rotor_bars
2025-08-03 03:18:04,240 - __main__ - INFO - Category broken_rotor_bars: 400000 samples
2025-08-03 03:18:04,509 - __main__ - INFO - Loaded 2_CSV_Data_Files\1_Unloaded_Condition\rotor_misalignment_unloaded_1_0.csv: (100000, 5) samples
2025-08-03 03:18:04,511 - __main__ - INFO - Loaded rotor_misalignment_unloaded_1_0.csv for category rotor_misalignment
2025-08-03 03:18:04,690 - __main__ - INFO - Loaded 2_CSV_Data_Files\1_Unloaded_Condition\rotor_misalignment_unloaded_2_0.csv: (100000, 5) samples
2025-08-03 03:18:04,691 - __main__ - INFO - Loaded rotor_misalignment_unloaded_2_0.csv for category rotor_misalignment
2025-08-03 03:18:04,907 - __main__ - INFO - Loaded 2_CSV_Data_Files\2_Loaded_Condition\rotor_misalignment_loaded_1_1.csv: (100000, 5) samples
2025-08-03 03:18:04,908 - __main__ - INFO - Loaded rotor_misalignment_loaded_1_1.csv for category rotor_misalignment
2025-08-03 03:18:05,140 - __main__ - INFO - Loaded 2_CSV_Data_Files\2_Loaded_Condition\rotor_misalignment_loaded_2_1.csv: (100000, 5) samples
2025-08-03 03:18:05,141 - __main__ - INFO - Loaded rotor_misalignment_loaded_2_1.csv for category rotor_misalignment
2025-08-03 03:18:05,185 - __main__ - INFO - Category rotor_misalignment: 400000 samples
2025-08-03 03:18:05,497 - __main__ - INFO - Loaded 2_CSV_Data_Files\1_Unloaded_Condition\rotor_unbalanced_unloaded_1_0.csv: (100000, 5) samples
2025-08-03 03:18:05,501 - __main__ - INFO - Loaded rotor_unbalanced_unloaded_1_0.csv for category rotor_unbalanced
2025-08-03 03:18:05,763 - __main__ - INFO - Loaded 2_CSV_Data_Files\1_Unloaded_Condition\rotor_unbalanced_unloaded_3_0.csv: (100000, 5) samples
2025-08-03 03:18:05,767 - __main__ - INFO - Loaded rotor_unbalanced_unloaded_3_0.csv for category rotor_unbalanced
2025-08-03 03:18:05,795 - __main__ - INFO - Category rotor_unbalanced: 200000 samples
2025-08-03 03:18:06,025 - __main__ - INFO - Loaded 2_CSV_Data_Files\1_Unloaded_Condition\stator_winding_unloaded_1_0.csv: (100000, 5) samples
2025-08-03 03:18:06,027 - __main__ - INFO - Loaded stator_winding_unloaded_1_0.csv for category stator_winding
2025-08-03 03:18:06,251 - __main__ - INFO - Loaded 2_CSV_Data_Files\1_Unloaded_Condition\stator_winding_unloaded_2_0.csv: (100000, 5) samples
2025-08-03 03:18:06,253 - __main__ - INFO - Loaded stator_winding_unloaded_2_0.csv for category stator_winding
2025-08-03 03:18:06,269 - __main__ - INFO - Category stator_winding: 200000 samples
2025-08-03 03:18:06,272 - __main__ - WARNING - No data found for category: voltage_unbalanced
2025-08-03 03:18:06,689 - __main__ - INFO - Total dataset loaded: 2400000 samples
2025-08-03 03:18:07,059 - src.data_processor - INFO - Category 0 (healthy): 1997 samples generated
2025-08-03 03:18:07,095 - src.data_processor - INFO - Category 1 (bowed_rotor): 1997 samples generated
2025-08-03 03:18:07,246 - src.data_processor - INFO - Category 2 (faulty_bearing): 1997 samples generated
2025-08-03 03:18:07,411 - src.data_processor - INFO - Category 3 (broken_rotor_bars): 1997 samples generated
2025-08-03 03:18:07,500 - src.data_processor - INFO - Category 4 (rotor_misalignment): 1997 samples generated
2025-08-03 03:18:07,592 - src.data_processor - INFO - Category 5 (rotor_unbalanced): 997 samples generated
2025-08-03 03:18:07,657 - src.data_processor - INFO - Category 6 (stator_winding): 997 samples generated
2025-08-03 03:18:07,658 - src.data_processor - WARNING - Empty data array for category 7, skipping
2025-08-03 03:18:07,658 - src.data_processor - INFO - Total samples generated: 11979
2025-08-03 03:18:07,703 - __main__ - INFO - Dataset loaded successfully:
2025-08-03 03:18:07,703 - __main__ - INFO -   - Total samples: 11979
2025-08-03 03:18:07,704 - __main__ - INFO -   - Sample shape: (500,)
2025-08-03 03:18:07,704 - __main__ - INFO -   - Label shape: (11979, 8)
2025-08-03 03:18:07,736 - __main__ - INFO - Dataset loaded successfully:
2025-08-03 03:18:07,736 - __main__ - INFO -   - Total samples: 11979
2025-08-03 03:18:07,737 - __main__ - INFO -   - Sample shape: (500,)
2025-08-03 03:18:07,738 - __main__ - INFO -   - Label shape: (11979, 8)
2025-08-03 03:18:07,738 - __main__ - INFO - Creating data distribution visualization...
2025-08-03 03:18:07,739 - __main__ - INFO - Creating data distribution visualization...
2025-08-03 03:18:07,952 - matplotlib.pyplot - DEBUG - Loaded backend tkagg version 8.6.
2025-08-03 03:18:08,100 - PIL.PngImagePlugin - DEBUG - STREAM b'IHDR' 16 13
2025-08-03 03:18:08,101 - PIL.PngImagePlugin - DEBUG - STREAM b'sBIT' 41 4
2025-08-03 03:18:08,102 - PIL.PngImagePlugin - DEBUG - b'sBIT' 41 4 (unknown)
2025-08-03 03:18:08,102 - PIL.PngImagePlugin - DEBUG - STREAM b'pHYs' 57 9
2025-08-03 03:18:08,102 - PIL.PngImagePlugin - DEBUG - STREAM b'IDAT' 78 1189
2025-08-03 03:18:08,121 - PIL.PngImagePlugin - DEBUG - STREAM b'IHDR' 16 13
2025-08-03 03:18:08,121 - PIL.PngImagePlugin - DEBUG - STREAM b'sBIT' 41 4
2025-08-03 03:18:08,121 - PIL.PngImagePlugin - DEBUG - b'sBIT' 41 4 (unknown)
2025-08-03 03:18:08,121 - PIL.PngImagePlugin - DEBUG - STREAM b'pHYs' 57 9
2025-08-03 03:18:08,122 - PIL.PngImagePlugin - DEBUG - STREAM b'IDAT' 78 2994
2025-08-03 03:18:08,221 - PIL.PngImagePlugin - DEBUG - STREAM b'IHDR' 16 13
2025-08-03 03:18:08,222 - PIL.PngImagePlugin - DEBUG - STREAM b'sBIT' 41 4
2025-08-03 03:18:08,223 - PIL.PngImagePlugin - DEBUG - b'sBIT' 41 4 (unknown)
2025-08-03 03:18:08,225 - PIL.PngImagePlugin - DEBUG - STREAM b'pHYs' 57 9
2025-08-03 03:18:08,226 - PIL.PngImagePlugin - DEBUG - STREAM b'IDAT' 78 696
2025-08-03 03:18:08,234 - PIL.PngImagePlugin - DEBUG - STREAM b'IHDR' 16 13
2025-08-03 03:18:08,235 - PIL.PngImagePlugin - DEBUG - STREAM b'sBIT' 41 4
2025-08-03 03:18:08,236 - PIL.PngImagePlugin - DEBUG - b'sBIT' 41 4 (unknown)
2025-08-03 03:18:08,236 - PIL.PngImagePlugin - DEBUG - STREAM b'pHYs' 57 9
2025-08-03 03:18:08,237 - PIL.PngImagePlugin - DEBUG - STREAM b'IDAT' 78 526
2025-08-03 03:18:08,244 - PIL.PngImagePlugin - DEBUG - STREAM b'IHDR' 16 13
2025-08-03 03:18:08,245 - PIL.PngImagePlugin - DEBUG - STREAM b'sBIT' 41 4
2025-08-03 03:18:08,253 - PIL.PngImagePlugin - DEBUG - b'sBIT' 41 4 (unknown)
2025-08-03 03:18:08,255 - PIL.PngImagePlugin - DEBUG - STREAM b'pHYs' 57 9
2025-08-03 03:18:08,257 - PIL.PngImagePlugin - DEBUG - STREAM b'IDAT' 78 499
2025-08-03 03:18:08,263 - PIL.PngImagePlugin - DEBUG - STREAM b'IHDR' 16 13
2025-08-03 03:18:08,270 - PIL.PngImagePlugin - DEBUG - STREAM b'sBIT' 41 4
2025-08-03 03:18:08,273 - PIL.PngImagePlugin - DEBUG - b'sBIT' 41 4 (unknown)
2025-08-03 03:18:08,275 - PIL.PngImagePlugin - DEBUG - STREAM b'pHYs' 57 9
2025-08-03 03:18:08,278 - PIL.PngImagePlugin - DEBUG - STREAM b'IDAT' 78 673
2025-08-03 03:18:08,289 - PIL.PngImagePlugin - DEBUG - STREAM b'IHDR' 16 13
2025-08-03 03:18:08,291 - PIL.PngImagePlugin - DEBUG - STREAM b'sBIT' 41 4
2025-08-03 03:18:08,292 - PIL.PngImagePlugin - DEBUG - b'sBIT' 41 4 (unknown)
2025-08-03 03:18:08,292 - PIL.PngImagePlugin - DEBUG - STREAM b'pHYs' 57 9
2025-08-03 03:18:08,293 - PIL.PngImagePlugin - DEBUG - STREAM b'IDAT' 78 922
2025-08-03 03:18:08,304 - PIL.PngImagePlugin - DEBUG - STREAM b'IHDR' 16 13
2025-08-03 03:18:08,305 - PIL.PngImagePlugin - DEBUG - STREAM b'sBIT' 41 4
2025-08-03 03:18:08,305 - PIL.PngImagePlugin - DEBUG - b'sBIT' 41 4 (unknown)
2025-08-03 03:18:08,306 - PIL.PngImagePlugin - DEBUG - STREAM b'pHYs' 57 9
2025-08-03 03:18:08,306 - PIL.PngImagePlugin - DEBUG - STREAM b'IDAT' 78 568
2025-08-03 03:18:08,310 - PIL.PngImagePlugin - DEBUG - STREAM b'IHDR' 16 13
2025-08-03 03:18:08,310 - PIL.PngImagePlugin - DEBUG - STREAM b'sBIT' 41 4
2025-08-03 03:18:08,311 - PIL.PngImagePlugin - DEBUG - b'sBIT' 41 4 (unknown)
2025-08-03 03:18:08,311 - PIL.PngImagePlugin - DEBUG - STREAM b'pHYs' 57 9
2025-08-03 03:18:08,311 - PIL.PngImagePlugin - DEBUG - STREAM b'IDAT' 78 626
2025-08-03 03:18:08,326 - matplotlib.font_manager - DEBUG - findfont: Matching sans\-serif:style=normal:variant=normal:weight=normal:stretch=normal:size=10.0.
2025-08-03 03:18:08,327 - matplotlib.font_manager - DEBUG - findfont: score(FontEntry(fname='C:\\Users\\Nii Amu Ankrah\\AppData\\Roaming\\Python\\Python313\\site-packages\\matplotlib\\mpl-data\\fonts\\ttf\\STIXGeneral.ttf', name='STIXGeneral', style='normal', variant='normal', weight=400, stretch='normal', size='scalable')) = 10.05
2025-08-03 03:18:08,328 - matplotlib.font_manager - DEBUG - findfont: score(FontEntry(fname='C:\\Users\\Nii Amu Ankrah\\AppData\\Roaming\\Python\\Python313\\site-packages\\matplotlib\\mpl-data\\fonts\\ttf\\DejaVuSansMono.ttf', name='DejaVu Sans Mono', style='normal', variant='normal', weight=400, stretch='normal', size='scalable')) = 10.05
2025-08-03 03:18:08,334 - matplotlib.font_manager - DEBUG - findfont: score(FontEntry(fname='C:\\Users\\Nii Amu Ankrah\\AppData\\Roaming\\Python\\Python313\\site-packages\\matplotlib\\mpl-data\\fonts\\ttf\\STIXSizThreeSymReg.ttf', name='STIXSizeThreeSym', style='normal', variant='normal', weight=400, stretch='normal', size='scalable')) = 10.05
2025-08-03 03:18:08,338 - matplotlib.font_manager - DEBUG - findfont: score(FontEntry(fname='C:\\Users\\Nii Amu Ankrah\\AppData\\Roaming\\Python\\Python313\\site-packages\\matplotlib\\mpl-data\\fonts\\ttf\\STIXSizFourSymBol.ttf', name='STIXSizeFourSym', style='normal', variant='normal', weight=700, stretch='normal', size='scalable')) = 10.335
2025-08-03 03:18:08,340 - matplotlib.font_manager - DEBUG - findfont: score(FontEntry(fname='C:\\Users\\Nii Amu Ankrah\\AppData\\Roaming\\Python\\Python313\\site-packages\\matplotlib\\mpl-data\\fonts\\ttf\\STIXSizFiveSymReg.ttf', name='STIXSizeFiveSym', style='normal', variant='normal', weight=400, stretch='normal', size='scalable')) = 10.05
2025-08-03 03:18:08,340 - matplotlib.font_manager - DEBUG - findfont: score(FontEntry(fname='C:\\Users\\Nii Amu Ankrah\\AppData\\Roaming\\Python\\Python313\\site-packages\\matplotlib\\mpl-data\\fonts\\ttf\\cmss10.ttf', name='cmss10', style='normal', variant='normal', weight=400, stretch='normal', size='scalable')) = 10.05
2025-08-03 03:18:08,341 - matplotlib.font_manager - DEBUG - findfont: score(FontEntry(fname='C:\\Users\\Nii Amu Ankrah\\AppData\\Roaming\\Python\\Python313\\site-packages\\matplotlib\\mpl-data\\fonts\\ttf\\DejaVuSans.ttf', name='DejaVu Sans', style='normal', variant='normal', weight=400, stretch='normal', size='scalable')) = 0.05
2025-08-03 03:18:08,342 - matplotlib.font_manager - DEBUG - findfont: score(FontEntry(fname='C:\\Users\\Nii Amu Ankrah\\AppData\\Roaming\\Python\\Python313\\site-packages\\matplotlib\\mpl-data\\fonts\\ttf\\DejaVuSerifDisplay.ttf', name='DejaVu Serif Display', style='normal', variant='normal', weight=400, stretch='normal', size='scalable')) = 10.05
2025-08-03 03:18:08,343 - matplotlib.font_manager - DEBUG - findfont: score(FontEntry(fname='C:\\Users\\Nii Amu Ankrah\\AppData\\Roaming\\Python\\Python313\\site-packages\\matplotlib\\mpl-data\\fonts\\ttf\\cmb10.ttf', name='cmb10', style='normal', variant='normal', weight=400, stretch='normal', size='scalable')) = 10.05
2025-08-03 03:18:08,344 - matplotlib.font_manager - DEBUG - findfont: score(FontEntry(fname='C:\\Users\\Nii Amu Ankrah\\AppData\\Roaming\\Python\\Python313\\site-packages\\matplotlib\\mpl-data\\fonts\\ttf\\DejaVuSerif-Bold.ttf', name='DejaVu Serif', style='normal', variant='normal', weight=700, stretch='normal', size='scalable')) = 10.335
2025-08-03 03:18:08,346 - matplotlib.font_manager - DEBUG - findfont: score(FontEntry(fname='C:\\Users\\Nii Amu Ankrah\\AppData\\Roaming\\Python\\Python313\\site-packages\\matplotlib\\mpl-data\\fonts\\ttf\\cmmi10.ttf', name='cmmi10', style='normal', variant='normal', weight=400, stretch='normal', size='scalable')) = 10.05
2025-08-03 03:18:08,351 - matplotlib.font_manager - DEBUG - findfont: score(FontEntry(fname='C:\\Users\\Nii Amu Ankrah\\AppData\\Roaming\\Python\\Python313\\site-packages\\matplotlib\\mpl-data\\fonts\\ttf\\STIXNonUniBolIta.ttf', name='STIXNonUnicode', style='italic', variant='normal', weight=700, stretch='normal', size='scalable')) = 11.335
2025-08-03 03:18:08,352 - matplotlib.font_manager - DEBUG - findfont: score(FontEntry(fname='C:\\Users\\Nii Amu Ankrah\\AppData\\Roaming\\Python\\Python313\\site-packages\\matplotlib\\mpl-data\\fonts\\ttf\\DejaVuSerif-Italic.ttf', name='DejaVu Serif', style='italic', variant='normal', weight=400, stretch='normal', size='scalable')) = 11.05
2025-08-03 03:18:08,353 - matplotlib.font_manager - DEBUG - findfont: score(FontEntry(fname='C:\\Users\\Nii Amu Ankrah\\AppData\\Roaming\\Python\\Python313\\site-packages\\matplotlib\\mpl-data\\fonts\\ttf\\STIXNonUni.ttf', name='STIXNonUnicode', style='normal', variant='normal', weight=400, stretch='normal', size='scalable')) = 10.05
2025-08-03 03:18:08,354 - matplotlib.font_manager - DEBUG - findfont: score(FontEntry(fname='C:\\Users\\Nii Amu Ankrah\\AppData\\Roaming\\Python\\Python313\\site-packages\\matplotlib\\mpl-data\\fonts\\ttf\\DejaVuSansDisplay.ttf', name='DejaVu Sans Display', style='normal', variant='normal', weight=400, stretch='normal', size='scalable')) = 10.05
2025-08-03 03:18:08,355 - matplotlib.font_manager - DEBUG - findfont: score(FontEntry(fname='C:\\Users\\Nii Amu Ankrah\\AppData\\Roaming\\Python\\Python313\\site-packages\\matplotlib\\mpl-data\\fonts\\ttf\\cmtt10.ttf', name='cmtt10', style='normal', variant='normal', weight=400, stretch='normal', size='scalable')) = 10.05
2025-08-03 03:18:08,355 - matplotlib.font_manager - DEBUG - findfont: score(FontEntry(fname='C:\\Users\\Nii Amu Ankrah\\AppData\\Roaming\\Python\\Python313\\site-packages\\matplotlib\\mpl-data\\fonts\\ttf\\DejaVuSans-BoldOblique.ttf', name='DejaVu Sans', style='oblique', variant='normal', weight=700, stretch='normal', size='scalable')) = 1.335
2025-08-03 03:18:08,356 - matplotlib.font_manager - DEBUG - findfont: score(FontEntry(fname='C:\\Users\\Nii Amu Ankrah\\AppData\\Roaming\\Python\\Python313\\site-packages\\matplotlib\\mpl-data\\fonts\\ttf\\STIXSizOneSymReg.ttf', name='STIXSizeOneSym', style='normal', variant='normal', weight=400, stretch='normal', size='scalable')) = 10.05
2025-08-03 03:18:08,356 - matplotlib.font_manager - DEBUG - findfont: score(FontEntry(fname='C:\\Users\\Nii Amu Ankrah\\AppData\\Roaming\\Python\\Python313\\site-packages\\matplotlib\\mpl-data\\fonts\\ttf\\DejaVuSerif-BoldItalic.ttf', name='DejaVu Serif', style='italic', variant='normal', weight=700, stretch='normal', size='scalable')) = 11.335
2025-08-03 03:18:08,357 - matplotlib.font_manager - DEBUG - findfont: score(FontEntry(fname='C:\\Users\\Nii Amu Ankrah\\AppData\\Roaming\\Python\\Python313\\site-packages\\matplotlib\\mpl-data\\fonts\\ttf\\DejaVuSansMono-Bold.ttf', name='DejaVu Sans Mono', style='normal', variant='normal', weight=700, stretch='normal', size='scalable')) = 10.335
2025-08-03 03:18:08,358 - matplotlib.font_manager - DEBUG - findfont: score(FontEntry(fname='C:\\Users\\Nii Amu Ankrah\\AppData\\Roaming\\Python\\Python313\\site-packages\\matplotlib\\mpl-data\\fonts\\ttf\\STIXSizOneSymBol.ttf', name='STIXSizeOneSym', style='normal', variant='normal', weight=700, stretch='normal', size='scalable')) = 10.335
2025-08-03 03:18:08,358 - matplotlib.font_manager - DEBUG - findfont: score(FontEntry(fname='C:\\Users\\Nii Amu Ankrah\\AppData\\Roaming\\Python\\Python313\\site-packages\\matplotlib\\mpl-data\\fonts\\ttf\\cmex10.ttf', name='cmex10', style='normal', variant='normal', weight=400, stretch='normal', size='scalable')) = 10.05
2025-08-03 03:18:08,359 - matplotlib.font_manager - DEBUG - findfont: score(FontEntry(fname='C:\\Users\\Nii Amu Ankrah\\AppData\\Roaming\\Python\\Python313\\site-packages\\matplotlib\\mpl-data\\fonts\\ttf\\STIXNonUniBol.ttf', name='STIXNonUnicode', style='normal', variant='normal', weight=700, stretch='normal', size='scalable')) = 10.335
2025-08-03 03:18:08,359 - matplotlib.font_manager - DEBUG - findfont: score(FontEntry(fname='C:\\Users\\Nii Amu Ankrah\\AppData\\Roaming\\Python\\Python313\\site-packages\\matplotlib\\mpl-data\\fonts\\ttf\\STIXSizTwoSymReg.ttf', name='STIXSizeTwoSym', style='normal', variant='normal', weight=400, stretch='normal', size='scalable')) = 10.05
2025-08-03 03:18:08,360 - matplotlib.font_manager - DEBUG - findfont: score(FontEntry(fname='C:\\Users\\Nii Amu Ankrah\\AppData\\Roaming\\Python\\Python313\\site-packages\\matplotlib\\mpl-data\\fonts\\ttf\\DejaVuSansMono-BoldOblique.ttf', name='DejaVu Sans Mono', style='oblique', variant='normal', weight=700, stretch='normal', size='scalable')) = 11.335
2025-08-03 03:18:08,361 - matplotlib.font_manager - DEBUG - findfont: score(FontEntry(fname='C:\\Users\\Nii Amu Ankrah\\AppData\\Roaming\\Python\\Python313\\site-packages\\matplotlib\\mpl-data\\fonts\\ttf\\STIXSizThreeSymBol.ttf', name='STIXSizeThreeSym', style='normal', variant='normal', weight=700, stretch='normal', size='scalable')) = 10.335
2025-08-03 03:18:08,361 - matplotlib.font_manager - DEBUG - findfont: score(FontEntry(fname='C:\\Users\\Nii Amu Ankrah\\AppData\\Roaming\\Python\\Python313\\site-packages\\matplotlib\\mpl-data\\fonts\\ttf\\STIXSizTwoSymBol.ttf', name='STIXSizeTwoSym', style='normal', variant='normal', weight=700, stretch='normal', size='scalable')) = 10.335
2025-08-03 03:18:08,362 - matplotlib.font_manager - DEBUG - findfont: score(FontEntry(fname='C:\\Users\\Nii Amu Ankrah\\AppData\\Roaming\\Python\\Python313\\site-packages\\matplotlib\\mpl-data\\fonts\\ttf\\cmsy10.ttf', name='cmsy10', style='normal', variant='normal', weight=400, stretch='normal', size='scalable')) = 10.05
2025-08-03 03:18:08,371 - matplotlib.font_manager - DEBUG - findfont: score(FontEntry(fname='C:\\Users\\Nii Amu Ankrah\\AppData\\Roaming\\Python\\Python313\\site-packages\\matplotlib\\mpl-data\\fonts\\ttf\\STIXGeneralBolIta.ttf', name='STIXGeneral', style='italic', variant='normal', weight=700, stretch='normal', size='scalable')) = 11.335
2025-08-03 03:18:08,373 - matplotlib.font_manager - DEBUG - findfont: score(FontEntry(fname='C:\\Users\\Nii Amu Ankrah\\AppData\\Roaming\\Python\\Python313\\site-packages\\matplotlib\\mpl-data\\fonts\\ttf\\STIXGeneralItalic.ttf', name='STIXGeneral', style='italic', variant='normal', weight=400, stretch='normal', size='scalable')) = 11.05
2025-08-03 03:18:08,375 - matplotlib.font_manager - DEBUG - findfont: score(FontEntry(fname='C:\\Users\\Nii Amu Ankrah\\AppData\\Roaming\\Python\\Python313\\site-packages\\matplotlib\\mpl-data\\fonts\\ttf\\DejaVuSans-Oblique.ttf', name='DejaVu Sans', style='oblique', variant='normal', weight=400, stretch='normal', size='scalable')) = 1.05
2025-08-03 03:18:08,376 - matplotlib.font_manager - DEBUG - findfont: score(FontEntry(fname='C:\\Users\\Nii Amu Ankrah\\AppData\\Roaming\\Python\\Python313\\site-packages\\matplotlib\\mpl-data\\fonts\\ttf\\DejaVuSerif.ttf', name='DejaVu Serif', style='normal', variant='normal', weight=400, stretch='normal', size='scalable')) = 10.05
2025-08-03 03:18:08,377 - matplotlib.font_manager - DEBUG - findfont: score(FontEntry(fname='C:\\Users\\Nii Amu Ankrah\\AppData\\Roaming\\Python\\Python313\\site-packages\\matplotlib\\mpl-data\\fonts\\ttf\\DejaVuSansMono-Oblique.ttf', name='DejaVu Sans Mono', style='oblique', variant='normal', weight=400, stretch='normal', size='scalable')) = 11.05
2025-08-03 03:18:08,387 - matplotlib.font_manager - DEBUG - findfont: score(FontEntry(fname='C:\\Users\\Nii Amu Ankrah\\AppData\\Roaming\\Python\\Python313\\site-packages\\matplotlib\\mpl-data\\fonts\\ttf\\DejaVuSans-Bold.ttf', name='DejaVu Sans', style='normal', variant='normal', weight=700, stretch='normal', size='scalable')) = 0.33499999999999996
2025-08-03 03:18:08,388 - matplotlib.font_manager - DEBUG - findfont: score(FontEntry(fname='C:\\Users\\Nii Amu Ankrah\\AppData\\Roaming\\Python\\Python313\\site-packages\\matplotlib\\mpl-data\\fonts\\ttf\\STIXNonUniIta.ttf', name='STIXNonUnicode', style='italic', variant='normal', weight=400, stretch='normal', size='scalable')) = 11.05
2025-08-03 03:18:08,390 - matplotlib.font_manager - DEBUG - findfont: score(FontEntry(fname='C:\\Users\\Nii Amu Ankrah\\AppData\\Roaming\\Python\\Python313\\site-packages\\matplotlib\\mpl-data\\fonts\\ttf\\STIXSizFourSymReg.ttf', name='STIXSizeFourSym', style='normal', variant='normal', weight=400, stretch='normal', size='scalable')) = 10.05
2025-08-03 03:18:08,391 - matplotlib.font_manager - DEBUG - findfont: score(FontEntry(fname='C:\\Users\\Nii Amu Ankrah\\AppData\\Roaming\\Python\\Python313\\site-packages\\matplotlib\\mpl-data\\fonts\\ttf\\cmr10.ttf', name='cmr10', style='normal', variant='normal', weight=400, stretch='normal', size='scalable')) = 10.05
2025-08-03 03:18:08,391 - matplotlib.font_manager - DEBUG - findfont: score(FontEntry(fname='C:\\Users\\Nii Amu Ankrah\\AppData\\Roaming\\Python\\Python313\\site-packages\\matplotlib\\mpl-data\\fonts\\ttf\\STIXGeneralBol.ttf', name='STIXGeneral', style='normal', variant='normal', weight=700, stretch='normal', size='scalable')) = 10.335
2025-08-03 03:18:08,392 - matplotlib.font_manager - DEBUG - findfont: score(FontEntry(fname='C:\\Windows\\Fonts\\GARABD.TTF', name='Garamond', style='normal', variant='normal', weight=700, stretch='normal', size='scalable')) = 10.335
2025-08-03 03:18:08,392 - matplotlib.font_manager - DEBUG - findfont: score(FontEntry(fname='C:\\Windows\\Fonts\\LEELAWDB.TTF', name='Leelawadee', style='normal', variant='normal', weight=700, stretch='normal', size='scalable')) = 10.335
2025-08-03 03:18:08,394 - matplotlib.font_manager - DEBUG - findfont: score(FontEntry(fname='C:\\Windows\\Fonts\\timesbd.ttf', name='Times New Roman', style='normal', variant='normal', weight=700, stretch='normal', size='scalable')) = 10.335
2025-08-03 03:18:08,394 - matplotlib.font_manager - DEBUG - findfont: score(FontEntry(fname='C:\\Windows\\Fonts\\mmrtextb.ttf', name='Myanmar Text', style='normal', variant='normal', weight=700, stretch='normal', size='scalable')) = 10.335
2025-08-03 03:18:08,395 - matplotlib.font_manager - DEBUG - findfont: score(FontEntry(fname='C:\\Windows\\Fonts\\ariblk.ttf', name='Arial', style='normal', variant='normal', weight=900, stretch='normal', size='scalable')) = 6.888636363636364
2025-08-03 03:18:08,396 - matplotlib.font_manager - DEBUG - findfont: score(FontEntry(fname='C:\\Windows\\Fonts\\ITCKRIST.TTF', name='Kristen ITC', style='normal', variant='normal', weight=400, stretch='normal', size='scalable')) = 10.05
2025-08-03 03:18:08,403 - matplotlib.font_manager - DEBUG - findfont: score(FontEntry(fname='C:\\Windows\\Fonts\\Candarab.ttf', name='Candara', style='normal', variant='normal', weight=700, stretch='normal', size='scalable')) = 10.335
2025-08-03 03:18:08,404 - matplotlib.font_manager - DEBUG - findfont: score(FontEntry(fname='C:\\Windows\\Fonts\\malgun.ttf', name='Malgun Gothic', style='normal', variant='normal', weight=400, stretch='normal', size='scalable')) = 10.05
2025-08-03 03:18:08,405 - matplotlib.font_manager - DEBUG - findfont: score(FontEntry(fname='C:\\Windows\\Fonts\\constan.ttf', name='Constantia', style='normal', variant='normal', weight=400, stretch='normal', size='scalable')) = 10.05
2025-08-03 03:18:08,406 - matplotlib.font_manager - DEBUG - findfont: score(FontEntry(fname='C:\\Windows\\Fonts\\FRSCRIPT.TTF', name='French Script MT', style='normal', variant='normal', weight=400, stretch='normal', size='scalable')) = 10.05
2025-08-03 03:18:08,407 - matplotlib.font_manager - DEBUG - findfont: score(FontEntry(fname='C:\\Windows\\Fonts\\monbaiti.ttf', name='Mongolian Baiti', style='normal', variant='normal', weight=400, stretch='normal', size='scalable')) = 10.05
2025-08-03 03:18:08,408 - matplotlib.font_manager - DEBUG - findfont: score(FontEntry(fname='C:\\Windows\\Fonts\\JUICE___.TTF', name='Juice ITC', style='normal', variant='normal', weight=400, stretch='normal', size='scalable')) = 10.05
2025-08-03 03:18:08,421 - matplotlib.font_manager - DEBUG - findfont: score(FontEntry(fname='C:\\Windows\\Fonts\\TEMPSITC.TTF', name='Tempus Sans ITC', style='normal', variant='normal', weight=400, stretch='normal', size='scalable')) = 10.05
2025-08-03 03:18:08,422 - matplotlib.font_manager - DEBUG - findfont: score(FontEntry(fname='C:\\Windows\\Fonts\\SansSerifCollection.ttf', name='Sans Serif Collection', style='normal', variant='normal', weight=400, stretch='normal', size='scalable')) = 10.05
2025-08-03 03:18:08,422 - matplotlib.font_manager - DEBUG - findfont: score(FontEntry(fname='C:\\Windows\\Fonts\\ARIALN.TTF', name='Arial', style='normal', variant='normal', weight=400, stretch='condensed', size='scalable')) = 6.613636363636363
2025-08-03 03:18:08,425 - matplotlib.font_manager - DEBUG - findfont: score(FontEntry(fname='C:\\Windows\\Fonts\\simsunb.ttf', name='SimSun-ExtB', style='normal', variant='normal', weight=400, stretch='normal', size='scalable')) = 10.05
2025-08-03 03:18:08,427 - matplotlib.font_manager - DEBUG - findfont: score(FontEntry(fname='C:\\Windows\\Fonts\\YuGothM.ttc', name='Yu Gothic', style='normal', variant='normal', weight=500, stretch='normal', size='scalable')) = 10.145
2025-08-03 03:18:08,437 - matplotlib.font_manager - DEBUG - findfont: score(FontEntry(fname='C:\\Windows\\Fonts\\SitkaVF.ttf', name='Sitka', style='normal', variant='normal', weight=400, stretch='normal', size='scalable')) = 10.05
2025-08-03 03:18:08,438 - matplotlib.font_manager - DEBUG - findfont: score(FontEntry(fname='C:\\Windows\\Fonts\\arialbd.ttf', name='Arial', style='normal', variant='normal', weight=700, stretch='normal', size='scalable')) = 6.698636363636363
2025-08-03 03:18:08,439 - matplotlib.font_manager - DEBUG - findfont: score(FontEntry(fname='C:\\Windows\\Fonts\\cambriab.ttf', name='Cambria', style='normal', variant='normal', weight=700, stretch='normal', size='scalable')) = 10.335
2025-08-03 03:18:08,439 - matplotlib.font_manager - DEBUG - findfont: score(FontEntry(fname='C:\\Windows\\Fonts\\BOOKOS.TTF', name='Bookman Old Style', style='normal', variant='normal', weight=300, stretch='normal', size='scalable')) = 10.145
2025-08-03 03:18:08,441 - matplotlib.font_manager - DEBUG - findfont: score(FontEntry(fname='C:\\Windows\\Fonts\\MTCORSVA.TTF', name='Monotype Corsiva', style='normal', variant='normal', weight=400, stretch='normal', size='scalable')) = 10.05
2025-08-03 03:18:08,444 - matplotlib.font_manager - DEBUG - findfont: score(FontEntry(fname='C:\\Windows\\Fonts\\BRADHITC.TTF', name='Bradley Hand ITC', style='normal', variant='normal', weight=400, stretch='normal', size='scalable')) = 10.05
2025-08-03 03:18:08,452 - matplotlib.font_manager - DEBUG - findfont: score(FontEntry(fname='C:\\Windows\\Fonts\\calibriz.ttf', name='Calibri', style='italic', variant='normal', weight=700, stretch='normal', size='scalable')) = 11.335
2025-08-03 03:18:08,458 - matplotlib.font_manager - DEBUG - findfont: score(FontEntry(fname='C:\\Windows\\Fonts\\seguili.ttf', name='Segoe UI', style='italic', variant='normal', weight=300, stretch='normal', size='scalable')) = 11.145
2025-08-03 03:18:08,473 - matplotlib.font_manager - DEBUG - findfont: score(FontEntry(fname='C:\\Windows\\Fonts\\javatext.ttf', name='Javanese Text', style='normal', variant='normal', weight=400, stretch='normal', size='scalable')) = 10.05
2025-08-03 03:18:08,474 - matplotlib.font_manager - DEBUG - findfont: score(FontEntry(fname='C:\\Windows\\Fonts\\framdit.ttf', name='Franklin Gothic Medium', style='italic', variant='normal', weight=400, stretch='normal', size='scalable')) = 11.05
2025-08-03 03:18:08,475 - matplotlib.font_manager - DEBUG - findfont: score(FontEntry(fname='C:\\Windows\\Fonts\\GARA.TTF', name='Garamond', style='normal', variant='normal', weight=400, stretch='normal', size='scalable')) = 10.05
2025-08-03 03:18:08,477 - matplotlib.font_manager - DEBUG - findfont: score(FontEntry(fname='C:\\Windows\\Fonts\\GARAIT.TTF', name='Garamond', style='italic', variant='normal', weight=400, stretch='normal', size='scalable')) = 11.05
2025-08-03 03:18:08,478 - matplotlib.font_manager - DEBUG - findfont: score(FontEntry(fname='C:\\Windows\\Fonts\\pala.ttf', name='Palatino Linotype', style='normal', variant='normal', weight=400, stretch='normal', size='scalable')) = 10.05
2025-08-03 03:18:08,482 - matplotlib.font_manager - DEBUG - findfont: score(FontEntry(fname='C:\\Windows\\Fonts\\constanz.ttf', name='Constantia', style='italic', variant='normal', weight=700, stretch='normal', size='scalable')) = 11.335
2025-08-03 03:18:08,506 - matplotlib.font_manager - DEBUG - findfont: score(FontEntry(fname='C:\\Windows\\Fonts\\trebucit.ttf', name='Trebuchet MS', style='italic', variant='normal', weight=400, stretch='normal', size='scalable')) = 11.05
2025-08-03 03:18:08,522 - matplotlib.font_manager - DEBUG - findfont: score(FontEntry(fname='C:\\Windows\\Fonts\\segoeuiz.ttf', name='Segoe UI', style='italic', variant='normal', weight=700, stretch='normal', size='scalable')) = 11.335
2025-08-03 03:18:08,525 - matplotlib.font_manager - DEBUG - findfont: score(FontEntry(fname='C:\\Windows\\Fonts\\PRISTINA.TTF', name='Pristina', style='normal', variant='normal', weight=400, stretch='normal', size='scalable')) = 10.05
2025-08-03 03:18:08,526 - matplotlib.font_manager - DEBUG - findfont: score(FontEntry(fname='C:\\Windows\\Fonts\\DUBAI-BOLD.TTF', name='Dubai', style='normal', variant='normal', weight=700, stretch='normal', size='scalable')) = 10.335
2025-08-03 03:18:08,526 - matplotlib.font_manager - DEBUG - findfont: score(FontEntry(fname='C:\\Windows\\Fonts\\segoeuii.ttf', name='Segoe UI', style='italic', variant='normal', weight=400, stretch='normal', size='scalable')) = 11.05
2025-08-03 03:18:08,527 - matplotlib.font_manager - DEBUG - findfont: score(FontEntry(fname='C:\\Windows\\Fonts\\PAPYRUS.TTF', name='Papyrus', style='normal', variant='normal', weight=400, stretch='normal', size='scalable')) = 10.05
2025-08-03 03:18:08,528 - matplotlib.font_manager - DEBUG - findfont: score(FontEntry(fname='C:\\Windows\\Fonts\\ntailu.ttf', name='Microsoft New Tai Lue', style='normal', variant='normal', weight=400, stretch='normal', size='scalable')) = 10.05
2025-08-03 03:18:08,528 - matplotlib.font_manager - DEBUG - findfont: score(FontEntry(fname='C:\\Windows\\Fonts\\ANTQUABI.TTF', name='Book Antiqua', style='italic', variant='normal', weight=700, stretch='normal', size='scalable')) = 11.335
2025-08-03 03:18:08,529 - matplotlib.font_manager - DEBUG - findfont: score(FontEntry(fname='C:\\Windows\\Fonts\\corbell.ttf', name='Corbel', style='normal', variant='normal', weight=300, stretch='normal', size='scalable')) = 10.145
2025-08-03 03:18:08,538 - matplotlib.font_manager - DEBUG - findfont: score(FontEntry(fname='C:\\Windows\\Fonts\\gadugi.ttf', name='Gadugi', style='normal', variant='normal', weight=400, stretch='normal', size='scalable')) = 10.05
2025-08-03 03:18:08,539 - matplotlib.font_manager - DEBUG - findfont: score(FontEntry(fname='C:\\Windows\\Fonts\\seguisym.ttf', name='Segoe UI Symbol', style='normal', variant='normal', weight=400, stretch='normal', size='scalable')) = 10.05
2025-08-03 03:18:08,540 - matplotlib.font_manager - DEBUG - findfont: score(FontEntry(fname='C:\\Windows\\Fonts\\couri.ttf', name='Courier New', style='italic', variant='normal', weight=400, stretch='normal', size='scalable')) = 11.05
2025-08-03 03:18:08,541 - matplotlib.font_manager - DEBUG - findfont: score(FontEntry(fname='C:\\Windows\\Fonts\\cambriai.ttf', name='Cambria', style='italic', variant='normal', weight=400, stretch='normal', size='scalable')) = 11.05
2025-08-03 03:18:08,542 - matplotlib.font_manager - DEBUG - findfont: score(FontEntry(fname='C:\\Windows\\Fonts\\ntailub.ttf', name='Microsoft New Tai Lue', style='normal', variant='normal', weight=700, stretch='normal', size='scalable')) = 10.335
2025-08-03 03:18:08,542 - matplotlib.font_manager - DEBUG - findfont: score(FontEntry(fname='C:\\Windows\\Fonts\\msgothic.ttc', name='MS Gothic', style='normal', variant='normal', weight=400, stretch='normal', size='scalable')) = 10.05
2025-08-03 03:18:08,543 - matplotlib.font_manager - DEBUG - findfont: score(FontEntry(fname='C:\\Windows\\Fonts\\Gabriola.ttf', name='Gabriola', style='normal', variant='normal', weight=400, stretch='normal', size='scalable')) = 10.05
2025-08-03 03:18:08,543 - matplotlib.font_manager - DEBUG - findfont: score(FontEntry(fname='C:\\Windows\\Fonts\\segoeuisl.ttf', name='Segoe UI', style='normal', variant='normal', weight=350, stretch='normal', size='scalable')) = 10.0975
2025-08-03 03:18:08,544 - matplotlib.font_manager - DEBUG - findfont: score(FontEntry(fname='C:\\Windows\\Fonts\\GOTHIC.TTF', name='Century Gothic', style='normal', variant='normal', weight=400, stretch='normal', size='scalable')) = 10.05
2025-08-03 03:18:08,545 - matplotlib.font_manager - DEBUG - findfont: score(FontEntry(fname='C:\\Windows\\Fonts\\LEELAWAD.TTF', name='Leelawadee', style='normal', variant='normal', weight=400, stretch='normal', size='scalable')) = 10.05
2025-08-03 03:18:08,545 - matplotlib.font_manager - DEBUG - findfont: score(FontEntry(fname='C:\\Windows\\Fonts\\malgunsl.ttf', name='Malgun Gothic', style='normal', variant='normal', weight=300, stretch='normal', size='scalable')) = 10.145
2025-08-03 03:18:08,554 - matplotlib.font_manager - DEBUG - findfont: score(FontEntry(fname='C:\\Windows\\Fonts\\trebucbi.ttf', name='Trebuchet MS', style='italic', variant='normal', weight=700, stretch='normal', size='scalable')) = 11.335
2025-08-03 03:18:08,561 - matplotlib.font_manager - DEBUG - findfont: score(FontEntry(fname='C:\\Windows\\Fonts\\FREESCPT.TTF', name='Freestyle Script', style='normal', variant='normal', weight=400, stretch='normal', size='scalable')) = 10.05
2025-08-03 03:18:08,563 - matplotlib.font_manager - DEBUG - findfont: score(FontEntry(fname='C:\\Windows\\Fonts\\MSUIGHUB.TTF', name='Microsoft Uighur', style='normal', variant='normal', weight=700, stretch='normal', size='scalable')) = 10.335
2025-08-03 03:18:08,571 - matplotlib.font_manager - DEBUG - findfont: score(FontEntry(fname='C:\\Windows\\Fonts\\segmdl2.ttf', name='Segoe MDL2 Assets', style='normal', variant='normal', weight=400, stretch='normal', size='scalable')) = 10.05
2025-08-03 03:18:08,589 - matplotlib.font_manager - DEBUG - findfont: score(FontEntry(fname='C:\\Windows\\Fonts\\seguisbi.ttf', name='Segoe UI', style='italic', variant='normal', weight=600, stretch='normal', size='scalable')) = 11.24
2025-08-03 03:18:08,590 - matplotlib.font_manager - DEBUG - findfont: score(FontEntry(fname='C:\\Windows\\Fonts\\simsun.ttc', name='SimSun', style='normal', variant='normal', weight=400, stretch='normal', size='scalable')) = 10.05
2025-08-03 03:18:08,621 - matplotlib.font_manager - DEBUG - findfont: score(FontEntry(fname='C:\\Windows\\Fonts\\palabi.ttf', name='Palatino Linotype', style='italic', variant='normal', weight=700, stretch='normal', size='scalable')) = 11.335
2025-08-03 03:18:08,623 - matplotlib.font_manager - DEBUG - findfont: score(FontEntry(fname='C:\\Windows\\Fonts\\LeelaUIb.ttf', name='Leelawadee UI', style='normal', variant='normal', weight=700, stretch='normal', size='scalable')) = 10.335
2025-08-03 03:18:08,624 - matplotlib.font_manager - DEBUG - findfont: score(FontEntry(fname='C:\\Windows\\Fonts\\courbi.ttf', name='Courier New', style='italic', variant='normal', weight=700, stretch='normal', size='scalable')) = 11.335
2025-08-03 03:18:08,626 - matplotlib.font_manager - DEBUG - findfont: score(FontEntry(fname='C:\\Windows\\Fonts\\msyi.ttf', name='Microsoft Yi Baiti', style='normal', variant='normal', weight=400, stretch='normal', size='scalable')) = 10.05
2025-08-03 03:18:08,627 - matplotlib.font_manager - DEBUG - findfont: score(FontEntry(fname='C:\\Windows\\Fonts\\CascadiaMono.ttf', name='Cascadia Mono', style='normal', variant='normal', weight=400, stretch='normal', size='scalable')) = 10.05
2025-08-03 03:18:08,635 - matplotlib.font_manager - DEBUG - findfont: score(FontEntry(fname='C:\\Windows\\Fonts\\mmrtext.ttf', name='Myanmar Text', style='normal', variant='normal', weight=400, stretch='normal', size='scalable')) = 10.05
2025-08-03 03:18:08,639 - matplotlib.font_manager - DEBUG - findfont: score(FontEntry(fname='C:\\Windows\\Fonts\\times.ttf', name='Times New Roman', style='normal', variant='normal', weight=400, stretch='normal', size='scalable')) = 10.05
2025-08-03 03:18:08,640 - matplotlib.font_manager - DEBUG - findfont: score(FontEntry(fname='C:\\Windows\\Fonts\\Candarai.ttf', name='Candara', style='italic', variant='normal', weight=400, stretch='normal', size='scalable')) = 11.05
2025-08-03 03:18:08,642 - matplotlib.font_manager - DEBUG - findfont: score(FontEntry(fname='C:\\Windows\\Fonts\\WINGDNG2.TTF', name='Wingdings 2', style='normal', variant='normal', weight=400, stretch='normal', size='scalable')) = 10.05
2025-08-03 03:18:08,644 - matplotlib.font_manager - DEBUG - findfont: score(FontEntry(fname='C:\\Windows\\Fonts\\Candara.ttf', name='Candara', style='normal', variant='normal', weight=400, stretch='normal', size='scalable')) = 10.05
2025-08-03 03:18:08,652 - matplotlib.font_manager - DEBUG - findfont: score(FontEntry(fname='C:\\Windows\\Fonts\\consolab.ttf', name='Consolas', style='normal', variant='normal', weight=700, stretch='normal', size='scalable')) = 10.335
2025-08-03 03:18:08,654 - matplotlib.font_manager - DEBUG - findfont: score(FontEntry(fname='C:\\Windows\\Fonts\\SitkaVF-Italic.ttf', name='Sitka', style='italic', variant='normal', weight=400, stretch='normal', size='scalable')) = 11.05
2025-08-03 03:18:08,654 - matplotlib.font_manager - DEBUG - findfont: score(FontEntry(fname='C:\\Windows\\Fonts\\tahoma.ttf', name='Tahoma', style='normal', variant='normal', weight=400, stretch='normal', size='scalable')) = 10.05
2025-08-03 03:18:08,655 - matplotlib.font_manager - DEBUG - findfont: score(FontEntry(fname='C:\\Windows\\Fonts\\bahnschrift.ttf', name='Bahnschrift', style='normal', variant='normal', weight=400, stretch='normal', size='scalable')) = 10.05
2025-08-03 03:18:08,656 - matplotlib.font_manager - DEBUG - findfont: score(FontEntry(fname='C:\\Windows\\Fonts\\BOOKOSBI.TTF', name='Bookman Old Style', style='italic', variant='normal', weight=600, stretch='normal', size='scalable')) = 11.24
2025-08-03 03:18:08,656 - matplotlib.font_manager - DEBUG - findfont: score(FontEntry(fname='C:\\Windows\\Fonts\\timesbi.ttf', name='Times New Roman', style='italic', variant='normal', weight=700, stretch='normal', size='scalable')) = 11.335
2025-08-03 03:18:08,659 - matplotlib.font_manager - DEBUG - findfont: score(FontEntry(fname='C:\\Windows\\Fonts\\GOTHICB.TTF', name='Century Gothic', style='normal', variant='normal', weight=700, stretch='normal', size='scalable')) = 10.335
2025-08-03 03:18:08,660 - matplotlib.font_manager - DEBUG - findfont: score(FontEntry(fname='C:\\Windows\\Fonts\\MTEXTRA.TTF', name='MT Extra', style='normal', variant='normal', weight=400, stretch='normal', size='scalable')) = 10.05
2025-08-03 03:18:08,661 - matplotlib.font_manager - DEBUG - findfont: score(FontEntry(fname='C:\\Windows\\Fonts\\HATTEN.TTF', name='Haettenschweiler', style='normal', variant='normal', weight=400, stretch='normal', size='scalable')) = 10.05
2025-08-03 03:18:08,662 - matplotlib.font_manager - DEBUG - findfont: score(FontEntry(fname='C:\\Windows\\Fonts\\ANTQUAB.TTF', name='Book Antiqua', style='normal', variant='normal', weight=700, stretch='normal', size='scalable')) = 10.335
2025-08-03 03:18:08,674 - matplotlib.font_manager - DEBUG - findfont: score(FontEntry(fname='C:\\Windows\\Fonts\\constanb.ttf', name='Constantia', style='normal', variant='normal', weight=700, stretch='normal', size='scalable')) = 10.335
2025-08-03 03:18:08,675 - matplotlib.font_manager - DEBUG - findfont: score(FontEntry(fname='C:\\Windows\\Fonts\\DUBAI-REGULAR.TTF', name='Dubai', style='normal', variant='normal', weight=400, stretch='normal', size='scalable')) = 10.05
2025-08-03 03:18:08,676 - matplotlib.font_manager - DEBUG - findfont: score(FontEntry(fname='C:\\Windows\\Fonts\\REFSAN.TTF', name='MS Reference Sans Serif', style='normal', variant='normal', weight=400, stretch='normal', size='scalable')) = 10.05
2025-08-03 03:18:08,676 - matplotlib.font_manager - DEBUG - findfont: score(FontEntry(fname='C:\\Windows\\Fonts\\consolai.ttf', name='Consolas', style='italic', variant='normal', weight=400, stretch='normal', size='scalable')) = 11.05
2025-08-03 03:18:08,677 - matplotlib.font_manager - DEBUG - findfont: score(FontEntry(fname='C:\\Windows\\Fonts\\LeelUIsl.ttf', name='Leelawadee UI', style='normal', variant='normal', weight=350, stretch='normal', size='scalable')) = 10.0975
2025-08-03 03:18:08,677 - matplotlib.font_manager - DEBUG - findfont: score(FontEntry(fname='C:\\Windows\\Fonts\\comicz.ttf', name='Comic Sans MS', style='italic', variant='normal', weight=700, stretch='normal', size='scalable')) = 11.335
2025-08-03 03:18:08,678 - matplotlib.font_manager - DEBUG - findfont: score(FontEntry(fname='C:\\Windows\\Fonts\\msyh.ttc', name='Microsoft YaHei', style='normal', variant='normal', weight=400, stretch='normal', size='scalable')) = 10.05
2025-08-03 03:18:08,679 - matplotlib.font_manager - DEBUG - findfont: score(FontEntry(fname='C:\\Windows\\Fonts\\Candaral.ttf', name='Candara', style='normal', variant='normal', weight=400, stretch='normal', size='scalable')) = 10.05
2025-08-03 03:18:08,689 - matplotlib.font_manager - DEBUG - findfont: score(FontEntry(fname='C:\\Windows\\Fonts\\msyhbd.ttc', name='Microsoft YaHei', style='normal', variant='normal', weight=700, stretch='normal', size='scalable')) = 10.335
2025-08-03 03:18:08,690 - matplotlib.font_manager - DEBUG - findfont: score(FontEntry(fname='C:\\Windows\\Fonts\\SimsunExtG.ttf', name='SimSun-ExtG', style='normal', variant='normal', weight=400, stretch='normal', size='scalable')) = 10.05
2025-08-03 03:18:08,692 - matplotlib.font_manager - DEBUG - findfont: score(FontEntry(fname='C:\\Windows\\Fonts\\seguihis.ttf', name='Segoe UI Historic', style='normal', variant='normal', weight=400, stretch='normal', size='scalable')) = 10.05
2025-08-03 03:18:08,693 - matplotlib.font_manager - DEBUG - findfont: score(FontEntry(fname='C:\\Windows\\Fonts\\lucon.ttf', name='Lucida Console', style='normal', variant='normal', weight=400, stretch='normal', size='scalable')) = 10.05
2025-08-03 03:18:08,694 - matplotlib.font_manager - DEBUG - findfont: score(FontEntry(fname='C:\\Windows\\Fonts\\YuGothB.ttc', name='Yu Gothic', style='normal', variant='normal', weight=700, stretch='normal', size='scalable')) = 10.335
2025-08-03 03:18:08,709 - matplotlib.font_manager - DEBUG - findfont: score(FontEntry(fname='C:\\Windows\\Fonts\\seguisb.ttf', name='Segoe UI', style='normal', variant='normal', weight=600, stretch='normal', size='scalable')) = 10.24
2025-08-03 03:18:08,710 - matplotlib.font_manager - DEBUG - findfont: score(FontEntry(fname='C:\\Windows\\Fonts\\ARIALNB.TTF', name='Arial', style='normal', variant='normal', weight=700, stretch='condensed', size='scalable')) = 6.8986363636363635
2025-08-03 03:18:08,711 - matplotlib.font_manager - DEBUG - findfont: score(FontEntry(fname='C:\\Windows\\Fonts\\calibrili.ttf', name='Calibri', style='italic', variant='normal', weight=300, stretch='normal', size='scalable')) = 11.145
2025-08-03 03:18:08,721 - matplotlib.font_manager - DEBUG - findfont: score(FontEntry(fname='C:\\Windows\\Fonts\\MISTRAL.TTF', name='Mistral', style='normal', variant='normal', weight=400, stretch='normal', size='scalable')) = 10.05
2025-08-03 03:18:08,722 - matplotlib.font_manager - DEBUG - findfont: score(FontEntry(fname='C:\\Windows\\Fonts\\taile.ttf', name='Microsoft Tai Le', style='normal', variant='normal', weight=400, stretch='normal', size='scalable')) = 10.05
2025-08-03 03:18:08,722 - matplotlib.font_manager - DEBUG - findfont: score(FontEntry(fname='C:\\Windows\\Fonts\\consolaz.ttf', name='Consolas', style='italic', variant='normal', weight=700, stretch='normal', size='scalable')) = 11.335
2025-08-03 03:18:08,723 - matplotlib.font_manager - DEBUG - findfont: score(FontEntry(fname='C:\\Windows\\Fonts\\tahomabd.ttf', name='Tahoma', style='normal', variant='normal', weight=700, stretch='normal', size='scalable')) = 10.335
2025-08-03 03:18:08,724 - matplotlib.font_manager - DEBUG - findfont: score(FontEntry(fname='C:\\Windows\\Fonts\\seguiemj.ttf', name='Segoe UI Emoji', style='normal', variant='normal', weight=400, stretch='normal', size='scalable')) = 10.05
2025-08-03 03:18:08,724 - matplotlib.font_manager - DEBUG - findfont: score(FontEntry(fname='C:\\Windows\\Fonts\\corbeli.ttf', name='Corbel', style='italic', variant='normal', weight=400, stretch='normal', size='scalable')) = 11.05
2025-08-03 03:18:08,725 - matplotlib.font_manager - DEBUG - findfont: score(FontEntry(fname='C:\\Windows\\Fonts\\segoepr.ttf', name='Segoe Print', style='normal', variant='normal', weight=400, stretch='normal', size='scalable')) = 10.05
2025-08-03 03:18:08,726 - matplotlib.font_manager - DEBUG - findfont: score(FontEntry(fname='C:\\Windows\\Fonts\\SegUIVar.ttf', name='Segoe UI Variable', style='normal', variant='normal', weight=400, stretch='normal', size='scalable')) = 10.05
2025-08-03 03:18:08,727 - matplotlib.font_manager - DEBUG - findfont: score(FontEntry(fname='C:\\Windows\\Fonts\\seguibli.ttf', name='Segoe UI', style='italic', variant='normal', weight=900, stretch='normal', size='scalable')) = 11.525
2025-08-03 03:18:08,727 - matplotlib.font_manager - DEBUG - findfont: score(FontEntry(fname='C:\\Windows\\Fonts\\arial.ttf', name='Arial', style='normal', variant='normal', weight=400, stretch='normal', size='scalable')) = 6.413636363636363
2025-08-03 03:18:08,728 - matplotlib.font_manager - DEBUG - findfont: score(FontEntry(fname='C:\\Windows\\Fonts\\ARIALNBI.TTF', name='Arial', style='italic', variant='normal', weight=700, stretch='condensed', size='scalable')) = 7.8986363636363635
2025-08-03 03:18:08,729 - matplotlib.font_manager - DEBUG - findfont: score(FontEntry(fname='C:\\Windows\\Fonts\\courbd.ttf', name='Courier New', style='normal', variant='normal', weight=700, stretch='normal', size='scalable')) = 10.335
2025-08-03 03:18:08,737 - matplotlib.font_manager - DEBUG - findfont: score(FontEntry(fname='C:\\Windows\\Fonts\\Candarali.ttf', name='Candara', style='italic', variant='normal', weight=400, stretch='normal', size='scalable')) = 11.05
2025-08-03 03:18:08,738 - matplotlib.font_manager - DEBUG - findfont: score(FontEntry(fname='C:\\Windows\\Fonts\\corbelli.ttf', name='Corbel', style='italic', variant='normal', weight=300, stretch='normal', size='scalable')) = 11.145
2025-08-03 03:18:08,740 - matplotlib.font_manager - DEBUG - findfont: score(FontEntry(fname='C:\\Windows\\Fonts\\corbel.ttf', name='Corbel', style='normal', variant='normal', weight=400, stretch='normal', size='scalable')) = 10.05
2025-08-03 03:18:08,740 - matplotlib.font_manager - DEBUG - findfont: score(FontEntry(fname='C:\\Windows\\Fonts\\BOOKOSB.TTF', name='Bookman Old Style', style='normal', variant='normal', weight=600, stretch='normal', size='scalable')) = 10.24
2025-08-03 03:18:08,741 - matplotlib.font_manager - DEBUG - findfont: score(FontEntry(fname='C:\\Windows\\Fonts\\seguisli.ttf', name='Segoe UI', style='italic', variant='normal', weight=350, stretch='normal', size='scalable')) = 11.0975
2025-08-03 03:18:08,742 - matplotlib.font_manager - DEBUG - findfont: score(FontEntry(fname='C:\\Windows\\Fonts\\symbol.ttf', name='Symbol', style='normal', variant='normal', weight=400, stretch='normal', size='scalable')) = 10.05
2025-08-03 03:18:08,742 - matplotlib.font_manager - DEBUG - findfont: score(FontEntry(fname='C:\\Windows\\Fonts\\ariali.ttf', name='Arial', style='italic', variant='normal', weight=400, stretch='normal', size='scalable')) = 7.413636363636363
2025-08-03 03:18:08,743 - matplotlib.font_manager - DEBUG - findfont: score(FontEntry(fname='C:\\Windows\\Fonts\\timesi.ttf', name='Times New Roman', style='italic', variant='normal', weight=400, stretch='normal', size='scalable')) = 11.05
2025-08-03 03:18:08,744 - matplotlib.font_manager - DEBUG - findfont: score(FontEntry(fname='C:\\Windows\\Fonts\\cambriaz.ttf', name='Cambria', style='italic', variant='normal', weight=700, stretch='normal', size='scalable')) = 11.335
2025-08-03 03:18:08,745 - matplotlib.font_manager - DEBUG - findfont: score(FontEntry(fname='C:\\Windows\\Fonts\\REFSPCL.TTF', name='MS Reference Specialty', style='normal', variant='normal', weight=400, stretch='normal', size='scalable')) = 10.05
2025-08-03 03:18:08,745 - matplotlib.font_manager - DEBUG - findfont: score(FontEntry(fname='C:\\Windows\\Fonts\\segoeui.ttf', name='Segoe UI', style='normal', variant='normal', weight=400, stretch='normal', size='scalable')) = 10.05
2025-08-03 03:18:08,754 - matplotlib.font_manager - DEBUG - findfont: score(FontEntry(fname='C:\\Windows\\Fonts\\ARIALNI.TTF', name='Arial', style='italic', variant='normal', weight=400, stretch='condensed', size='scalable')) = 7.613636363636363
2025-08-03 03:18:08,756 - matplotlib.font_manager - DEBUG - findfont: score(FontEntry(fname='C:\\Windows\\Fonts\\Inkfree.ttf', name='Ink Free', style='normal', variant='normal', weight=400, stretch='normal', size='scalable')) = 10.05
2025-08-03 03:18:08,757 - matplotlib.font_manager - DEBUG - findfont: score(FontEntry(fname='C:\\Windows\\Fonts\\DUBAI-MEDIUM.TTF', name='Dubai', style='normal', variant='normal', weight=500, stretch='normal', size='scalable')) = 10.145
2025-08-03 03:18:08,757 - matplotlib.font_manager - DEBUG - findfont: score(FontEntry(fname='C:\\Windows\\Fonts\\comicbd.ttf', name='Comic Sans MS', style='normal', variant='normal', weight=700, stretch='normal', size='scalable')) = 10.335
2025-08-03 03:18:08,758 - matplotlib.font_manager - DEBUG - findfont: score(FontEntry(fname='C:\\Windows\\Fonts\\YuGothL.ttc', name='Yu Gothic', style='normal', variant='normal', weight=300, stretch='normal', size='scalable')) = 10.145
2025-08-03 03:18:08,759 - matplotlib.font_manager - DEBUG - findfont: score(FontEntry(fname='C:\\Windows\\Fonts\\webdings.ttf', name='Webdings', style='normal', variant='normal', weight=400, stretch='normal', size='scalable')) = 10.05
2025-08-03 03:18:08,760 - matplotlib.font_manager - DEBUG - findfont: score(FontEntry(fname='C:\\Windows\\Fonts\\framd.ttf', name='Franklin Gothic Medium', style='normal', variant='normal', weight=400, stretch='normal', size='scalable')) = 10.05
2025-08-03 03:18:08,761 - matplotlib.font_manager - DEBUG - findfont: score(FontEntry(fname='C:\\Windows\\Fonts\\msjh.ttc', name='Microsoft JhengHei', style='normal', variant='normal', weight=400, stretch='normal', size='scalable')) = 10.05
2025-08-03 03:18:08,762 - matplotlib.font_manager - DEBUG - findfont: score(FontEntry(fname='C:\\Windows\\Fonts\\l_10646.ttf', name='Lucida Sans Unicode', style='normal', variant='normal', weight=400, stretch='normal', size='scalable')) = 10.05
2025-08-03 03:18:08,772 - matplotlib.font_manager - DEBUG - findfont: score(FontEntry(fname='C:\\Windows\\Fonts\\LHANDW.TTF', name='Lucida Handwriting', style='italic', variant='normal', weight=400, stretch='normal', size='scalable')) = 11.05
2025-08-03 03:18:08,774 - matplotlib.font_manager - DEBUG - findfont: score(FontEntry(fname='C:\\Windows\\Fonts\\trebucbd.ttf', name='Trebuchet MS', style='normal', variant='normal', weight=700, stretch='normal', size='scalable')) = 10.335
2025-08-03 03:18:08,775 - matplotlib.font_manager - DEBUG - findfont: score(FontEntry(fname='C:\\Windows\\Fonts\\segoesc.ttf', name='Segoe Script', style='normal', variant='normal', weight=400, stretch='normal', size='scalable')) = 10.05
2025-08-03 03:18:08,775 - matplotlib.font_manager - DEBUG - findfont: score(FontEntry(fname='C:\\Windows\\Fonts\\MSUIGHUR.TTF', name='Microsoft Uighur', style='normal', variant='normal', weight=400, stretch='normal', size='scalable')) = 10.05
2025-08-03 03:18:08,776 - matplotlib.font_manager - DEBUG - findfont: score(FontEntry(fname='C:\\Windows\\Fonts\\CascadiaCode.ttf', name='Cascadia Code', style='normal', variant='normal', weight=400, stretch='normal', size='scalable')) = 10.05
2025-08-03 03:18:08,777 - matplotlib.font_manager - DEBUG - findfont: score(FontEntry(fname='C:\\Windows\\Fonts\\comic.ttf', name='Comic Sans MS', style='normal', variant='normal', weight=400, stretch='normal', size='scalable')) = 10.05
2025-08-03 03:18:08,777 - matplotlib.font_manager - DEBUG - findfont: score(FontEntry(fname='C:\\Windows\\Fonts\\GOTHICI.TTF', name='Century Gothic', style='italic', variant='normal', weight=400, stretch='normal', size='scalable')) = 11.05
2025-08-03 03:18:08,778 - matplotlib.font_manager - DEBUG - findfont: score(FontEntry(fname='C:\\Windows\\Fonts\\SegoeIcons.ttf', name='Segoe Fluent Icons', style='normal', variant='normal', weight=400, stretch='normal', size='scalable')) = 10.05
2025-08-03 03:18:08,786 - matplotlib.font_manager - DEBUG - findfont: score(FontEntry(fname='C:\\Windows\\Fonts\\verdanaz.ttf', name='Verdana', style='italic', variant='normal', weight=700, stretch='normal', size='scalable')) = 4.971363636363637
2025-08-03 03:18:08,788 - matplotlib.font_manager - DEBUG - findfont: score(FontEntry(fname='C:\\Windows\\Fonts\\cour.ttf', name='Courier New', style='normal', variant='normal', weight=400, stretch='normal', size='scalable')) = 10.05
2025-08-03 03:18:08,788 - matplotlib.font_manager - DEBUG - findfont: score(FontEntry(fname='C:\\Windows\\Fonts\\BOOKOSI.TTF', name='Bookman Old Style', style='italic', variant='normal', weight=300, stretch='normal', size='scalable')) = 11.145
2025-08-03 03:18:08,789 - matplotlib.font_manager - DEBUG - findfont: score(FontEntry(fname='C:\\Windows\\Fonts\\mingliub.ttc', name='MingLiU-ExtB', style='normal', variant='normal', weight=400, stretch='normal', size='scalable')) = 10.05
2025-08-03 03:18:08,790 - matplotlib.font_manager - DEBUG - findfont: score(FontEntry(fname='C:\\Windows\\Fonts\\segoeuib.ttf', name='Segoe UI', style='normal', variant='normal', weight=700, stretch='normal', size='scalable')) = 10.335
2025-08-03 03:18:08,791 - matplotlib.font_manager - DEBUG - findfont: score(FontEntry(fname='C:\\Windows\\Fonts\\taileb.ttf', name='Microsoft Tai Le', style='normal', variant='normal', weight=700, stretch='normal', size='scalable')) = 10.335
2025-08-03 03:18:08,792 - matplotlib.font_manager - DEBUG - findfont: score(FontEntry(fname='C:\\Windows\\Fonts\\calibrib.ttf', name='Calibri', style='normal', variant='normal', weight=700, stretch='normal', size='scalable')) = 10.335
2025-08-03 03:18:08,792 - matplotlib.font_manager - DEBUG - findfont: score(FontEntry(fname='C:\\Windows\\Fonts\\CENTURY.TTF', name='Century', style='normal', variant='normal', weight=400, stretch='normal', size='scalable')) = 10.05
2025-08-03 03:18:08,793 - matplotlib.font_manager - DEBUG - findfont: score(FontEntry(fname='C:\\Windows\\Fonts\\Nirmala.ttc', name='Nirmala UI', style='normal', variant='normal', weight=400, stretch='normal', size='scalable')) = 10.05
2025-08-03 03:18:08,794 - matplotlib.font_manager - DEBUG - findfont: score(FontEntry(fname='C:\\Windows\\Fonts\\georgiab.ttf', name='Georgia', style='normal', variant='normal', weight=700, stretch='normal', size='scalable')) = 10.335
2025-08-03 03:18:08,795 - matplotlib.font_manager - DEBUG - findfont: score(FontEntry(fname='C:\\Windows\\Fonts\\seguibl.ttf', name='Segoe UI', style='normal', variant='normal', weight=900, stretch='normal', size='scalable')) = 10.525
2025-08-03 03:18:08,803 - matplotlib.font_manager - DEBUG - findfont: score(FontEntry(fname='C:\\Windows\\Fonts\\himalaya.ttf', name='Microsoft Himalaya', style='normal', variant='normal', weight=400, stretch='normal', size='scalable')) = 10.05
2025-08-03 03:18:08,804 - matplotlib.font_manager - DEBUG - findfont: score(FontEntry(fname='C:\\Windows\\Fonts\\WINGDNG3.TTF', name='Wingdings 3', style='normal', variant='normal', weight=400, stretch='normal', size='scalable')) = 10.05
2025-08-03 03:18:08,805 - matplotlib.font_manager - DEBUG - findfont: score(FontEntry(fname='C:\\Windows\\Fonts\\LeelawUI.ttf', name='Leelawadee UI', style='normal', variant='normal', weight=400, stretch='normal', size='scalable')) = 10.05
2025-08-03 03:18:08,805 - matplotlib.font_manager - DEBUG - findfont: score(FontEntry(fname='C:\\Windows\\Fonts\\msyhl.ttc', name='Microsoft YaHei', style='normal', variant='normal', weight=290, stretch='normal', size='scalable')) = 10.1545
2025-08-03 03:18:08,806 - matplotlib.font_manager - DEBUG - findfont: score(FontEntry(fname='C:\\Windows\\Fonts\\mvboli.ttf', name='MV Boli', style='normal', variant='normal', weight=400, stretch='normal', size='scalable')) = 10.05
2025-08-03 03:18:08,807 - matplotlib.font_manager - DEBUG - findfont: score(FontEntry(fname='C:\\Windows\\Fonts\\phagspa.ttf', name='Microsoft PhagsPa', style='normal', variant='normal', weight=400, stretch='normal', size='scalable')) = 10.05
2025-08-03 03:18:08,807 - matplotlib.font_manager - DEBUG - findfont: score(FontEntry(fname='C:\\Windows\\Fonts\\trebuc.ttf', name='Trebuchet MS', style='normal', variant='normal', weight=400, stretch='normal', size='scalable')) = 10.05
2025-08-03 03:18:08,808 - matplotlib.font_manager - DEBUG - findfont: score(FontEntry(fname='C:\\Windows\\Fonts\\GOTHICBI.TTF', name='Century Gothic', style='italic', variant='normal', weight=700, stretch='normal', size='scalable')) = 11.335
2025-08-03 03:18:08,808 - matplotlib.font_manager - DEBUG - findfont: score(FontEntry(fname='C:\\Windows\\Fonts\\phagspab.ttf', name='Microsoft PhagsPa', style='normal', variant='normal', weight=700, stretch='normal', size='scalable')) = 10.335
2025-08-03 03:18:08,809 - matplotlib.font_manager - DEBUG - findfont: score(FontEntry(fname='C:\\Windows\\Fonts\\verdanai.ttf', name='Verdana', style='italic', variant='normal', weight=400, stretch='normal', size='scalable')) = 4.6863636363636365
2025-08-03 03:18:08,811 - matplotlib.font_manager - DEBUG - findfont: score(FontEntry(fname='C:\\Windows\\Fonts\\verdana.ttf', name='Verdana', style='normal', variant='normal', weight=400, stretch='normal', size='scalable')) = 3.6863636363636365
2025-08-03 03:18:08,820 - matplotlib.font_manager - DEBUG - findfont: score(FontEntry(fname='C:\\Windows\\Fonts\\verdanab.ttf', name='Verdana', style='normal', variant='normal', weight=700, stretch='normal', size='scalable')) = 3.9713636363636367
2025-08-03 03:18:08,821 - matplotlib.font_manager - DEBUG - findfont: score(FontEntry(fname='C:\\Windows\\Fonts\\msjhbd.ttc', name='Microsoft JhengHei', style='normal', variant='normal', weight=700, stretch='normal', size='scalable')) = 10.335
2025-08-03 03:18:08,823 - matplotlib.font_manager - DEBUG - findfont: score(FontEntry(fname='C:\\Windows\\Fonts\\gadugib.ttf', name='Gadugi', style='normal', variant='normal', weight=700, stretch='normal', size='scalable')) = 10.335
2025-08-03 03:18:08,824 - matplotlib.font_manager - DEBUG - findfont: score(FontEntry(fname='C:\\Windows\\Fonts\\consola.ttf', name='Consolas', style='normal', variant='normal', weight=400, stretch='normal', size='scalable')) = 10.05
2025-08-03 03:18:08,825 - matplotlib.font_manager - DEBUG - findfont: score(FontEntry(fname='C:\\Windows\\Fonts\\malgunbd.ttf', name='Malgun Gothic', style='normal', variant='normal', weight=700, stretch='normal', size='scalable')) = 10.335
2025-08-03 03:18:08,827 - matplotlib.font_manager - DEBUG - findfont: score(FontEntry(fname='C:\\Windows\\Fonts\\OUTLOOK.TTF', name='MS Outlook', style='normal', variant='normal', weight=400, stretch='normal', size='scalable')) = 10.05
2025-08-03 03:18:08,828 - matplotlib.font_manager - DEBUG - findfont: score(FontEntry(fname='C:\\Windows\\Fonts\\BSSYM7.TTF', name='Bookshelf Symbol 7', style='normal', variant='normal', weight=400, stretch='normal', size='scalable')) = 10.05
2025-08-03 03:18:08,829 - matplotlib.font_manager - DEBUG - findfont: score(FontEntry(fname='C:\\Windows\\Fonts\\ebrimabd.ttf', name='Ebrima', style='normal', variant='normal', weight=700, stretch='normal', size='scalable')) = 10.335
2025-08-03 03:18:08,836 - matplotlib.font_manager - DEBUG - findfont: score(FontEntry(fname='C:\\Windows\\Fonts\\palab.ttf', name='Palatino Linotype', style='normal', variant='normal', weight=700, stretch='normal', size='scalable')) = 10.335
2025-08-03 03:18:08,838 - matplotlib.font_manager - DEBUG - findfont: score(FontEntry(fname='C:\\Windows\\Fonts\\ANTQUAI.TTF', name='Book Antiqua', style='italic', variant='normal', weight=400, stretch='normal', size='scalable')) = 11.05
2025-08-03 03:18:08,839 - matplotlib.font_manager - DEBUG - findfont: score(FontEntry(fname='C:\\Windows\\Fonts\\calibrii.ttf', name='Calibri', style='italic', variant='normal', weight=400, stretch='normal', size='scalable')) = 11.05
2025-08-03 03:18:08,840 - matplotlib.font_manager - DEBUG - findfont: score(FontEntry(fname='C:\\Windows\\Fonts\\georgiaz.ttf', name='Georgia', style='italic', variant='normal', weight=700, stretch='normal', size='scalable')) = 11.335
2025-08-03 03:18:08,840 - matplotlib.font_manager - DEBUG - findfont: score(FontEntry(fname='C:\\Windows\\Fonts\\constani.ttf', name='Constantia', style='italic', variant='normal', weight=400, stretch='normal', size='scalable')) = 11.05
2025-08-03 03:18:08,841 - matplotlib.font_manager - DEBUG - findfont: score(FontEntry(fname='C:\\Windows\\Fonts\\wingding.ttf', name='Wingdings', style='normal', variant='normal', weight=400, stretch='normal', size='scalable')) = 10.05
2025-08-03 03:18:08,842 - matplotlib.font_manager - DEBUG - findfont: score(FontEntry(fname='C:\\Windows\\Fonts\\calibri.ttf', name='Calibri', style='normal', variant='normal', weight=400, stretch='normal', size='scalable')) = 10.05
2025-08-03 03:18:08,843 - matplotlib.font_manager - DEBUG - findfont: score(FontEntry(fname='C:\\Windows\\Fonts\\ebrima.ttf', name='Ebrima', style='normal', variant='normal', weight=400, stretch='normal', size='scalable')) = 10.05
2025-08-03 03:18:08,844 - matplotlib.font_manager - DEBUG - findfont: score(FontEntry(fname='C:\\Windows\\Fonts\\YuGothR.ttc', name='Yu Gothic', style='normal', variant='normal', weight=400, stretch='normal', size='scalable')) = 10.05
2025-08-03 03:18:08,844 - matplotlib.font_manager - DEBUG - findfont: score(FontEntry(fname='C:\\Windows\\Fonts\\segoescb.ttf', name='Segoe Script', style='normal', variant='normal', weight=700, stretch='normal', size='scalable')) = 10.335
2025-08-03 03:18:08,845 - matplotlib.font_manager - DEBUG - findfont: score(FontEntry(fname='C:\\Windows\\Fonts\\msjhl.ttc', name='Microsoft JhengHei', style='normal', variant='normal', weight=290, stretch='normal', size='scalable')) = 10.1545
2025-08-03 03:18:08,846 - matplotlib.font_manager - DEBUG - findfont: score(FontEntry(fname='C:\\Windows\\Fonts\\comici.ttf', name='Comic Sans MS', style='italic', variant='normal', weight=400, stretch='normal', size='scalable')) = 11.05
2025-08-03 03:18:08,854 - matplotlib.font_manager - DEBUG - findfont: score(FontEntry(fname='C:\\Windows\\Fonts\\sylfaen.ttf', name='Sylfaen', style='normal', variant='normal', weight=400, stretch='normal', size='scalable')) = 10.05
2025-08-03 03:18:08,855 - matplotlib.font_manager - DEBUG - findfont: score(FontEntry(fname='C:\\Windows\\Fonts\\Candaraz.ttf', name='Candara', style='italic', variant='normal', weight=700, stretch='normal', size='scalable')) = 11.335
2025-08-03 03:18:08,855 - matplotlib.font_manager - DEBUG - findfont: score(FontEntry(fname='C:\\Windows\\Fonts\\segoeuil.ttf', name='Segoe UI', style='normal', variant='normal', weight=300, stretch='normal', size='scalable')) = 10.145
2025-08-03 03:18:08,856 - matplotlib.font_manager - DEBUG - findfont: score(FontEntry(fname='C:\\Windows\\Fonts\\BKANT.TTF', name='Book Antiqua', style='normal', variant='normal', weight=400, stretch='normal', size='scalable')) = 10.05
2025-08-03 03:18:08,857 - matplotlib.font_manager - DEBUG - findfont: score(FontEntry(fname='C:\\Windows\\Fonts\\corbelz.ttf', name='Corbel', style='italic', variant='normal', weight=700, stretch='normal', size='scalable')) = 11.335
2025-08-03 03:18:08,858 - matplotlib.font_manager - DEBUG - findfont: score(FontEntry(fname='C:\\Windows\\Fonts\\DUBAI-LIGHT.TTF', name='Dubai', style='normal', variant='normal', weight=300, stretch='normal', size='scalable')) = 10.145
2025-08-03 03:18:08,858 - matplotlib.font_manager - DEBUG - findfont: score(FontEntry(fname='C:\\Windows\\Fonts\\palai.ttf', name='Palatino Linotype', style='italic', variant='normal', weight=400, stretch='normal', size='scalable')) = 11.05
2025-08-03 03:18:08,859 - matplotlib.font_manager - DEBUG - findfont: score(FontEntry(fname='C:\\Windows\\Fonts\\arialbi.ttf', name='Arial', style='italic', variant='normal', weight=700, stretch='normal', size='scalable')) = 7.698636363636363
2025-08-03 03:18:08,860 - matplotlib.font_manager - DEBUG - findfont: score(FontEntry(fname='C:\\Windows\\Fonts\\calibril.ttf', name='Calibri', style='normal', variant='normal', weight=300, stretch='normal', size='scalable')) = 10.145
2025-08-03 03:18:08,861 - matplotlib.font_manager - DEBUG - findfont: score(FontEntry(fname='C:\\Windows\\Fonts\\georgiai.ttf', name='Georgia', style='italic', variant='normal', weight=400, stretch='normal', size='scalable')) = 11.05
2025-08-03 03:18:08,862 - matplotlib.font_manager - DEBUG - findfont: score(FontEntry(fname='C:\\Windows\\Fonts\\cambria.ttc', name='Cambria', style='normal', variant='normal', weight=400, stretch='normal', size='scalable')) = 10.05
2025-08-03 03:18:08,862 - matplotlib.font_manager - DEBUG - findfont: score(FontEntry(fname='C:\\Windows\\Fonts\\micross.ttf', name='Microsoft Sans Serif', style='normal', variant='normal', weight=400, stretch='normal', size='scalable')) = 10.05
2025-08-03 03:18:08,867 - matplotlib.font_manager - DEBUG - findfont: score(FontEntry(fname='C:\\Windows\\Fonts\\corbelb.ttf', name='Corbel', style='normal', variant='normal', weight=700, stretch='normal', size='scalable')) = 10.335
2025-08-03 03:18:08,868 - matplotlib.font_manager - DEBUG - findfont: score(FontEntry(fname='C:\\Windows\\Fonts\\impact.ttf', name='Impact', style='normal', variant='normal', weight=400, stretch='normal', size='scalable')) = 10.05
2025-08-03 03:18:08,869 - matplotlib.font_manager - DEBUG - findfont: score(FontEntry(fname='C:\\Windows\\Fonts\\segoeprb.ttf', name='Segoe Print', style='normal', variant='normal', weight=700, stretch='normal', size='scalable')) = 10.335
2025-08-03 03:18:08,870 - matplotlib.font_manager - DEBUG - findfont: score(FontEntry(fname='C:\\Windows\\Fonts\\georgia.ttf', name='Georgia', style='normal', variant='normal', weight=400, stretch='normal', size='scalable')) = 10.05
2025-08-03 03:18:08,870 - matplotlib.font_manager - DEBUG - findfont: Matching sans\-serif:style=normal:variant=normal:weight=normal:stretch=normal:size=10.0 to DejaVu Sans ('C:\\Users\\Nii Amu Ankrah\\AppData\\Roaming\\Python\\Python313\\site-packages\\matplotlib\\mpl-data\\fonts\\ttf\\DejaVuSans.ttf') with score of 0.050000.
2025-08-03 03:18:09,040 - matplotlib.font_manager - DEBUG - findfont: Matching sans\-serif:style=normal:variant=normal:weight=normal:stretch=normal:size=12.0.
2025-08-03 03:18:09,041 - matplotlib.font_manager - DEBUG - findfont: score(FontEntry(fname='C:\\Users\\Nii Amu Ankrah\\AppData\\Roaming\\Python\\Python313\\site-packages\\matplotlib\\mpl-data\\fonts\\ttf\\STIXGeneral.ttf', name='STIXGeneral', style='normal', variant='normal', weight=400, stretch='normal', size='scalable')) = 10.05
2025-08-03 03:18:09,043 - matplotlib.font_manager - DEBUG - findfont: score(FontEntry(fname='C:\\Users\\Nii Amu Ankrah\\AppData\\Roaming\\Python\\Python313\\site-packages\\matplotlib\\mpl-data\\fonts\\ttf\\DejaVuSansMono.ttf', name='DejaVu Sans Mono', style='normal', variant='normal', weight=400, stretch='normal', size='scalable')) = 10.05
2025-08-03 03:18:09,045 - matplotlib.font_manager - DEBUG - findfont: score(FontEntry(fname='C:\\Users\\Nii Amu Ankrah\\AppData\\Roaming\\Python\\Python313\\site-packages\\matplotlib\\mpl-data\\fonts\\ttf\\STIXSizThreeSymReg.ttf', name='STIXSizeThreeSym', style='normal', variant='normal', weight=400, stretch='normal', size='scalable')) = 10.05
2025-08-03 03:18:09,045 - matplotlib.font_manager - DEBUG - findfont: score(FontEntry(fname='C:\\Users\\Nii Amu Ankrah\\AppData\\Roaming\\Python\\Python313\\site-packages\\matplotlib\\mpl-data\\fonts\\ttf\\STIXSizFourSymBol.ttf', name='STIXSizeFourSym', style='normal', variant='normal', weight=700, stretch='normal', size='scalable')) = 10.335
2025-08-03 03:18:09,055 - matplotlib.font_manager - DEBUG - findfont: score(FontEntry(fname='C:\\Users\\Nii Amu Ankrah\\AppData\\Roaming\\Python\\Python313\\site-packages\\matplotlib\\mpl-data\\fonts\\ttf\\STIXSizFiveSymReg.ttf', name='STIXSizeFiveSym', style='normal', variant='normal', weight=400, stretch='normal', size='scalable')) = 10.05
2025-08-03 03:18:09,059 - matplotlib.font_manager - DEBUG - findfont: score(FontEntry(fname='C:\\Users\\Nii Amu Ankrah\\AppData\\Roaming\\Python\\Python313\\site-packages\\matplotlib\\mpl-data\\fonts\\ttf\\cmss10.ttf', name='cmss10', style='normal', variant='normal', weight=400, stretch='normal', size='scalable')) = 10.05
2025-08-03 03:18:09,061 - matplotlib.font_manager - DEBUG - findfont: score(FontEntry(fname='C:\\Users\\Nii Amu Ankrah\\AppData\\Roaming\\Python\\Python313\\site-packages\\matplotlib\\mpl-data\\fonts\\ttf\\DejaVuSans.ttf', name='DejaVu Sans', style='normal', variant='normal', weight=400, stretch='normal', size='scalable')) = 0.05
2025-08-03 03:18:09,076 - matplotlib.font_manager - DEBUG - findfont: score(FontEntry(fname='C:\\Users\\Nii Amu Ankrah\\AppData\\Roaming\\Python\\Python313\\site-packages\\matplotlib\\mpl-data\\fonts\\ttf\\DejaVuSerifDisplay.ttf', name='DejaVu Serif Display', style='normal', variant='normal', weight=400, stretch='normal', size='scalable')) = 10.05
2025-08-03 03:18:09,078 - matplotlib.font_manager - DEBUG - findfont: score(FontEntry(fname='C:\\Users\\Nii Amu Ankrah\\AppData\\Roaming\\Python\\Python313\\site-packages\\matplotlib\\mpl-data\\fonts\\ttf\\cmb10.ttf', name='cmb10', style='normal', variant='normal', weight=400, stretch='normal', size='scalable')) = 10.05
2025-08-03 03:18:09,087 - matplotlib.font_manager - DEBUG - findfont: score(FontEntry(fname='C:\\Users\\Nii Amu Ankrah\\AppData\\Roaming\\Python\\Python313\\site-packages\\matplotlib\\mpl-data\\fonts\\ttf\\DejaVuSerif-Bold.ttf', name='DejaVu Serif', style='normal', variant='normal', weight=700, stretch='normal', size='scalable')) = 10.335
2025-08-03 03:18:09,089 - matplotlib.font_manager - DEBUG - findfont: score(FontEntry(fname='C:\\Users\\Nii Amu Ankrah\\AppData\\Roaming\\Python\\Python313\\site-packages\\matplotlib\\mpl-data\\fonts\\ttf\\cmmi10.ttf', name='cmmi10', style='normal', variant='normal', weight=400, stretch='normal', size='scalable')) = 10.05
2025-08-03 03:18:09,090 - matplotlib.font_manager - DEBUG - findfont: score(FontEntry(fname='C:\\Users\\Nii Amu Ankrah\\AppData\\Roaming\\Python\\Python313\\site-packages\\matplotlib\\mpl-data\\fonts\\ttf\\STIXNonUniBolIta.ttf', name='STIXNonUnicode', style='italic', variant='normal', weight=700, stretch='normal', size='scalable')) = 11.335
2025-08-03 03:18:09,091 - matplotlib.font_manager - DEBUG - findfont: score(FontEntry(fname='C:\\Users\\Nii Amu Ankrah\\AppData\\Roaming\\Python\\Python313\\site-packages\\matplotlib\\mpl-data\\fonts\\ttf\\DejaVuSerif-Italic.ttf', name='DejaVu Serif', style='italic', variant='normal', weight=400, stretch='normal', size='scalable')) = 11.05
2025-08-03 03:18:09,092 - matplotlib.font_manager - DEBUG - findfont: score(FontEntry(fname='C:\\Users\\Nii Amu Ankrah\\AppData\\Roaming\\Python\\Python313\\site-packages\\matplotlib\\mpl-data\\fonts\\ttf\\STIXNonUni.ttf', name='STIXNonUnicode', style='normal', variant='normal', weight=400, stretch='normal', size='scalable')) = 10.05
2025-08-03 03:18:09,094 - matplotlib.font_manager - DEBUG - findfont: score(FontEntry(fname='C:\\Users\\Nii Amu Ankrah\\AppData\\Roaming\\Python\\Python313\\site-packages\\matplotlib\\mpl-data\\fonts\\ttf\\DejaVuSansDisplay.ttf', name='DejaVu Sans Display', style='normal', variant='normal', weight=400, stretch='normal', size='scalable')) = 10.05
2025-08-03 03:18:09,095 - matplotlib.font_manager - DEBUG - findfont: score(FontEntry(fname='C:\\Users\\Nii Amu Ankrah\\AppData\\Roaming\\Python\\Python313\\site-packages\\matplotlib\\mpl-data\\fonts\\ttf\\cmtt10.ttf', name='cmtt10', style='normal', variant='normal', weight=400, stretch='normal', size='scalable')) = 10.05
2025-08-03 03:18:09,098 - matplotlib.font_manager - DEBUG - findfont: score(FontEntry(fname='C:\\Users\\Nii Amu Ankrah\\AppData\\Roaming\\Python\\Python313\\site-packages\\matplotlib\\mpl-data\\fonts\\ttf\\DejaVuSans-BoldOblique.ttf', name='DejaVu Sans', style='oblique', variant='normal', weight=700, stretch='normal', size='scalable')) = 1.335
2025-08-03 03:18:09,103 - matplotlib.font_manager - DEBUG - findfont: score(FontEntry(fname='C:\\Users\\Nii Amu Ankrah\\AppData\\Roaming\\Python\\Python313\\site-packages\\matplotlib\\mpl-data\\fonts\\ttf\\STIXSizOneSymReg.ttf', name='STIXSizeOneSym', style='normal', variant='normal', weight=400, stretch='normal', size='scalable')) = 10.05
2025-08-03 03:18:09,106 - matplotlib.font_manager - DEBUG - findfont: score(FontEntry(fname='C:\\Users\\Nii Amu Ankrah\\AppData\\Roaming\\Python\\Python313\\site-packages\\matplotlib\\mpl-data\\fonts\\ttf\\DejaVuSerif-BoldItalic.ttf', name='DejaVu Serif', style='italic', variant='normal', weight=700, stretch='normal', size='scalable')) = 11.335
2025-08-03 03:18:09,107 - matplotlib.font_manager - DEBUG - findfont: score(FontEntry(fname='C:\\Users\\Nii Amu Ankrah\\AppData\\Roaming\\Python\\Python313\\site-packages\\matplotlib\\mpl-data\\fonts\\ttf\\DejaVuSansMono-Bold.ttf', name='DejaVu Sans Mono', style='normal', variant='normal', weight=700, stretch='normal', size='scalable')) = 10.335
2025-08-03 03:18:09,108 - matplotlib.font_manager - DEBUG - findfont: score(FontEntry(fname='C:\\Users\\Nii Amu Ankrah\\AppData\\Roaming\\Python\\Python313\\site-packages\\matplotlib\\mpl-data\\fonts\\ttf\\STIXSizOneSymBol.ttf', name='STIXSizeOneSym', style='normal', variant='normal', weight=700, stretch='normal', size='scalable')) = 10.335
2025-08-03 03:18:09,109 - matplotlib.font_manager - DEBUG - findfont: score(FontEntry(fname='C:\\Users\\Nii Amu Ankrah\\AppData\\Roaming\\Python\\Python313\\site-packages\\matplotlib\\mpl-data\\fonts\\ttf\\cmex10.ttf', name='cmex10', style='normal', variant='normal', weight=400, stretch='normal', size='scalable')) = 10.05
2025-08-03 03:18:09,109 - matplotlib.font_manager - DEBUG - findfont: score(FontEntry(fname='C:\\Users\\Nii Amu Ankrah\\AppData\\Roaming\\Python\\Python313\\site-packages\\matplotlib\\mpl-data\\fonts\\ttf\\STIXNonUniBol.ttf', name='STIXNonUnicode', style='normal', variant='normal', weight=700, stretch='normal', size='scalable')) = 10.335
2025-08-03 03:18:09,111 - matplotlib.font_manager - DEBUG - findfont: score(FontEntry(fname='C:\\Users\\Nii Amu Ankrah\\AppData\\Roaming\\Python\\Python313\\site-packages\\matplotlib\\mpl-data\\fonts\\ttf\\STIXSizTwoSymReg.ttf', name='STIXSizeTwoSym', style='normal', variant='normal', weight=400, stretch='normal', size='scalable')) = 10.05
2025-08-03 03:18:09,112 - matplotlib.font_manager - DEBUG - findfont: score(FontEntry(fname='C:\\Users\\Nii Amu Ankrah\\AppData\\Roaming\\Python\\Python313\\site-packages\\matplotlib\\mpl-data\\fonts\\ttf\\DejaVuSansMono-BoldOblique.ttf', name='DejaVu Sans Mono', style='oblique', variant='normal', weight=700, stretch='normal', size='scalable')) = 11.335
2025-08-03 03:18:09,113 - matplotlib.font_manager - DEBUG - findfont: score(FontEntry(fname='C:\\Users\\Nii Amu Ankrah\\AppData\\Roaming\\Python\\Python313\\site-packages\\matplotlib\\mpl-data\\fonts\\ttf\\STIXSizThreeSymBol.ttf', name='STIXSizeThreeSym', style='normal', variant='normal', weight=700, stretch='normal', size='scalable')) = 10.335
2025-08-03 03:18:09,121 - matplotlib.font_manager - DEBUG - findfont: score(FontEntry(fname='C:\\Users\\Nii Amu Ankrah\\AppData\\Roaming\\Python\\Python313\\site-packages\\matplotlib\\mpl-data\\fonts\\ttf\\STIXSizTwoSymBol.ttf', name='STIXSizeTwoSym', style='normal', variant='normal', weight=700, stretch='normal', size='scalable')) = 10.335
2025-08-03 03:18:09,126 - matplotlib.font_manager - DEBUG - findfont: score(FontEntry(fname='C:\\Users\\Nii Amu Ankrah\\AppData\\Roaming\\Python\\Python313\\site-packages\\matplotlib\\mpl-data\\fonts\\ttf\\cmsy10.ttf', name='cmsy10', style='normal', variant='normal', weight=400, stretch='normal', size='scalable')) = 10.05
2025-08-03 03:18:09,127 - matplotlib.font_manager - DEBUG - findfont: score(FontEntry(fname='C:\\Users\\Nii Amu Ankrah\\AppData\\Roaming\\Python\\Python313\\site-packages\\matplotlib\\mpl-data\\fonts\\ttf\\STIXGeneralBolIta.ttf', name='STIXGeneral', style='italic', variant='normal', weight=700, stretch='normal', size='scalable')) = 11.335
2025-08-03 03:18:09,128 - matplotlib.font_manager - DEBUG - findfont: score(FontEntry(fname='C:\\Users\\Nii Amu Ankrah\\AppData\\Roaming\\Python\\Python313\\site-packages\\matplotlib\\mpl-data\\fonts\\ttf\\STIXGeneralItalic.ttf', name='STIXGeneral', style='italic', variant='normal', weight=400, stretch='normal', size='scalable')) = 11.05
2025-08-03 03:18:09,139 - matplotlib.font_manager - DEBUG - findfont: score(FontEntry(fname='C:\\Users\\Nii Amu Ankrah\\AppData\\Roaming\\Python\\Python313\\site-packages\\matplotlib\\mpl-data\\fonts\\ttf\\DejaVuSans-Oblique.ttf', name='DejaVu Sans', style='oblique', variant='normal', weight=400, stretch='normal', size='scalable')) = 1.05
2025-08-03 03:18:09,141 - matplotlib.font_manager - DEBUG - findfont: score(FontEntry(fname='C:\\Users\\Nii Amu Ankrah\\AppData\\Roaming\\Python\\Python313\\site-packages\\matplotlib\\mpl-data\\fonts\\ttf\\DejaVuSerif.ttf', name='DejaVu Serif', style='normal', variant='normal', weight=400, stretch='normal', size='scalable')) = 10.05
2025-08-03 03:18:09,142 - matplotlib.font_manager - DEBUG - findfont: score(FontEntry(fname='C:\\Users\\Nii Amu Ankrah\\AppData\\Roaming\\Python\\Python313\\site-packages\\matplotlib\\mpl-data\\fonts\\ttf\\DejaVuSansMono-Oblique.ttf', name='DejaVu Sans Mono', style='oblique', variant='normal', weight=400, stretch='normal', size='scalable')) = 11.05
2025-08-03 03:18:09,145 - matplotlib.font_manager - DEBUG - findfont: score(FontEntry(fname='C:\\Users\\Nii Amu Ankrah\\AppData\\Roaming\\Python\\Python313\\site-packages\\matplotlib\\mpl-data\\fonts\\ttf\\DejaVuSans-Bold.ttf', name='DejaVu Sans', style='normal', variant='normal', weight=700, stretch='normal', size='scalable')) = 0.33499999999999996
2025-08-03 03:18:09,156 - matplotlib.font_manager - DEBUG - findfont: score(FontEntry(fname='C:\\Users\\Nii Amu Ankrah\\AppData\\Roaming\\Python\\Python313\\site-packages\\matplotlib\\mpl-data\\fonts\\ttf\\STIXNonUniIta.ttf', name='STIXNonUnicode', style='italic', variant='normal', weight=400, stretch='normal', size='scalable')) = 11.05
2025-08-03 03:18:09,158 - matplotlib.font_manager - DEBUG - findfont: score(FontEntry(fname='C:\\Users\\Nii Amu Ankrah\\AppData\\Roaming\\Python\\Python313\\site-packages\\matplotlib\\mpl-data\\fonts\\ttf\\STIXSizFourSymReg.ttf', name='STIXSizeFourSym', style='normal', variant='normal', weight=400, stretch='normal', size='scalable')) = 10.05
2025-08-03 03:18:09,158 - matplotlib.font_manager - DEBUG - findfont: score(FontEntry(fname='C:\\Users\\Nii Amu Ankrah\\AppData\\Roaming\\Python\\Python313\\site-packages\\matplotlib\\mpl-data\\fonts\\ttf\\cmr10.ttf', name='cmr10', style='normal', variant='normal', weight=400, stretch='normal', size='scalable')) = 10.05
2025-08-03 03:18:09,160 - matplotlib.font_manager - DEBUG - findfont: score(FontEntry(fname='C:\\Users\\Nii Amu Ankrah\\AppData\\Roaming\\Python\\Python313\\site-packages\\matplotlib\\mpl-data\\fonts\\ttf\\STIXGeneralBol.ttf', name='STIXGeneral', style='normal', variant='normal', weight=700, stretch='normal', size='scalable')) = 10.335
2025-08-03 03:18:09,160 - matplotlib.font_manager - DEBUG - findfont: score(FontEntry(fname='C:\\Windows\\Fonts\\GARABD.TTF', name='Garamond', style='normal', variant='normal', weight=700, stretch='normal', size='scalable')) = 10.335
2025-08-03 03:18:09,162 - matplotlib.font_manager - DEBUG - findfont: score(FontEntry(fname='C:\\Windows\\Fonts\\LEELAWDB.TTF', name='Leelawadee', style='normal', variant='normal', weight=700, stretch='normal', size='scalable')) = 10.335
2025-08-03 03:18:09,174 - matplotlib.font_manager - DEBUG - findfont: score(FontEntry(fname='C:\\Windows\\Fonts\\timesbd.ttf', name='Times New Roman', style='normal', variant='normal', weight=700, stretch='normal', size='scalable')) = 10.335
2025-08-03 03:18:09,190 - matplotlib.font_manager - DEBUG - findfont: score(FontEntry(fname='C:\\Windows\\Fonts\\mmrtextb.ttf', name='Myanmar Text', style='normal', variant='normal', weight=700, stretch='normal', size='scalable')) = 10.335
2025-08-03 03:18:09,191 - matplotlib.font_manager - DEBUG - findfont: score(FontEntry(fname='C:\\Windows\\Fonts\\ariblk.ttf', name='Arial', style='normal', variant='normal', weight=900, stretch='normal', size='scalable')) = 6.888636363636364
2025-08-03 03:18:09,194 - matplotlib.font_manager - DEBUG - findfont: score(FontEntry(fname='C:\\Windows\\Fonts\\ITCKRIST.TTF', name='Kristen ITC', style='normal', variant='normal', weight=400, stretch='normal', size='scalable')) = 10.05
2025-08-03 03:18:09,195 - matplotlib.font_manager - DEBUG - findfont: score(FontEntry(fname='C:\\Windows\\Fonts\\Candarab.ttf', name='Candara', style='normal', variant='normal', weight=700, stretch='normal', size='scalable')) = 10.335
2025-08-03 03:18:09,208 - matplotlib.font_manager - DEBUG - findfont: score(FontEntry(fname='C:\\Windows\\Fonts\\malgun.ttf', name='Malgun Gothic', style='normal', variant='normal', weight=400, stretch='normal', size='scalable')) = 10.05
2025-08-03 03:18:09,209 - matplotlib.font_manager - DEBUG - findfont: score(FontEntry(fname='C:\\Windows\\Fonts\\constan.ttf', name='Constantia', style='normal', variant='normal', weight=400, stretch='normal', size='scalable')) = 10.05
2025-08-03 03:18:09,210 - matplotlib.font_manager - DEBUG - findfont: score(FontEntry(fname='C:\\Windows\\Fonts\\FRSCRIPT.TTF', name='French Script MT', style='normal', variant='normal', weight=400, stretch='normal', size='scalable')) = 10.05
2025-08-03 03:18:09,212 - matplotlib.font_manager - DEBUG - findfont: score(FontEntry(fname='C:\\Windows\\Fonts\\monbaiti.ttf', name='Mongolian Baiti', style='normal', variant='normal', weight=400, stretch='normal', size='scalable')) = 10.05
2025-08-03 03:18:09,224 - matplotlib.font_manager - DEBUG - findfont: score(FontEntry(fname='C:\\Windows\\Fonts\\JUICE___.TTF', name='Juice ITC', style='normal', variant='normal', weight=400, stretch='normal', size='scalable')) = 10.05
2025-08-03 03:18:09,240 - matplotlib.font_manager - DEBUG - findfont: score(FontEntry(fname='C:\\Windows\\Fonts\\TEMPSITC.TTF', name='Tempus Sans ITC', style='normal', variant='normal', weight=400, stretch='normal', size='scalable')) = 10.05
2025-08-03 03:18:09,244 - matplotlib.font_manager - DEBUG - findfont: score(FontEntry(fname='C:\\Windows\\Fonts\\SansSerifCollection.ttf', name='Sans Serif Collection', style='normal', variant='normal', weight=400, stretch='normal', size='scalable')) = 10.05
2025-08-03 03:18:09,246 - matplotlib.font_manager - DEBUG - findfont: score(FontEntry(fname='C:\\Windows\\Fonts\\ARIALN.TTF', name='Arial', style='normal', variant='normal', weight=400, stretch='condensed', size='scalable')) = 6.613636363636363
2025-08-03 03:18:09,257 - matplotlib.font_manager - DEBUG - findfont: score(FontEntry(fname='C:\\Windows\\Fonts\\simsunb.ttf', name='SimSun-ExtB', style='normal', variant='normal', weight=400, stretch='normal', size='scalable')) = 10.05
2025-08-03 03:18:09,264 - matplotlib.font_manager - DEBUG - findfont: score(FontEntry(fname='C:\\Windows\\Fonts\\YuGothM.ttc', name='Yu Gothic', style='normal', variant='normal', weight=500, stretch='normal', size='scalable')) = 10.145
2025-08-03 03:18:09,273 - matplotlib.font_manager - DEBUG - findfont: score(FontEntry(fname='C:\\Windows\\Fonts\\SitkaVF.ttf', name='Sitka', style='normal', variant='normal', weight=400, stretch='normal', size='scalable')) = 10.05
2025-08-03 03:18:09,279 - matplotlib.font_manager - DEBUG - findfont: score(FontEntry(fname='C:\\Windows\\Fonts\\arialbd.ttf', name='Arial', style='normal', variant='normal', weight=700, stretch='normal', size='scalable')) = 6.698636363636363
2025-08-03 03:18:09,287 - matplotlib.font_manager - DEBUG - findfont: score(FontEntry(fname='C:\\Windows\\Fonts\\cambriab.ttf', name='Cambria', style='normal', variant='normal', weight=700, stretch='normal', size='scalable')) = 10.335
2025-08-03 03:18:09,295 - matplotlib.font_manager - DEBUG - findfont: score(FontEntry(fname='C:\\Windows\\Fonts\\BOOKOS.TTF', name='Bookman Old Style', style='normal', variant='normal', weight=300, stretch='normal', size='scalable')) = 10.145
2025-08-03 03:18:09,311 - matplotlib.font_manager - DEBUG - findfont: score(FontEntry(fname='C:\\Windows\\Fonts\\MTCORSVA.TTF', name='Monotype Corsiva', style='normal', variant='normal', weight=400, stretch='normal', size='scalable')) = 10.05
2025-08-03 03:18:09,327 - matplotlib.font_manager - DEBUG - findfont: score(FontEntry(fname='C:\\Windows\\Fonts\\BRADHITC.TTF', name='Bradley Hand ITC', style='normal', variant='normal', weight=400, stretch='normal', size='scalable')) = 10.05
2025-08-03 03:18:09,336 - matplotlib.font_manager - DEBUG - findfont: score(FontEntry(fname='C:\\Windows\\Fonts\\calibriz.ttf', name='Calibri', style='italic', variant='normal', weight=700, stretch='normal', size='scalable')) = 11.335
2025-08-03 03:18:09,342 - matplotlib.font_manager - DEBUG - findfont: score(FontEntry(fname='C:\\Windows\\Fonts\\seguili.ttf', name='Segoe UI', style='italic', variant='normal', weight=300, stretch='normal', size='scalable')) = 11.145
2025-08-03 03:18:09,344 - matplotlib.font_manager - DEBUG - findfont: score(FontEntry(fname='C:\\Windows\\Fonts\\javatext.ttf', name='Javanese Text', style='normal', variant='normal', weight=400, stretch='normal', size='scalable')) = 10.05
2025-08-03 03:18:09,345 - matplotlib.font_manager - DEBUG - findfont: score(FontEntry(fname='C:\\Windows\\Fonts\\framdit.ttf', name='Franklin Gothic Medium', style='italic', variant='normal', weight=400, stretch='normal', size='scalable')) = 11.05
2025-08-03 03:18:09,354 - matplotlib.font_manager - DEBUG - findfont: score(FontEntry(fname='C:\\Windows\\Fonts\\GARA.TTF', name='Garamond', style='normal', variant='normal', weight=400, stretch='normal', size='scalable')) = 10.05
2025-08-03 03:18:09,358 - matplotlib.font_manager - DEBUG - findfont: score(FontEntry(fname='C:\\Windows\\Fonts\\GARAIT.TTF', name='Garamond', style='italic', variant='normal', weight=400, stretch='normal', size='scalable')) = 11.05
2025-08-03 03:18:09,362 - matplotlib.font_manager - DEBUG - findfont: score(FontEntry(fname='C:\\Windows\\Fonts\\pala.ttf', name='Palatino Linotype', style='normal', variant='normal', weight=400, stretch='normal', size='scalable')) = 10.05
2025-08-03 03:18:09,376 - matplotlib.font_manager - DEBUG - findfont: score(FontEntry(fname='C:\\Windows\\Fonts\\constanz.ttf', name='Constantia', style='italic', variant='normal', weight=700, stretch='normal', size='scalable')) = 11.335
2025-08-03 03:18:09,380 - matplotlib.font_manager - DEBUG - findfont: score(FontEntry(fname='C:\\Windows\\Fonts\\trebucit.ttf', name='Trebuchet MS', style='italic', variant='normal', weight=400, stretch='normal', size='scalable')) = 11.05
2025-08-03 03:18:09,389 - matplotlib.font_manager - DEBUG - findfont: score(FontEntry(fname='C:\\Windows\\Fonts\\segoeuiz.ttf', name='Segoe UI', style='italic', variant='normal', weight=700, stretch='normal', size='scalable')) = 11.335
2025-08-03 03:18:09,391 - matplotlib.font_manager - DEBUG - findfont: score(FontEntry(fname='C:\\Windows\\Fonts\\PRISTINA.TTF', name='Pristina', style='normal', variant='normal', weight=400, stretch='normal', size='scalable')) = 10.05
2025-08-03 03:18:09,392 - matplotlib.font_manager - DEBUG - findfont: score(FontEntry(fname='C:\\Windows\\Fonts\\DUBAI-BOLD.TTF', name='Dubai', style='normal', variant='normal', weight=700, stretch='normal', size='scalable')) = 10.335
2025-08-03 03:18:09,406 - matplotlib.font_manager - DEBUG - findfont: score(FontEntry(fname='C:\\Windows\\Fonts\\segoeuii.ttf', name='Segoe UI', style='italic', variant='normal', weight=400, stretch='normal', size='scalable')) = 11.05
2025-08-03 03:18:09,408 - matplotlib.font_manager - DEBUG - findfont: score(FontEntry(fname='C:\\Windows\\Fonts\\PAPYRUS.TTF', name='Papyrus', style='normal', variant='normal', weight=400, stretch='normal', size='scalable')) = 10.05
2025-08-03 03:18:09,409 - matplotlib.font_manager - DEBUG - findfont: score(FontEntry(fname='C:\\Windows\\Fonts\\ntailu.ttf', name='Microsoft New Tai Lue', style='normal', variant='normal', weight=400, stretch='normal', size='scalable')) = 10.05
2025-08-03 03:18:09,410 - matplotlib.font_manager - DEBUG - findfont: score(FontEntry(fname='C:\\Windows\\Fonts\\ANTQUABI.TTF', name='Book Antiqua', style='italic', variant='normal', weight=700, stretch='normal', size='scalable')) = 11.335
2025-08-03 03:18:09,412 - matplotlib.font_manager - DEBUG - findfont: score(FontEntry(fname='C:\\Windows\\Fonts\\corbell.ttf', name='Corbel', style='normal', variant='normal', weight=300, stretch='normal', size='scalable')) = 10.145
2025-08-03 03:18:09,421 - matplotlib.font_manager - DEBUG - findfont: score(FontEntry(fname='C:\\Windows\\Fonts\\gadugi.ttf', name='Gadugi', style='normal', variant='normal', weight=400, stretch='normal', size='scalable')) = 10.05
2025-08-03 03:18:09,428 - matplotlib.font_manager - DEBUG - findfont: score(FontEntry(fname='C:\\Windows\\Fonts\\seguisym.ttf', name='Segoe UI Symbol', style='normal', variant='normal', weight=400, stretch='normal', size='scalable')) = 10.05
2025-08-03 03:18:09,441 - matplotlib.font_manager - DEBUG - findfont: score(FontEntry(fname='C:\\Windows\\Fonts\\couri.ttf', name='Courier New', style='italic', variant='normal', weight=400, stretch='normal', size='scalable')) = 11.05
2025-08-03 03:18:09,443 - matplotlib.font_manager - DEBUG - findfont: score(FontEntry(fname='C:\\Windows\\Fonts\\cambriai.ttf', name='Cambria', style='italic', variant='normal', weight=400, stretch='normal', size='scalable')) = 11.05
2025-08-03 03:18:09,456 - matplotlib.font_manager - DEBUG - findfont: score(FontEntry(fname='C:\\Windows\\Fonts\\ntailub.ttf', name='Microsoft New Tai Lue', style='normal', variant='normal', weight=700, stretch='normal', size='scalable')) = 10.335
2025-08-03 03:18:09,458 - matplotlib.font_manager - DEBUG - findfont: score(FontEntry(fname='C:\\Windows\\Fonts\\msgothic.ttc', name='MS Gothic', style='normal', variant='normal', weight=400, stretch='normal', size='scalable')) = 10.05
2025-08-03 03:18:09,459 - matplotlib.font_manager - DEBUG - findfont: score(FontEntry(fname='C:\\Windows\\Fonts\\Gabriola.ttf', name='Gabriola', style='normal', variant='normal', weight=400, stretch='normal', size='scalable')) = 10.05
2025-08-03 03:18:09,462 - matplotlib.font_manager - DEBUG - findfont: score(FontEntry(fname='C:\\Windows\\Fonts\\segoeuisl.ttf', name='Segoe UI', style='normal', variant='normal', weight=350, stretch='normal', size='scalable')) = 10.0975
2025-08-03 03:18:09,473 - matplotlib.font_manager - DEBUG - findfont: score(FontEntry(fname='C:\\Windows\\Fonts\\GOTHIC.TTF', name='Century Gothic', style='normal', variant='normal', weight=400, stretch='normal', size='scalable')) = 10.05
2025-08-03 03:18:09,476 - matplotlib.font_manager - DEBUG - findfont: score(FontEntry(fname='C:\\Windows\\Fonts\\LEELAWAD.TTF', name='Leelawadee', style='normal', variant='normal', weight=400, stretch='normal', size='scalable')) = 10.05
2025-08-03 03:18:09,490 - matplotlib.font_manager - DEBUG - findfont: score(FontEntry(fname='C:\\Windows\\Fonts\\malgunsl.ttf', name='Malgun Gothic', style='normal', variant='normal', weight=300, stretch='normal', size='scalable')) = 10.145
2025-08-03 03:18:09,494 - matplotlib.font_manager - DEBUG - findfont: score(FontEntry(fname='C:\\Windows\\Fonts\\trebucbi.ttf', name='Trebuchet MS', style='italic', variant='normal', weight=700, stretch='normal', size='scalable')) = 11.335
2025-08-03 03:18:09,495 - matplotlib.font_manager - DEBUG - findfont: score(FontEntry(fname='C:\\Windows\\Fonts\\FREESCPT.TTF', name='Freestyle Script', style='normal', variant='normal', weight=400, stretch='normal', size='scalable')) = 10.05
2025-08-03 03:18:09,508 - matplotlib.font_manager - DEBUG - findfont: score(FontEntry(fname='C:\\Windows\\Fonts\\MSUIGHUB.TTF', name='Microsoft Uighur', style='normal', variant='normal', weight=700, stretch='normal', size='scalable')) = 10.335
2025-08-03 03:18:09,510 - matplotlib.font_manager - DEBUG - findfont: score(FontEntry(fname='C:\\Windows\\Fonts\\segmdl2.ttf', name='Segoe MDL2 Assets', style='normal', variant='normal', weight=400, stretch='normal', size='scalable')) = 10.05
2025-08-03 03:18:09,513 - matplotlib.font_manager - DEBUG - findfont: score(FontEntry(fname='C:\\Windows\\Fonts\\seguisbi.ttf', name='Segoe UI', style='italic', variant='normal', weight=600, stretch='normal', size='scalable')) = 11.24
2025-08-03 03:18:09,521 - matplotlib.font_manager - DEBUG - findfont: score(FontEntry(fname='C:\\Windows\\Fonts\\simsun.ttc', name='SimSun', style='normal', variant='normal', weight=400, stretch='normal', size='scalable')) = 10.05
2025-08-03 03:18:09,525 - matplotlib.font_manager - DEBUG - findfont: score(FontEntry(fname='C:\\Windows\\Fonts\\palabi.ttf', name='Palatino Linotype', style='italic', variant='normal', weight=700, stretch='normal', size='scalable')) = 11.335
2025-08-03 03:18:09,526 - matplotlib.font_manager - DEBUG - findfont: score(FontEntry(fname='C:\\Windows\\Fonts\\LeelaUIb.ttf', name='Leelawadee UI', style='normal', variant='normal', weight=700, stretch='normal', size='scalable')) = 10.335
2025-08-03 03:18:09,527 - matplotlib.font_manager - DEBUG - findfont: score(FontEntry(fname='C:\\Windows\\Fonts\\courbi.ttf', name='Courier New', style='italic', variant='normal', weight=700, stretch='normal', size='scalable')) = 11.335
2025-08-03 03:18:09,542 - matplotlib.font_manager - DEBUG - findfont: score(FontEntry(fname='C:\\Windows\\Fonts\\msyi.ttf', name='Microsoft Yi Baiti', style='normal', variant='normal', weight=400, stretch='normal', size='scalable')) = 10.05
2025-08-03 03:18:09,545 - matplotlib.font_manager - DEBUG - findfont: score(FontEntry(fname='C:\\Windows\\Fonts\\CascadiaMono.ttf', name='Cascadia Mono', style='normal', variant='normal', weight=400, stretch='normal', size='scalable')) = 10.05
2025-08-03 03:18:09,560 - matplotlib.font_manager - DEBUG - findfont: score(FontEntry(fname='C:\\Windows\\Fonts\\mmrtext.ttf', name='Myanmar Text', style='normal', variant='normal', weight=400, stretch='normal', size='scalable')) = 10.05
2025-08-03 03:18:09,576 - matplotlib.font_manager - DEBUG - findfont: score(FontEntry(fname='C:\\Windows\\Fonts\\times.ttf', name='Times New Roman', style='normal', variant='normal', weight=400, stretch='normal', size='scalable')) = 10.05
2025-08-03 03:18:09,579 - matplotlib.font_manager - DEBUG - findfont: score(FontEntry(fname='C:\\Windows\\Fonts\\Candarai.ttf', name='Candara', style='italic', variant='normal', weight=400, stretch='normal', size='scalable')) = 11.05
2025-08-03 03:18:09,590 - matplotlib.font_manager - DEBUG - findfont: score(FontEntry(fname='C:\\Windows\\Fonts\\WINGDNG2.TTF', name='Wingdings 2', style='normal', variant='normal', weight=400, stretch='normal', size='scalable')) = 10.05
2025-08-03 03:18:09,592 - matplotlib.font_manager - DEBUG - findfont: score(FontEntry(fname='C:\\Windows\\Fonts\\Candara.ttf', name='Candara', style='normal', variant='normal', weight=400, stretch='normal', size='scalable')) = 10.05
2025-08-03 03:18:09,593 - matplotlib.font_manager - DEBUG - findfont: score(FontEntry(fname='C:\\Windows\\Fonts\\consolab.ttf', name='Consolas', style='normal', variant='normal', weight=700, stretch='normal', size='scalable')) = 10.335
2025-08-03 03:18:09,595 - matplotlib.font_manager - DEBUG - findfont: score(FontEntry(fname='C:\\Windows\\Fonts\\SitkaVF-Italic.ttf', name='Sitka', style='italic', variant='normal', weight=400, stretch='normal', size='scalable')) = 11.05
2025-08-03 03:18:09,608 - matplotlib.font_manager - DEBUG - findfont: score(FontEntry(fname='C:\\Windows\\Fonts\\tahoma.ttf', name='Tahoma', style='normal', variant='normal', weight=400, stretch='normal', size='scalable')) = 10.05
2025-08-03 03:18:09,609 - matplotlib.font_manager - DEBUG - findfont: score(FontEntry(fname='C:\\Windows\\Fonts\\bahnschrift.ttf', name='Bahnschrift', style='normal', variant='normal', weight=400, stretch='normal', size='scalable')) = 10.05
2025-08-03 03:18:09,624 - matplotlib.font_manager - DEBUG - findfont: score(FontEntry(fname='C:\\Windows\\Fonts\\BOOKOSBI.TTF', name='Bookman Old Style', style='italic', variant='normal', weight=600, stretch='normal', size='scalable')) = 11.24
2025-08-03 03:18:09,626 - matplotlib.font_manager - DEBUG - findfont: score(FontEntry(fname='C:\\Windows\\Fonts\\timesbi.ttf', name='Times New Roman', style='italic', variant='normal', weight=700, stretch='normal', size='scalable')) = 11.335
2025-08-03 03:18:09,629 - matplotlib.font_manager - DEBUG - findfont: score(FontEntry(fname='C:\\Windows\\Fonts\\GOTHICB.TTF', name='Century Gothic', style='normal', variant='normal', weight=700, stretch='normal', size='scalable')) = 10.335
2025-08-03 03:18:09,641 - matplotlib.font_manager - DEBUG - findfont: score(FontEntry(fname='C:\\Windows\\Fonts\\MTEXTRA.TTF', name='MT Extra', style='normal', variant='normal', weight=400, stretch='normal', size='scalable')) = 10.05
2025-08-03 03:18:09,642 - matplotlib.font_manager - DEBUG - findfont: score(FontEntry(fname='C:\\Windows\\Fonts\\HATTEN.TTF', name='Haettenschweiler', style='normal', variant='normal', weight=400, stretch='normal', size='scalable')) = 10.05
2025-08-03 03:18:09,644 - matplotlib.font_manager - DEBUG - findfont: score(FontEntry(fname='C:\\Windows\\Fonts\\ANTQUAB.TTF', name='Book Antiqua', style='normal', variant='normal', weight=700, stretch='normal', size='scalable')) = 10.335
2025-08-03 03:18:09,658 - matplotlib.font_manager - DEBUG - findfont: score(FontEntry(fname='C:\\Windows\\Fonts\\constanb.ttf', name='Constantia', style='normal', variant='normal', weight=700, stretch='normal', size='scalable')) = 10.335
2025-08-03 03:18:09,662 - matplotlib.font_manager - DEBUG - findfont: score(FontEntry(fname='C:\\Windows\\Fonts\\DUBAI-REGULAR.TTF', name='Dubai', style='normal', variant='normal', weight=400, stretch='normal', size='scalable')) = 10.05
2025-08-03 03:18:09,673 - matplotlib.font_manager - DEBUG - findfont: score(FontEntry(fname='C:\\Windows\\Fonts\\REFSAN.TTF', name='MS Reference Sans Serif', style='normal', variant='normal', weight=400, stretch='normal', size='scalable')) = 10.05
2025-08-03 03:18:09,676 - matplotlib.font_manager - DEBUG - findfont: score(FontEntry(fname='C:\\Windows\\Fonts\\consolai.ttf', name='Consolas', style='italic', variant='normal', weight=400, stretch='normal', size='scalable')) = 11.05
2025-08-03 03:18:09,690 - matplotlib.font_manager - DEBUG - findfont: score(FontEntry(fname='C:\\Windows\\Fonts\\LeelUIsl.ttf', name='Leelawadee UI', style='normal', variant='normal', weight=350, stretch='normal', size='scalable')) = 10.0975
2025-08-03 03:18:09,691 - matplotlib.font_manager - DEBUG - findfont: score(FontEntry(fname='C:\\Windows\\Fonts\\comicz.ttf', name='Comic Sans MS', style='italic', variant='normal', weight=700, stretch='normal', size='scalable')) = 11.335
2025-08-03 03:18:09,693 - matplotlib.font_manager - DEBUG - findfont: score(FontEntry(fname='C:\\Windows\\Fonts\\msyh.ttc', name='Microsoft YaHei', style='normal', variant='normal', weight=400, stretch='normal', size='scalable')) = 10.05
2025-08-03 03:18:09,695 - matplotlib.font_manager - DEBUG - findfont: score(FontEntry(fname='C:\\Windows\\Fonts\\Candaral.ttf', name='Candara', style='normal', variant='normal', weight=400, stretch='normal', size='scalable')) = 10.05
2025-08-03 03:18:09,703 - matplotlib.font_manager - DEBUG - findfont: score(FontEntry(fname='C:\\Windows\\Fonts\\msyhbd.ttc', name='Microsoft YaHei', style='normal', variant='normal', weight=700, stretch='normal', size='scalable')) = 10.335
2025-08-03 03:18:09,710 - matplotlib.font_manager - DEBUG - findfont: score(FontEntry(fname='C:\\Windows\\Fonts\\SimsunExtG.ttf', name='SimSun-ExtG', style='normal', variant='normal', weight=400, stretch='normal', size='scalable')) = 10.05
2025-08-03 03:18:09,711 - matplotlib.font_manager - DEBUG - findfont: score(FontEntry(fname='C:\\Windows\\Fonts\\seguihis.ttf', name='Segoe UI Historic', style='normal', variant='normal', weight=400, stretch='normal', size='scalable')) = 10.05
2025-08-03 03:18:09,736 - matplotlib.font_manager - DEBUG - findfont: score(FontEntry(fname='C:\\Windows\\Fonts\\lucon.ttf', name='Lucida Console', style='normal', variant='normal', weight=400, stretch='normal', size='scalable')) = 10.05
2025-08-03 03:18:09,737 - matplotlib.font_manager - DEBUG - findfont: score(FontEntry(fname='C:\\Windows\\Fonts\\YuGothB.ttc', name='Yu Gothic', style='normal', variant='normal', weight=700, stretch='normal', size='scalable')) = 10.335
2025-08-03 03:18:09,743 - matplotlib.font_manager - DEBUG - findfont: score(FontEntry(fname='C:\\Windows\\Fonts\\seguisb.ttf', name='Segoe UI', style='normal', variant='normal', weight=600, stretch='normal', size='scalable')) = 10.24
2025-08-03 03:18:09,746 - matplotlib.font_manager - DEBUG - findfont: score(FontEntry(fname='C:\\Windows\\Fonts\\ARIALNB.TTF', name='Arial', style='normal', variant='normal', weight=700, stretch='condensed', size='scalable')) = 6.8986363636363635
2025-08-03 03:18:09,757 - matplotlib.font_manager - DEBUG - findfont: score(FontEntry(fname='C:\\Windows\\Fonts\\calibrili.ttf', name='Calibri', style='italic', variant='normal', weight=300, stretch='normal', size='scalable')) = 11.145
2025-08-03 03:18:09,760 - matplotlib.font_manager - DEBUG - findfont: score(FontEntry(fname='C:\\Windows\\Fonts\\MISTRAL.TTF', name='Mistral', style='normal', variant='normal', weight=400, stretch='normal', size='scalable')) = 10.05
2025-08-03 03:18:09,776 - matplotlib.font_manager - DEBUG - findfont: score(FontEntry(fname='C:\\Windows\\Fonts\\taile.ttf', name='Microsoft Tai Le', style='normal', variant='normal', weight=400, stretch='normal', size='scalable')) = 10.05
2025-08-03 03:18:09,790 - matplotlib.font_manager - DEBUG - findfont: score(FontEntry(fname='C:\\Windows\\Fonts\\consolaz.ttf', name='Consolas', style='italic', variant='normal', weight=700, stretch='normal', size='scalable')) = 11.335
2025-08-03 03:18:09,795 - matplotlib.font_manager - DEBUG - findfont: score(FontEntry(fname='C:\\Windows\\Fonts\\tahomabd.ttf', name='Tahoma', style='normal', variant='normal', weight=700, stretch='normal', size='scalable')) = 10.335
2025-08-03 03:18:09,808 - matplotlib.font_manager - DEBUG - findfont: score(FontEntry(fname='C:\\Windows\\Fonts\\seguiemj.ttf', name='Segoe UI Emoji', style='normal', variant='normal', weight=400, stretch='normal', size='scalable')) = 10.05
2025-08-03 03:18:09,810 - matplotlib.font_manager - DEBUG - findfont: score(FontEntry(fname='C:\\Windows\\Fonts\\corbeli.ttf', name='Corbel', style='italic', variant='normal', weight=400, stretch='normal', size='scalable')) = 11.05
2025-08-03 03:18:09,812 - matplotlib.font_manager - DEBUG - findfont: score(FontEntry(fname='C:\\Windows\\Fonts\\segoepr.ttf', name='Segoe Print', style='normal', variant='normal', weight=400, stretch='normal', size='scalable')) = 10.05
2025-08-03 03:18:09,823 - matplotlib.font_manager - DEBUG - findfont: score(FontEntry(fname='C:\\Windows\\Fonts\\SegUIVar.ttf', name='Segoe UI Variable', style='normal', variant='normal', weight=400, stretch='normal', size='scalable')) = 10.05
2025-08-03 03:18:09,826 - matplotlib.font_manager - DEBUG - findfont: score(FontEntry(fname='C:\\Windows\\Fonts\\seguibli.ttf', name='Segoe UI', style='italic', variant='normal', weight=900, stretch='normal', size='scalable')) = 11.525
2025-08-03 03:18:09,837 - matplotlib.font_manager - DEBUG - findfont: score(FontEntry(fname='C:\\Windows\\Fonts\\arial.ttf', name='Arial', style='normal', variant='normal', weight=400, stretch='normal', size='scalable')) = 6.413636363636363
2025-08-03 03:18:09,839 - matplotlib.font_manager - DEBUG - findfont: score(FontEntry(fname='C:\\Windows\\Fonts\\ARIALNBI.TTF', name='Arial', style='italic', variant='normal', weight=700, stretch='condensed', size='scalable')) = 7.8986363636363635
2025-08-03 03:18:09,841 - matplotlib.font_manager - DEBUG - findfont: score(FontEntry(fname='C:\\Windows\\Fonts\\courbd.ttf', name='Courier New', style='normal', variant='normal', weight=700, stretch='normal', size='scalable')) = 10.335
2025-08-03 03:18:09,872 - matplotlib.font_manager - DEBUG - findfont: score(FontEntry(fname='C:\\Windows\\Fonts\\Candarali.ttf', name='Candara', style='italic', variant='normal', weight=400, stretch='normal', size='scalable')) = 11.05
2025-08-03 03:18:09,874 - matplotlib.font_manager - DEBUG - findfont: score(FontEntry(fname='C:\\Windows\\Fonts\\corbelli.ttf', name='Corbel', style='italic', variant='normal', weight=300, stretch='normal', size='scalable')) = 11.145
2025-08-03 03:18:09,876 - matplotlib.font_manager - DEBUG - findfont: score(FontEntry(fname='C:\\Windows\\Fonts\\corbel.ttf', name='Corbel', style='normal', variant='normal', weight=400, stretch='normal', size='scalable')) = 10.05
2025-08-03 03:18:09,889 - matplotlib.font_manager - DEBUG - findfont: score(FontEntry(fname='C:\\Windows\\Fonts\\BOOKOSB.TTF', name='Bookman Old Style', style='normal', variant='normal', weight=600, stretch='normal', size='scalable')) = 10.24
2025-08-03 03:18:09,909 - matplotlib.font_manager - DEBUG - findfont: score(FontEntry(fname='C:\\Windows\\Fonts\\seguisli.ttf', name='Segoe UI', style='italic', variant='normal', weight=350, stretch='normal', size='scalable')) = 11.0975
2025-08-03 03:18:09,922 - matplotlib.font_manager - DEBUG - findfont: score(FontEntry(fname='C:\\Windows\\Fonts\\symbol.ttf', name='Symbol', style='normal', variant='normal', weight=400, stretch='normal', size='scalable')) = 10.05
2025-08-03 03:18:09,924 - matplotlib.font_manager - DEBUG - findfont: score(FontEntry(fname='C:\\Windows\\Fonts\\ariali.ttf', name='Arial', style='italic', variant='normal', weight=400, stretch='normal', size='scalable')) = 7.413636363636363
2025-08-03 03:18:09,928 - matplotlib.font_manager - DEBUG - findfont: score(FontEntry(fname='C:\\Windows\\Fonts\\timesi.ttf', name='Times New Roman', style='italic', variant='normal', weight=400, stretch='normal', size='scalable')) = 11.05
2025-08-03 03:18:09,940 - matplotlib.font_manager - DEBUG - findfont: score(FontEntry(fname='C:\\Windows\\Fonts\\cambriaz.ttf', name='Cambria', style='italic', variant='normal', weight=700, stretch='normal', size='scalable')) = 11.335
2025-08-03 03:18:09,944 - matplotlib.font_manager - DEBUG - findfont: score(FontEntry(fname='C:\\Windows\\Fonts\\REFSPCL.TTF', name='MS Reference Specialty', style='normal', variant='normal', weight=400, stretch='normal', size='scalable')) = 10.05
2025-08-03 03:18:09,955 - matplotlib.font_manager - DEBUG - findfont: score(FontEntry(fname='C:\\Windows\\Fonts\\segoeui.ttf', name='Segoe UI', style='normal', variant='normal', weight=400, stretch='normal', size='scalable')) = 10.05
2025-08-03 03:18:09,960 - matplotlib.font_manager - DEBUG - findfont: score(FontEntry(fname='C:\\Windows\\Fonts\\ARIALNI.TTF', name='Arial', style='italic', variant='normal', weight=400, stretch='condensed', size='scalable')) = 7.613636363636363
2025-08-03 03:18:09,975 - matplotlib.font_manager - DEBUG - findfont: score(FontEntry(fname='C:\\Windows\\Fonts\\Inkfree.ttf', name='Ink Free', style='normal', variant='normal', weight=400, stretch='normal', size='scalable')) = 10.05
2025-08-03 03:18:09,989 - matplotlib.font_manager - DEBUG - findfont: score(FontEntry(fname='C:\\Windows\\Fonts\\DUBAI-MEDIUM.TTF', name='Dubai', style='normal', variant='normal', weight=500, stretch='normal', size='scalable')) = 10.145
2025-08-03 03:18:09,993 - matplotlib.font_manager - DEBUG - findfont: score(FontEntry(fname='C:\\Windows\\Fonts\\comicbd.ttf', name='Comic Sans MS', style='normal', variant='normal', weight=700, stretch='normal', size='scalable')) = 10.335
2025-08-03 03:18:10,004 - matplotlib.font_manager - DEBUG - findfont: score(FontEntry(fname='C:\\Windows\\Fonts\\YuGothL.ttc', name='Yu Gothic', style='normal', variant='normal', weight=300, stretch='normal', size='scalable')) = 10.145
2025-08-03 03:18:10,024 - matplotlib.font_manager - DEBUG - findfont: score(FontEntry(fname='C:\\Windows\\Fonts\\webdings.ttf', name='Webdings', style='normal', variant='normal', weight=400, stretch='normal', size='scalable')) = 10.05
2025-08-03 03:18:10,038 - matplotlib.font_manager - DEBUG - findfont: score(FontEntry(fname='C:\\Windows\\Fonts\\framd.ttf', name='Franklin Gothic Medium', style='normal', variant='normal', weight=400, stretch='normal', size='scalable')) = 10.05
2025-08-03 03:18:10,042 - matplotlib.font_manager - DEBUG - findfont: score(FontEntry(fname='C:\\Windows\\Fonts\\msjh.ttc', name='Microsoft JhengHei', style='normal', variant='normal', weight=400, stretch='normal', size='scalable')) = 10.05
2025-08-03 03:18:10,059 - matplotlib.font_manager - DEBUG - findfont: score(FontEntry(fname='C:\\Windows\\Fonts\\l_10646.ttf', name='Lucida Sans Unicode', style='normal', variant='normal', weight=400, stretch='normal', size='scalable')) = 10.05
2025-08-03 03:18:10,060 - matplotlib.font_manager - DEBUG - findfont: score(FontEntry(fname='C:\\Windows\\Fonts\\LHANDW.TTF', name='Lucida Handwriting', style='italic', variant='normal', weight=400, stretch='normal', size='scalable')) = 11.05
2025-08-03 03:18:10,073 - matplotlib.font_manager - DEBUG - findfont: score(FontEntry(fname='C:\\Windows\\Fonts\\trebucbd.ttf', name='Trebuchet MS', style='normal', variant='normal', weight=700, stretch='normal', size='scalable')) = 10.335
2025-08-03 03:18:10,087 - matplotlib.font_manager - DEBUG - findfont: score(FontEntry(fname='C:\\Windows\\Fonts\\segoesc.ttf', name='Segoe Script', style='normal', variant='normal', weight=400, stretch='normal', size='scalable')) = 10.05
2025-08-03 03:18:10,102 - matplotlib.font_manager - DEBUG - findfont: score(FontEntry(fname='C:\\Windows\\Fonts\\MSUIGHUR.TTF', name='Microsoft Uighur', style='normal', variant='normal', weight=400, stretch='normal', size='scalable')) = 10.05
2025-08-03 03:18:10,145 - matplotlib.font_manager - DEBUG - findfont: score(FontEntry(fname='C:\\Windows\\Fonts\\CascadiaCode.ttf', name='Cascadia Code', style='normal', variant='normal', weight=400, stretch='normal', size='scalable')) = 10.05
2025-08-03 03:18:10,158 - matplotlib.font_manager - DEBUG - findfont: score(FontEntry(fname='C:\\Windows\\Fonts\\comic.ttf', name='Comic Sans MS', style='normal', variant='normal', weight=400, stretch='normal', size='scalable')) = 10.05
2025-08-03 03:18:10,211 - matplotlib.font_manager - DEBUG - findfont: score(FontEntry(fname='C:\\Windows\\Fonts\\GOTHICI.TTF', name='Century Gothic', style='italic', variant='normal', weight=400, stretch='normal', size='scalable')) = 11.05
2025-08-03 03:18:10,257 - matplotlib.font_manager - DEBUG - findfont: score(FontEntry(fname='C:\\Windows\\Fonts\\SegoeIcons.ttf', name='Segoe Fluent Icons', style='normal', variant='normal', weight=400, stretch='normal', size='scalable')) = 10.05
2025-08-03 03:18:10,389 - matplotlib.font_manager - DEBUG - findfont: score(FontEntry(fname='C:\\Windows\\Fonts\\verdanaz.ttf', name='Verdana', style='italic', variant='normal', weight=700, stretch='normal', size='scalable')) = 4.971363636363637
2025-08-03 03:18:10,459 - matplotlib.font_manager - DEBUG - findfont: score(FontEntry(fname='C:\\Windows\\Fonts\\cour.ttf', name='Courier New', style='normal', variant='normal', weight=400, stretch='normal', size='scalable')) = 10.05
2025-08-03 03:18:10,460 - matplotlib.font_manager - DEBUG - findfont: score(FontEntry(fname='C:\\Windows\\Fonts\\BOOKOSI.TTF', name='Bookman Old Style', style='italic', variant='normal', weight=300, stretch='normal', size='scalable')) = 11.145
2025-08-03 03:18:10,539 - matplotlib.font_manager - DEBUG - findfont: score(FontEntry(fname='C:\\Windows\\Fonts\\mingliub.ttc', name='MingLiU-ExtB', style='normal', variant='normal', weight=400, stretch='normal', size='scalable')) = 10.05
2025-08-03 03:18:10,540 - matplotlib.font_manager - DEBUG - findfont: score(FontEntry(fname='C:\\Windows\\Fonts\\segoeuib.ttf', name='Segoe UI', style='normal', variant='normal', weight=700, stretch='normal', size='scalable')) = 10.335
2025-08-03 03:18:10,623 - matplotlib.font_manager - DEBUG - findfont: score(FontEntry(fname='C:\\Windows\\Fonts\\taileb.ttf', name='Microsoft Tai Le', style='normal', variant='normal', weight=700, stretch='normal', size='scalable')) = 10.335
2025-08-03 03:18:10,625 - matplotlib.font_manager - DEBUG - findfont: score(FontEntry(fname='C:\\Windows\\Fonts\\calibrib.ttf', name='Calibri', style='normal', variant='normal', weight=700, stretch='normal', size='scalable')) = 10.335
2025-08-03 03:18:10,655 - matplotlib.font_manager - DEBUG - findfont: score(FontEntry(fname='C:\\Windows\\Fonts\\CENTURY.TTF', name='Century', style='normal', variant='normal', weight=400, stretch='normal', size='scalable')) = 10.05
2025-08-03 03:18:10,660 - matplotlib.font_manager - DEBUG - findfont: score(FontEntry(fname='C:\\Windows\\Fonts\\Nirmala.ttc', name='Nirmala UI', style='normal', variant='normal', weight=400, stretch='normal', size='scalable')) = 10.05
2025-08-03 03:18:10,661 - matplotlib.font_manager - DEBUG - findfont: score(FontEntry(fname='C:\\Windows\\Fonts\\georgiab.ttf', name='Georgia', style='normal', variant='normal', weight=700, stretch='normal', size='scalable')) = 10.335
2025-08-03 03:18:10,662 - matplotlib.font_manager - DEBUG - findfont: score(FontEntry(fname='C:\\Windows\\Fonts\\seguibl.ttf', name='Segoe UI', style='normal', variant='normal', weight=900, stretch='normal', size='scalable')) = 10.525
2025-08-03 03:18:10,672 - matplotlib.font_manager - DEBUG - findfont: score(FontEntry(fname='C:\\Windows\\Fonts\\himalaya.ttf', name='Microsoft Himalaya', style='normal', variant='normal', weight=400, stretch='normal', size='scalable')) = 10.05
2025-08-03 03:18:10,678 - matplotlib.font_manager - DEBUG - findfont: score(FontEntry(fname='C:\\Windows\\Fonts\\WINGDNG3.TTF', name='Wingdings 3', style='normal', variant='normal', weight=400, stretch='normal', size='scalable')) = 10.05
2025-08-03 03:18:10,679 - matplotlib.font_manager - DEBUG - findfont: score(FontEntry(fname='C:\\Windows\\Fonts\\LeelawUI.ttf', name='Leelawadee UI', style='normal', variant='normal', weight=400, stretch='normal', size='scalable')) = 10.05
2025-08-03 03:18:10,686 - matplotlib.font_manager - DEBUG - findfont: score(FontEntry(fname='C:\\Windows\\Fonts\\msyhl.ttc', name='Microsoft YaHei', style='normal', variant='normal', weight=290, stretch='normal', size='scalable')) = 10.1545
2025-08-03 03:18:10,691 - matplotlib.font_manager - DEBUG - findfont: score(FontEntry(fname='C:\\Windows\\Fonts\\mvboli.ttf', name='MV Boli', style='normal', variant='normal', weight=400, stretch='normal', size='scalable')) = 10.05
2025-08-03 03:18:10,692 - matplotlib.font_manager - DEBUG - findfont: score(FontEntry(fname='C:\\Windows\\Fonts\\phagspa.ttf', name='Microsoft PhagsPa', style='normal', variant='normal', weight=400, stretch='normal', size='scalable')) = 10.05
2025-08-03 03:18:10,696 - matplotlib.font_manager - DEBUG - findfont: score(FontEntry(fname='C:\\Windows\\Fonts\\trebuc.ttf', name='Trebuchet MS', style='normal', variant='normal', weight=400, stretch='normal', size='scalable')) = 10.05
2025-08-03 03:18:10,702 - matplotlib.font_manager - DEBUG - findfont: score(FontEntry(fname='C:\\Windows\\Fonts\\GOTHICBI.TTF', name='Century Gothic', style='italic', variant='normal', weight=700, stretch='normal', size='scalable')) = 11.335
2025-08-03 03:18:10,705 - matplotlib.font_manager - DEBUG - findfont: score(FontEntry(fname='C:\\Windows\\Fonts\\phagspab.ttf', name='Microsoft PhagsPa', style='normal', variant='normal', weight=700, stretch='normal', size='scalable')) = 10.335
2025-08-03 03:18:10,706 - matplotlib.font_manager - DEBUG - findfont: score(FontEntry(fname='C:\\Windows\\Fonts\\verdanai.ttf', name='Verdana', style='italic', variant='normal', weight=400, stretch='normal', size='scalable')) = 4.6863636363636365
2025-08-03 03:18:10,708 - matplotlib.font_manager - DEBUG - findfont: score(FontEntry(fname='C:\\Windows\\Fonts\\verdana.ttf', name='Verdana', style='normal', variant='normal', weight=400, stretch='normal', size='scalable')) = 3.6863636363636365
2025-08-03 03:18:10,709 - matplotlib.font_manager - DEBUG - findfont: score(FontEntry(fname='C:\\Windows\\Fonts\\verdanab.ttf', name='Verdana', style='normal', variant='normal', weight=700, stretch='normal', size='scalable')) = 3.9713636363636367
2025-08-03 03:18:10,710 - matplotlib.font_manager - DEBUG - findfont: score(FontEntry(fname='C:\\Windows\\Fonts\\msjhbd.ttc', name='Microsoft JhengHei', style='normal', variant='normal', weight=700, stretch='normal', size='scalable')) = 10.335
2025-08-03 03:18:10,711 - matplotlib.font_manager - DEBUG - findfont: score(FontEntry(fname='C:\\Windows\\Fonts\\gadugib.ttf', name='Gadugi', style='normal', variant='normal', weight=700, stretch='normal', size='scalable')) = 10.335
2025-08-03 03:18:10,711 - matplotlib.font_manager - DEBUG - findfont: score(FontEntry(fname='C:\\Windows\\Fonts\\consola.ttf', name='Consolas', style='normal', variant='normal', weight=400, stretch='normal', size='scalable')) = 10.05
2025-08-03 03:18:10,712 - matplotlib.font_manager - DEBUG - findfont: score(FontEntry(fname='C:\\Windows\\Fonts\\malgunbd.ttf', name='Malgun Gothic', style='normal', variant='normal', weight=700, stretch='normal', size='scalable')) = 10.335
2025-08-03 03:18:10,722 - matplotlib.font_manager - DEBUG - findfont: score(FontEntry(fname='C:\\Windows\\Fonts\\OUTLOOK.TTF', name='MS Outlook', style='normal', variant='normal', weight=400, stretch='normal', size='scalable')) = 10.05
2025-08-03 03:18:10,724 - matplotlib.font_manager - DEBUG - findfont: score(FontEntry(fname='C:\\Windows\\Fonts\\BSSYM7.TTF', name='Bookshelf Symbol 7', style='normal', variant='normal', weight=400, stretch='normal', size='scalable')) = 10.05
2025-08-03 03:18:10,726 - matplotlib.font_manager - DEBUG - findfont: score(FontEntry(fname='C:\\Windows\\Fonts\\ebrimabd.ttf', name='Ebrima', style='normal', variant='normal', weight=700, stretch='normal', size='scalable')) = 10.335
2025-08-03 03:18:10,736 - matplotlib.font_manager - DEBUG - findfont: score(FontEntry(fname='C:\\Windows\\Fonts\\palab.ttf', name='Palatino Linotype', style='normal', variant='normal', weight=700, stretch='normal', size='scalable')) = 10.335
2025-08-03 03:18:10,738 - matplotlib.font_manager - DEBUG - findfont: score(FontEntry(fname='C:\\Windows\\Fonts\\ANTQUAI.TTF', name='Book Antiqua', style='italic', variant='normal', weight=400, stretch='normal', size='scalable')) = 11.05
2025-08-03 03:18:10,740 - matplotlib.font_manager - DEBUG - findfont: score(FontEntry(fname='C:\\Windows\\Fonts\\calibrii.ttf', name='Calibri', style='italic', variant='normal', weight=400, stretch='normal', size='scalable')) = 11.05
2025-08-03 03:18:10,740 - matplotlib.font_manager - DEBUG - findfont: score(FontEntry(fname='C:\\Windows\\Fonts\\georgiaz.ttf', name='Georgia', style='italic', variant='normal', weight=700, stretch='normal', size='scalable')) = 11.335
2025-08-03 03:18:10,741 - matplotlib.font_manager - DEBUG - findfont: score(FontEntry(fname='C:\\Windows\\Fonts\\constani.ttf', name='Constantia', style='italic', variant='normal', weight=400, stretch='normal', size='scalable')) = 11.05
2025-08-03 03:18:10,742 - matplotlib.font_manager - DEBUG - findfont: score(FontEntry(fname='C:\\Windows\\Fonts\\wingding.ttf', name='Wingdings', style='normal', variant='normal', weight=400, stretch='normal', size='scalable')) = 10.05
2025-08-03 03:18:10,743 - matplotlib.font_manager - DEBUG - findfont: score(FontEntry(fname='C:\\Windows\\Fonts\\calibri.ttf', name='Calibri', style='normal', variant='normal', weight=400, stretch='normal', size='scalable')) = 10.05
2025-08-03 03:18:10,743 - matplotlib.font_manager - DEBUG - findfont: score(FontEntry(fname='C:\\Windows\\Fonts\\ebrima.ttf', name='Ebrima', style='normal', variant='normal', weight=400, stretch='normal', size='scalable')) = 10.05
2025-08-03 03:18:10,744 - matplotlib.font_manager - DEBUG - findfont: score(FontEntry(fname='C:\\Windows\\Fonts\\YuGothR.ttc', name='Yu Gothic', style='normal', variant='normal', weight=400, stretch='normal', size='scalable')) = 10.05
2025-08-03 03:18:10,770 - matplotlib.font_manager - DEBUG - findfont: score(FontEntry(fname='C:\\Windows\\Fonts\\segoescb.ttf', name='Segoe Script', style='normal', variant='normal', weight=700, stretch='normal', size='scalable')) = 10.335
2025-08-03 03:18:10,772 - matplotlib.font_manager - DEBUG - findfont: score(FontEntry(fname='C:\\Windows\\Fonts\\msjhl.ttc', name='Microsoft JhengHei', style='normal', variant='normal', weight=290, stretch='normal', size='scalable')) = 10.1545
2025-08-03 03:18:10,778 - matplotlib.font_manager - DEBUG - findfont: score(FontEntry(fname='C:\\Windows\\Fonts\\comici.ttf', name='Comic Sans MS', style='italic', variant='normal', weight=400, stretch='normal', size='scalable')) = 11.05
2025-08-03 03:18:10,779 - matplotlib.font_manager - DEBUG - findfont: score(FontEntry(fname='C:\\Windows\\Fonts\\sylfaen.ttf', name='Sylfaen', style='normal', variant='normal', weight=400, stretch='normal', size='scalable')) = 10.05
2025-08-03 03:18:10,783 - matplotlib.font_manager - DEBUG - findfont: score(FontEntry(fname='C:\\Windows\\Fonts\\Candaraz.ttf', name='Candara', style='italic', variant='normal', weight=700, stretch='normal', size='scalable')) = 11.335
2025-08-03 03:18:10,790 - matplotlib.font_manager - DEBUG - findfont: score(FontEntry(fname='C:\\Windows\\Fonts\\segoeuil.ttf', name='Segoe UI', style='normal', variant='normal', weight=300, stretch='normal', size='scalable')) = 10.145
2025-08-03 03:18:10,794 - matplotlib.font_manager - DEBUG - findfont: score(FontEntry(fname='C:\\Windows\\Fonts\\BKANT.TTF', name='Book Antiqua', style='normal', variant='normal', weight=400, stretch='normal', size='scalable')) = 10.05
2025-08-03 03:18:10,809 - matplotlib.font_manager - DEBUG - findfont: score(FontEntry(fname='C:\\Windows\\Fonts\\corbelz.ttf', name='Corbel', style='italic', variant='normal', weight=700, stretch='normal', size='scalable')) = 11.335
2025-08-03 03:18:10,823 - matplotlib.font_manager - DEBUG - findfont: score(FontEntry(fname='C:\\Windows\\Fonts\\DUBAI-LIGHT.TTF', name='Dubai', style='normal', variant='normal', weight=300, stretch='normal', size='scalable')) = 10.145
2025-08-03 03:18:10,838 - matplotlib.font_manager - DEBUG - findfont: score(FontEntry(fname='C:\\Windows\\Fonts\\palai.ttf', name='Palatino Linotype', style='italic', variant='normal', weight=400, stretch='normal', size='scalable')) = 11.05
2025-08-03 03:18:10,841 - matplotlib.font_manager - DEBUG - findfont: score(FontEntry(fname='C:\\Windows\\Fonts\\arialbi.ttf', name='Arial', style='italic', variant='normal', weight=700, stretch='normal', size='scalable')) = 7.698636363636363
2025-08-03 03:18:10,842 - matplotlib.font_manager - DEBUG - findfont: score(FontEntry(fname='C:\\Windows\\Fonts\\calibril.ttf', name='Calibri', style='normal', variant='normal', weight=300, stretch='normal', size='scalable')) = 10.145
2025-08-03 03:18:10,843 - matplotlib.font_manager - DEBUG - findfont: score(FontEntry(fname='C:\\Windows\\Fonts\\georgiai.ttf', name='Georgia', style='italic', variant='normal', weight=400, stretch='normal', size='scalable')) = 11.05
2025-08-03 03:18:10,843 - matplotlib.font_manager - DEBUG - findfont: score(FontEntry(fname='C:\\Windows\\Fonts\\cambria.ttc', name='Cambria', style='normal', variant='normal', weight=400, stretch='normal', size='scalable')) = 10.05
2025-08-03 03:18:10,844 - matplotlib.font_manager - DEBUG - findfont: score(FontEntry(fname='C:\\Windows\\Fonts\\micross.ttf', name='Microsoft Sans Serif', style='normal', variant='normal', weight=400, stretch='normal', size='scalable')) = 10.05
2025-08-03 03:18:10,845 - matplotlib.font_manager - DEBUG - findfont: score(FontEntry(fname='C:\\Windows\\Fonts\\corbelb.ttf', name='Corbel', style='normal', variant='normal', weight=700, stretch='normal', size='scalable')) = 10.335
2025-08-03 03:18:10,850 - matplotlib.font_manager - DEBUG - findfont: score(FontEntry(fname='C:\\Windows\\Fonts\\impact.ttf', name='Impact', style='normal', variant='normal', weight=400, stretch='normal', size='scalable')) = 10.05
2025-08-03 03:18:10,853 - matplotlib.font_manager - DEBUG - findfont: score(FontEntry(fname='C:\\Windows\\Fonts\\segoeprb.ttf', name='Segoe Print', style='normal', variant='normal', weight=700, stretch='normal', size='scalable')) = 10.335
2025-08-03 03:18:10,855 - matplotlib.font_manager - DEBUG - findfont: score(FontEntry(fname='C:\\Windows\\Fonts\\georgia.ttf', name='Georgia', style='normal', variant='normal', weight=400, stretch='normal', size='scalable')) = 10.05
2025-08-03 03:18:10,856 - matplotlib.font_manager - DEBUG - findfont: Matching sans\-serif:style=normal:variant=normal:weight=normal:stretch=normal:size=12.0 to DejaVu Sans ('C:\\Users\\Nii Amu Ankrah\\AppData\\Roaming\\Python\\Python313\\site-packages\\matplotlib\\mpl-data\\fonts\\ttf\\DejaVuSans.ttf') with score of 0.050000.
2025-08-03 03:18:11,071 - matplotlib.font_manager - DEBUG - findfont: Matching sans\-serif:style=normal:variant=normal:weight=bold:stretch=normal:size=16.0.
2025-08-03 03:18:11,074 - matplotlib.font_manager - DEBUG - findfont: score(FontEntry(fname='C:\\Users\\Nii Amu Ankrah\\AppData\\Roaming\\Python\\Python313\\site-packages\\matplotlib\\mpl-data\\fonts\\ttf\\STIXGeneral.ttf', name='STIXGeneral', style='normal', variant='normal', weight=400, stretch='normal', size='scalable')) = 10.335
2025-08-03 03:18:11,076 - matplotlib.font_manager - DEBUG - findfont: score(FontEntry(fname='C:\\Users\\Nii Amu Ankrah\\AppData\\Roaming\\Python\\Python313\\site-packages\\matplotlib\\mpl-data\\fonts\\ttf\\DejaVuSansMono.ttf', name='DejaVu Sans Mono', style='normal', variant='normal', weight=400, stretch='normal', size='scalable')) = 10.335
2025-08-03 03:18:11,078 - matplotlib.font_manager - DEBUG - findfont: score(FontEntry(fname='C:\\Users\\Nii Amu Ankrah\\AppData\\Roaming\\Python\\Python313\\site-packages\\matplotlib\\mpl-data\\fonts\\ttf\\STIXSizThreeSymReg.ttf', name='STIXSizeThreeSym', style='normal', variant='normal', weight=400, stretch='normal', size='scalable')) = 10.335
2025-08-03 03:18:11,078 - matplotlib.font_manager - DEBUG - findfont: score(FontEntry(fname='C:\\Users\\Nii Amu Ankrah\\AppData\\Roaming\\Python\\Python313\\site-packages\\matplotlib\\mpl-data\\fonts\\ttf\\STIXSizFourSymBol.ttf', name='STIXSizeFourSym', style='normal', variant='normal', weight=700, stretch='normal', size='scalable')) = 10.05
2025-08-03 03:18:11,089 - matplotlib.font_manager - DEBUG - findfont: score(FontEntry(fname='C:\\Users\\Nii Amu Ankrah\\AppData\\Roaming\\Python\\Python313\\site-packages\\matplotlib\\mpl-data\\fonts\\ttf\\STIXSizFiveSymReg.ttf', name='STIXSizeFiveSym', style='normal', variant='normal', weight=400, stretch='normal', size='scalable')) = 10.335
2025-08-03 03:18:11,091 - matplotlib.font_manager - DEBUG - findfont: score(FontEntry(fname='C:\\Users\\Nii Amu Ankrah\\AppData\\Roaming\\Python\\Python313\\site-packages\\matplotlib\\mpl-data\\fonts\\ttf\\cmss10.ttf', name='cmss10', style='normal', variant='normal', weight=400, stretch='normal', size='scalable')) = 10.335
2025-08-03 03:18:11,093 - matplotlib.font_manager - DEBUG - findfont: score(FontEntry(fname='C:\\Users\\Nii Amu Ankrah\\AppData\\Roaming\\Python\\Python313\\site-packages\\matplotlib\\mpl-data\\fonts\\ttf\\DejaVuSans.ttf', name='DejaVu Sans', style='normal', variant='normal', weight=400, stretch='normal', size='scalable')) = 0.33499999999999996
2025-08-03 03:18:11,094 - matplotlib.font_manager - DEBUG - findfont: score(FontEntry(fname='C:\\Users\\Nii Amu Ankrah\\AppData\\Roaming\\Python\\Python313\\site-packages\\matplotlib\\mpl-data\\fonts\\ttf\\DejaVuSerifDisplay.ttf', name='DejaVu Serif Display', style='normal', variant='normal', weight=400, stretch='normal', size='scalable')) = 10.335
2025-08-03 03:18:11,095 - matplotlib.font_manager - DEBUG - findfont: score(FontEntry(fname='C:\\Users\\Nii Amu Ankrah\\AppData\\Roaming\\Python\\Python313\\site-packages\\matplotlib\\mpl-data\\fonts\\ttf\\cmb10.ttf', name='cmb10', style='normal', variant='normal', weight=400, stretch='normal', size='scalable')) = 10.335
2025-08-03 03:18:11,095 - matplotlib.font_manager - DEBUG - findfont: score(FontEntry(fname='C:\\Users\\Nii Amu Ankrah\\AppData\\Roaming\\Python\\Python313\\site-packages\\matplotlib\\mpl-data\\fonts\\ttf\\DejaVuSerif-Bold.ttf', name='DejaVu Serif', style='normal', variant='normal', weight=700, stretch='normal', size='scalable')) = 10.05
2025-08-03 03:18:11,103 - matplotlib.font_manager - DEBUG - findfont: score(FontEntry(fname='C:\\Users\\Nii Amu Ankrah\\AppData\\Roaming\\Python\\Python313\\site-packages\\matplotlib\\mpl-data\\fonts\\ttf\\cmmi10.ttf', name='cmmi10', style='normal', variant='normal', weight=400, stretch='normal', size='scalable')) = 10.335
2025-08-03 03:18:11,103 - matplotlib.font_manager - DEBUG - findfont: score(FontEntry(fname='C:\\Users\\Nii Amu Ankrah\\AppData\\Roaming\\Python\\Python313\\site-packages\\matplotlib\\mpl-data\\fonts\\ttf\\STIXNonUniBolIta.ttf', name='STIXNonUnicode', style='italic', variant='normal', weight=700, stretch='normal', size='scalable')) = 11.05
2025-08-03 03:18:11,105 - matplotlib.font_manager - DEBUG - findfont: score(FontEntry(fname='C:\\Users\\Nii Amu Ankrah\\AppData\\Roaming\\Python\\Python313\\site-packages\\matplotlib\\mpl-data\\fonts\\ttf\\DejaVuSerif-Italic.ttf', name='DejaVu Serif', style='italic', variant='normal', weight=400, stretch='normal', size='scalable')) = 11.335
2025-08-03 03:18:11,105 - matplotlib.font_manager - DEBUG - findfont: score(FontEntry(fname='C:\\Users\\Nii Amu Ankrah\\AppData\\Roaming\\Python\\Python313\\site-packages\\matplotlib\\mpl-data\\fonts\\ttf\\STIXNonUni.ttf', name='STIXNonUnicode', style='normal', variant='normal', weight=400, stretch='normal', size='scalable')) = 10.335
2025-08-03 03:18:11,106 - matplotlib.font_manager - DEBUG - findfont: score(FontEntry(fname='C:\\Users\\Nii Amu Ankrah\\AppData\\Roaming\\Python\\Python313\\site-packages\\matplotlib\\mpl-data\\fonts\\ttf\\DejaVuSansDisplay.ttf', name='DejaVu Sans Display', style='normal', variant='normal', weight=400, stretch='normal', size='scalable')) = 10.335
2025-08-03 03:18:11,107 - matplotlib.font_manager - DEBUG - findfont: score(FontEntry(fname='C:\\Users\\Nii Amu Ankrah\\AppData\\Roaming\\Python\\Python313\\site-packages\\matplotlib\\mpl-data\\fonts\\ttf\\cmtt10.ttf', name='cmtt10', style='normal', variant='normal', weight=400, stretch='normal', size='scalable')) = 10.335
2025-08-03 03:18:11,108 - matplotlib.font_manager - DEBUG - findfont: score(FontEntry(fname='C:\\Users\\Nii Amu Ankrah\\AppData\\Roaming\\Python\\Python313\\site-packages\\matplotlib\\mpl-data\\fonts\\ttf\\DejaVuSans-BoldOblique.ttf', name='DejaVu Sans', style='oblique', variant='normal', weight=700, stretch='normal', size='scalable')) = 1.05
2025-08-03 03:18:11,109 - matplotlib.font_manager - DEBUG - findfont: score(FontEntry(fname='C:\\Users\\Nii Amu Ankrah\\AppData\\Roaming\\Python\\Python313\\site-packages\\matplotlib\\mpl-data\\fonts\\ttf\\STIXSizOneSymReg.ttf', name='STIXSizeOneSym', style='normal', variant='normal', weight=400, stretch='normal', size='scalable')) = 10.335
2025-08-03 03:18:11,110 - matplotlib.font_manager - DEBUG - findfont: score(FontEntry(fname='C:\\Users\\Nii Amu Ankrah\\AppData\\Roaming\\Python\\Python313\\site-packages\\matplotlib\\mpl-data\\fonts\\ttf\\DejaVuSerif-BoldItalic.ttf', name='DejaVu Serif', style='italic', variant='normal', weight=700, stretch='normal', size='scalable')) = 11.05
2025-08-03 03:18:11,110 - matplotlib.font_manager - DEBUG - findfont: score(FontEntry(fname='C:\\Users\\Nii Amu Ankrah\\AppData\\Roaming\\Python\\Python313\\site-packages\\matplotlib\\mpl-data\\fonts\\ttf\\DejaVuSansMono-Bold.ttf', name='DejaVu Sans Mono', style='normal', variant='normal', weight=700, stretch='normal', size='scalable')) = 10.05
2025-08-03 03:18:11,111 - matplotlib.font_manager - DEBUG - findfont: score(FontEntry(fname='C:\\Users\\Nii Amu Ankrah\\AppData\\Roaming\\Python\\Python313\\site-packages\\matplotlib\\mpl-data\\fonts\\ttf\\STIXSizOneSymBol.ttf', name='STIXSizeOneSym', style='normal', variant='normal', weight=700, stretch='normal', size='scalable')) = 10.05
2025-08-03 03:18:11,112 - matplotlib.font_manager - DEBUG - findfont: score(FontEntry(fname='C:\\Users\\Nii Amu Ankrah\\AppData\\Roaming\\Python\\Python313\\site-packages\\matplotlib\\mpl-data\\fonts\\ttf\\cmex10.ttf', name='cmex10', style='normal', variant='normal', weight=400, stretch='normal', size='scalable')) = 10.335
2025-08-03 03:18:11,121 - matplotlib.font_manager - DEBUG - findfont: score(FontEntry(fname='C:\\Users\\Nii Amu Ankrah\\AppData\\Roaming\\Python\\Python313\\site-packages\\matplotlib\\mpl-data\\fonts\\ttf\\STIXNonUniBol.ttf', name='STIXNonUnicode', style='normal', variant='normal', weight=700, stretch='normal', size='scalable')) = 10.05
2025-08-03 03:18:11,123 - matplotlib.font_manager - DEBUG - findfont: score(FontEntry(fname='C:\\Users\\Nii Amu Ankrah\\AppData\\Roaming\\Python\\Python313\\site-packages\\matplotlib\\mpl-data\\fonts\\ttf\\STIXSizTwoSymReg.ttf', name='STIXSizeTwoSym', style='normal', variant='normal', weight=400, stretch='normal', size='scalable')) = 10.335
2025-08-03 03:18:11,125 - matplotlib.font_manager - DEBUG - findfont: score(FontEntry(fname='C:\\Users\\Nii Amu Ankrah\\AppData\\Roaming\\Python\\Python313\\site-packages\\matplotlib\\mpl-data\\fonts\\ttf\\DejaVuSansMono-BoldOblique.ttf', name='DejaVu Sans Mono', style='oblique', variant='normal', weight=700, stretch='normal', size='scalable')) = 11.05
2025-08-03 03:18:11,126 - matplotlib.font_manager - DEBUG - findfont: score(FontEntry(fname='C:\\Users\\Nii Amu Ankrah\\AppData\\Roaming\\Python\\Python313\\site-packages\\matplotlib\\mpl-data\\fonts\\ttf\\STIXSizThreeSymBol.ttf', name='STIXSizeThreeSym', style='normal', variant='normal', weight=700, stretch='normal', size='scalable')) = 10.05
2025-08-03 03:18:11,127 - matplotlib.font_manager - DEBUG - findfont: score(FontEntry(fname='C:\\Users\\Nii Amu Ankrah\\AppData\\Roaming\\Python\\Python313\\site-packages\\matplotlib\\mpl-data\\fonts\\ttf\\STIXSizTwoSymBol.ttf', name='STIXSizeTwoSym', style='normal', variant='normal', weight=700, stretch='normal', size='scalable')) = 10.05
2025-08-03 03:18:11,128 - matplotlib.font_manager - DEBUG - findfont: score(FontEntry(fname='C:\\Users\\Nii Amu Ankrah\\AppData\\Roaming\\Python\\Python313\\site-packages\\matplotlib\\mpl-data\\fonts\\ttf\\cmsy10.ttf', name='cmsy10', style='normal', variant='normal', weight=400, stretch='normal', size='scalable')) = 10.335
2025-08-03 03:18:11,132 - matplotlib.font_manager - DEBUG - findfont: score(FontEntry(fname='C:\\Users\\Nii Amu Ankrah\\AppData\\Roaming\\Python\\Python313\\site-packages\\matplotlib\\mpl-data\\fonts\\ttf\\STIXGeneralBolIta.ttf', name='STIXGeneral', style='italic', variant='normal', weight=700, stretch='normal', size='scalable')) = 11.05
2025-08-03 03:18:11,140 - matplotlib.font_manager - DEBUG - findfont: score(FontEntry(fname='C:\\Users\\Nii Amu Ankrah\\AppData\\Roaming\\Python\\Python313\\site-packages\\matplotlib\\mpl-data\\fonts\\ttf\\STIXGeneralItalic.ttf', name='STIXGeneral', style='italic', variant='normal', weight=400, stretch='normal', size='scalable')) = 11.335
2025-08-03 03:18:11,144 - matplotlib.font_manager - DEBUG - findfont: score(FontEntry(fname='C:\\Users\\Nii Amu Ankrah\\AppData\\Roaming\\Python\\Python313\\site-packages\\matplotlib\\mpl-data\\fonts\\ttf\\DejaVuSans-Oblique.ttf', name='DejaVu Sans', style='oblique', variant='normal', weight=400, stretch='normal', size='scalable')) = 1.335
2025-08-03 03:18:11,154 - matplotlib.font_manager - DEBUG - findfont: score(FontEntry(fname='C:\\Users\\Nii Amu Ankrah\\AppData\\Roaming\\Python\\Python313\\site-packages\\matplotlib\\mpl-data\\fonts\\ttf\\DejaVuSerif.ttf', name='DejaVu Serif', style='normal', variant='normal', weight=400, stretch='normal', size='scalable')) = 10.335
2025-08-03 03:18:11,156 - matplotlib.font_manager - DEBUG - findfont: score(FontEntry(fname='C:\\Users\\Nii Amu Ankrah\\AppData\\Roaming\\Python\\Python313\\site-packages\\matplotlib\\mpl-data\\fonts\\ttf\\DejaVuSansMono-Oblique.ttf', name='DejaVu Sans Mono', style='oblique', variant='normal', weight=400, stretch='normal', size='scalable')) = 11.335
2025-08-03 03:18:11,157 - matplotlib.font_manager - DEBUG - findfont: score(FontEntry(fname='C:\\Users\\Nii Amu Ankrah\\AppData\\Roaming\\Python\\Python313\\site-packages\\matplotlib\\mpl-data\\fonts\\ttf\\DejaVuSans-Bold.ttf', name='DejaVu Sans', style='normal', variant='normal', weight=700, stretch='normal', size='scalable')) = 0.05
2025-08-03 03:18:11,158 - matplotlib.font_manager - DEBUG - findfont: score(FontEntry(fname='C:\\Users\\Nii Amu Ankrah\\AppData\\Roaming\\Python\\Python313\\site-packages\\matplotlib\\mpl-data\\fonts\\ttf\\STIXNonUniIta.ttf', name='STIXNonUnicode', style='italic', variant='normal', weight=400, stretch='normal', size='scalable')) = 11.335
2025-08-03 03:18:11,159 - matplotlib.font_manager - DEBUG - findfont: score(FontEntry(fname='C:\\Users\\Nii Amu Ankrah\\AppData\\Roaming\\Python\\Python313\\site-packages\\matplotlib\\mpl-data\\fonts\\ttf\\STIXSizFourSymReg.ttf', name='STIXSizeFourSym', style='normal', variant='normal', weight=400, stretch='normal', size='scalable')) = 10.335
2025-08-03 03:18:11,161 - matplotlib.font_manager - DEBUG - findfont: score(FontEntry(fname='C:\\Users\\Nii Amu Ankrah\\AppData\\Roaming\\Python\\Python313\\site-packages\\matplotlib\\mpl-data\\fonts\\ttf\\cmr10.ttf', name='cmr10', style='normal', variant='normal', weight=400, stretch='normal', size='scalable')) = 10.335
2025-08-03 03:18:11,174 - matplotlib.font_manager - DEBUG - findfont: score(FontEntry(fname='C:\\Users\\Nii Amu Ankrah\\AppData\\Roaming\\Python\\Python313\\site-packages\\matplotlib\\mpl-data\\fonts\\ttf\\STIXGeneralBol.ttf', name='STIXGeneral', style='normal', variant='normal', weight=700, stretch='normal', size='scalable')) = 10.05
2025-08-03 03:18:11,176 - matplotlib.font_manager - DEBUG - findfont: score(FontEntry(fname='C:\\Windows\\Fonts\\GARABD.TTF', name='Garamond', style='normal', variant='normal', weight=700, stretch='normal', size='scalable')) = 10.05
2025-08-03 03:18:11,177 - matplotlib.font_manager - DEBUG - findfont: score(FontEntry(fname='C:\\Windows\\Fonts\\LEELAWDB.TTF', name='Leelawadee', style='normal', variant='normal', weight=700, stretch='normal', size='scalable')) = 10.05
2025-08-03 03:18:11,177 - matplotlib.font_manager - DEBUG - findfont: score(FontEntry(fname='C:\\Windows\\Fonts\\timesbd.ttf', name='Times New Roman', style='normal', variant='normal', weight=700, stretch='normal', size='scalable')) = 10.05
2025-08-03 03:18:11,178 - matplotlib.font_manager - DEBUG - findfont: score(FontEntry(fname='C:\\Windows\\Fonts\\mmrtextb.ttf', name='Myanmar Text', style='normal', variant='normal', weight=700, stretch='normal', size='scalable')) = 10.05
2025-08-03 03:18:11,186 - matplotlib.font_manager - DEBUG - findfont: score(FontEntry(fname='C:\\Windows\\Fonts\\ariblk.ttf', name='Arial', style='normal', variant='normal', weight=900, stretch='normal', size='scalable')) = 6.6036363636363635
2025-08-03 03:18:11,187 - matplotlib.font_manager - DEBUG - findfont: score(FontEntry(fname='C:\\Windows\\Fonts\\ITCKRIST.TTF', name='Kristen ITC', style='normal', variant='normal', weight=400, stretch='normal', size='scalable')) = 10.335
2025-08-03 03:18:11,188 - matplotlib.font_manager - DEBUG - findfont: score(FontEntry(fname='C:\\Windows\\Fonts\\Candarab.ttf', name='Candara', style='normal', variant='normal', weight=700, stretch='normal', size='scalable')) = 10.05
2025-08-03 03:18:11,188 - matplotlib.font_manager - DEBUG - findfont: score(FontEntry(fname='C:\\Windows\\Fonts\\malgun.ttf', name='Malgun Gothic', style='normal', variant='normal', weight=400, stretch='normal', size='scalable')) = 10.335
2025-08-03 03:18:11,189 - matplotlib.font_manager - DEBUG - findfont: score(FontEntry(fname='C:\\Windows\\Fonts\\constan.ttf', name='Constantia', style='normal', variant='normal', weight=400, stretch='normal', size='scalable')) = 10.335
2025-08-03 03:18:11,190 - matplotlib.font_manager - DEBUG - findfont: score(FontEntry(fname='C:\\Windows\\Fonts\\FRSCRIPT.TTF', name='French Script MT', style='normal', variant='normal', weight=400, stretch='normal', size='scalable')) = 10.335
2025-08-03 03:18:11,190 - matplotlib.font_manager - DEBUG - findfont: score(FontEntry(fname='C:\\Windows\\Fonts\\monbaiti.ttf', name='Mongolian Baiti', style='normal', variant='normal', weight=400, stretch='normal', size='scalable')) = 10.335
2025-08-03 03:18:11,191 - matplotlib.font_manager - DEBUG - findfont: score(FontEntry(fname='C:\\Windows\\Fonts\\JUICE___.TTF', name='Juice ITC', style='normal', variant='normal', weight=400, stretch='normal', size='scalable')) = 10.335
2025-08-03 03:18:11,192 - matplotlib.font_manager - DEBUG - findfont: score(FontEntry(fname='C:\\Windows\\Fonts\\TEMPSITC.TTF', name='Tempus Sans ITC', style='normal', variant='normal', weight=400, stretch='normal', size='scalable')) = 10.335
2025-08-03 03:18:11,194 - matplotlib.font_manager - DEBUG - findfont: score(FontEntry(fname='C:\\Windows\\Fonts\\SansSerifCollection.ttf', name='Sans Serif Collection', style='normal', variant='normal', weight=400, stretch='normal', size='scalable')) = 10.335
2025-08-03 03:18:11,202 - matplotlib.font_manager - DEBUG - findfont: score(FontEntry(fname='C:\\Windows\\Fonts\\ARIALN.TTF', name='Arial', style='normal', variant='normal', weight=400, stretch='condensed', size='scalable')) = 6.8986363636363635
2025-08-03 03:18:11,204 - matplotlib.font_manager - DEBUG - findfont: score(FontEntry(fname='C:\\Windows\\Fonts\\simsunb.ttf', name='SimSun-ExtB', style='normal', variant='normal', weight=400, stretch='normal', size='scalable')) = 10.335
2025-08-03 03:18:11,205 - matplotlib.font_manager - DEBUG - findfont: score(FontEntry(fname='C:\\Windows\\Fonts\\YuGothM.ttc', name='Yu Gothic', style='normal', variant='normal', weight=500, stretch='normal', size='scalable')) = 10.24
2025-08-03 03:18:11,206 - matplotlib.font_manager - DEBUG - findfont: score(FontEntry(fname='C:\\Windows\\Fonts\\SitkaVF.ttf', name='Sitka', style='normal', variant='normal', weight=400, stretch='normal', size='scalable')) = 10.335
2025-08-03 03:18:11,206 - matplotlib.font_manager - DEBUG - findfont: score(FontEntry(fname='C:\\Windows\\Fonts\\arialbd.ttf', name='Arial', style='normal', variant='normal', weight=700, stretch='normal', size='scalable')) = 6.413636363636363
2025-08-03 03:18:11,207 - matplotlib.font_manager - DEBUG - findfont: score(FontEntry(fname='C:\\Windows\\Fonts\\cambriab.ttf', name='Cambria', style='normal', variant='normal', weight=700, stretch='normal', size='scalable')) = 10.05
2025-08-03 03:18:11,208 - matplotlib.font_manager - DEBUG - findfont: score(FontEntry(fname='C:\\Windows\\Fonts\\BOOKOS.TTF', name='Bookman Old Style', style='normal', variant='normal', weight=300, stretch='normal', size='scalable')) = 10.43
2025-08-03 03:18:11,210 - matplotlib.font_manager - DEBUG - findfont: score(FontEntry(fname='C:\\Windows\\Fonts\\MTCORSVA.TTF', name='Monotype Corsiva', style='normal', variant='normal', weight=400, stretch='normal', size='scalable')) = 10.335
2025-08-03 03:18:11,210 - matplotlib.font_manager - DEBUG - findfont: score(FontEntry(fname='C:\\Windows\\Fonts\\BRADHITC.TTF', name='Bradley Hand ITC', style='normal', variant='normal', weight=400, stretch='normal', size='scalable')) = 10.335
2025-08-03 03:18:11,211 - matplotlib.font_manager - DEBUG - findfont: score(FontEntry(fname='C:\\Windows\\Fonts\\calibriz.ttf', name='Calibri', style='italic', variant='normal', weight=700, stretch='normal', size='scalable')) = 11.05
2025-08-03 03:18:11,212 - matplotlib.font_manager - DEBUG - findfont: score(FontEntry(fname='C:\\Windows\\Fonts\\seguili.ttf', name='Segoe UI', style='italic', variant='normal', weight=300, stretch='normal', size='scalable')) = 11.43
2025-08-03 03:18:11,219 - matplotlib.font_manager - DEBUG - findfont: score(FontEntry(fname='C:\\Windows\\Fonts\\javatext.ttf', name='Javanese Text', style='normal', variant='normal', weight=400, stretch='normal', size='scalable')) = 10.335
2025-08-03 03:18:11,221 - matplotlib.font_manager - DEBUG - findfont: score(FontEntry(fname='C:\\Windows\\Fonts\\framdit.ttf', name='Franklin Gothic Medium', style='italic', variant='normal', weight=400, stretch='normal', size='scalable')) = 11.335
2025-08-03 03:18:11,224 - matplotlib.font_manager - DEBUG - findfont: score(FontEntry(fname='C:\\Windows\\Fonts\\GARA.TTF', name='Garamond', style='normal', variant='normal', weight=400, stretch='normal', size='scalable')) = 10.335
2025-08-03 03:18:11,227 - matplotlib.font_manager - DEBUG - findfont: score(FontEntry(fname='C:\\Windows\\Fonts\\GARAIT.TTF', name='Garamond', style='italic', variant='normal', weight=400, stretch='normal', size='scalable')) = 11.335
2025-08-03 03:18:11,229 - matplotlib.font_manager - DEBUG - findfont: score(FontEntry(fname='C:\\Windows\\Fonts\\pala.ttf', name='Palatino Linotype', style='normal', variant='normal', weight=400, stretch='normal', size='scalable')) = 10.335
2025-08-03 03:18:11,242 - matplotlib.font_manager - DEBUG - findfont: score(FontEntry(fname='C:\\Windows\\Fonts\\constanz.ttf', name='Constantia', style='italic', variant='normal', weight=700, stretch='normal', size='scalable')) = 11.05
2025-08-03 03:18:11,244 - matplotlib.font_manager - DEBUG - findfont: score(FontEntry(fname='C:\\Windows\\Fonts\\trebucit.ttf', name='Trebuchet MS', style='italic', variant='normal', weight=400, stretch='normal', size='scalable')) = 11.335
2025-08-03 03:18:11,245 - matplotlib.font_manager - DEBUG - findfont: score(FontEntry(fname='C:\\Windows\\Fonts\\segoeuiz.ttf', name='Segoe UI', style='italic', variant='normal', weight=700, stretch='normal', size='scalable')) = 11.05
2025-08-03 03:18:11,246 - matplotlib.font_manager - DEBUG - findfont: score(FontEntry(fname='C:\\Windows\\Fonts\\PRISTINA.TTF', name='Pristina', style='normal', variant='normal', weight=400, stretch='normal', size='scalable')) = 10.335
2025-08-03 03:18:11,253 - matplotlib.font_manager - DEBUG - findfont: score(FontEntry(fname='C:\\Windows\\Fonts\\DUBAI-BOLD.TTF', name='Dubai', style='normal', variant='normal', weight=700, stretch='normal', size='scalable')) = 10.05
2025-08-03 03:18:11,254 - matplotlib.font_manager - DEBUG - findfont: score(FontEntry(fname='C:\\Windows\\Fonts\\segoeuii.ttf', name='Segoe UI', style='italic', variant='normal', weight=400, stretch='normal', size='scalable')) = 11.335
2025-08-03 03:18:11,257 - matplotlib.font_manager - DEBUG - findfont: score(FontEntry(fname='C:\\Windows\\Fonts\\PAPYRUS.TTF', name='Papyrus', style='normal', variant='normal', weight=400, stretch='normal', size='scalable')) = 10.335
2025-08-03 03:18:11,258 - matplotlib.font_manager - DEBUG - findfont: score(FontEntry(fname='C:\\Windows\\Fonts\\ntailu.ttf', name='Microsoft New Tai Lue', style='normal', variant='normal', weight=400, stretch='normal', size='scalable')) = 10.335
2025-08-03 03:18:11,259 - matplotlib.font_manager - DEBUG - findfont: score(FontEntry(fname='C:\\Windows\\Fonts\\ANTQUABI.TTF', name='Book Antiqua', style='italic', variant='normal', weight=700, stretch='normal', size='scalable')) = 11.05
2025-08-03 03:18:11,261 - matplotlib.font_manager - DEBUG - findfont: score(FontEntry(fname='C:\\Windows\\Fonts\\corbell.ttf', name='Corbel', style='normal', variant='normal', weight=300, stretch='normal', size='scalable')) = 10.43
2025-08-03 03:18:11,262 - matplotlib.font_manager - DEBUG - findfont: score(FontEntry(fname='C:\\Windows\\Fonts\\gadugi.ttf', name='Gadugi', style='normal', variant='normal', weight=400, stretch='normal', size='scalable')) = 10.335
2025-08-03 03:18:11,266 - matplotlib.font_manager - DEBUG - findfont: score(FontEntry(fname='C:\\Windows\\Fonts\\seguisym.ttf', name='Segoe UI Symbol', style='normal', variant='normal', weight=400, stretch='normal', size='scalable')) = 10.335
2025-08-03 03:18:11,270 - matplotlib.font_manager - DEBUG - findfont: score(FontEntry(fname='C:\\Windows\\Fonts\\couri.ttf', name='Courier New', style='italic', variant='normal', weight=400, stretch='normal', size='scalable')) = 11.335
2025-08-03 03:18:11,271 - matplotlib.font_manager - DEBUG - findfont: score(FontEntry(fname='C:\\Windows\\Fonts\\cambriai.ttf', name='Cambria', style='italic', variant='normal', weight=400, stretch='normal', size='scalable')) = 11.335
2025-08-03 03:18:11,273 - matplotlib.font_manager - DEBUG - findfont: score(FontEntry(fname='C:\\Windows\\Fonts\\ntailub.ttf', name='Microsoft New Tai Lue', style='normal', variant='normal', weight=700, stretch='normal', size='scalable')) = 10.05
2025-08-03 03:18:11,274 - matplotlib.font_manager - DEBUG - findfont: score(FontEntry(fname='C:\\Windows\\Fonts\\msgothic.ttc', name='MS Gothic', style='normal', variant='normal', weight=400, stretch='normal', size='scalable')) = 10.335
2025-08-03 03:18:11,275 - matplotlib.font_manager - DEBUG - findfont: score(FontEntry(fname='C:\\Windows\\Fonts\\Gabriola.ttf', name='Gabriola', style='normal', variant='normal', weight=400, stretch='normal', size='scalable')) = 10.335
2025-08-03 03:18:11,276 - matplotlib.font_manager - DEBUG - findfont: score(FontEntry(fname='C:\\Windows\\Fonts\\segoeuisl.ttf', name='Segoe UI', style='normal', variant='normal', weight=350, stretch='normal', size='scalable')) = 10.3825
2025-08-03 03:18:11,277 - matplotlib.font_manager - DEBUG - findfont: score(FontEntry(fname='C:\\Windows\\Fonts\\GOTHIC.TTF', name='Century Gothic', style='normal', variant='normal', weight=400, stretch='normal', size='scalable')) = 10.335
2025-08-03 03:18:11,279 - matplotlib.font_manager - DEBUG - findfont: score(FontEntry(fname='C:\\Windows\\Fonts\\LEELAWAD.TTF', name='Leelawadee', style='normal', variant='normal', weight=400, stretch='normal', size='scalable')) = 10.335
2025-08-03 03:18:11,285 - matplotlib.font_manager - DEBUG - findfont: score(FontEntry(fname='C:\\Windows\\Fonts\\malgunsl.ttf', name='Malgun Gothic', style='normal', variant='normal', weight=300, stretch='normal', size='scalable')) = 10.43
2025-08-03 03:18:11,292 - matplotlib.font_manager - DEBUG - findfont: score(FontEntry(fname='C:\\Windows\\Fonts\\trebucbi.ttf', name='Trebuchet MS', style='italic', variant='normal', weight=700, stretch='normal', size='scalable')) = 11.05
2025-08-03 03:18:11,294 - matplotlib.font_manager - DEBUG - findfont: score(FontEntry(fname='C:\\Windows\\Fonts\\FREESCPT.TTF', name='Freestyle Script', style='normal', variant='normal', weight=400, stretch='normal', size='scalable')) = 10.335
2025-08-03 03:18:11,296 - matplotlib.font_manager - DEBUG - findfont: score(FontEntry(fname='C:\\Windows\\Fonts\\MSUIGHUB.TTF', name='Microsoft Uighur', style='normal', variant='normal', weight=700, stretch='normal', size='scalable')) = 10.05
2025-08-03 03:18:11,304 - matplotlib.font_manager - DEBUG - findfont: score(FontEntry(fname='C:\\Windows\\Fonts\\segmdl2.ttf', name='Segoe MDL2 Assets', style='normal', variant='normal', weight=400, stretch='normal', size='scalable')) = 10.335
2025-08-03 03:18:11,305 - matplotlib.font_manager - DEBUG - findfont: score(FontEntry(fname='C:\\Windows\\Fonts\\seguisbi.ttf', name='Segoe UI', style='italic', variant='normal', weight=600, stretch='normal', size='scalable')) = 11.145
2025-08-03 03:18:11,306 - matplotlib.font_manager - DEBUG - findfont: score(FontEntry(fname='C:\\Windows\\Fonts\\simsun.ttc', name='SimSun', style='normal', variant='normal', weight=400, stretch='normal', size='scalable')) = 10.335
2025-08-03 03:18:11,307 - matplotlib.font_manager - DEBUG - findfont: score(FontEntry(fname='C:\\Windows\\Fonts\\palabi.ttf', name='Palatino Linotype', style='italic', variant='normal', weight=700, stretch='normal', size='scalable')) = 11.05
2025-08-03 03:18:11,308 - matplotlib.font_manager - DEBUG - findfont: score(FontEntry(fname='C:\\Windows\\Fonts\\LeelaUIb.ttf', name='Leelawadee UI', style='normal', variant='normal', weight=700, stretch='normal', size='scalable')) = 10.05
2025-08-03 03:18:11,309 - matplotlib.font_manager - DEBUG - findfont: score(FontEntry(fname='C:\\Windows\\Fonts\\courbi.ttf', name='Courier New', style='italic', variant='normal', weight=700, stretch='normal', size='scalable')) = 11.05
2025-08-03 03:18:11,310 - matplotlib.font_manager - DEBUG - findfont: score(FontEntry(fname='C:\\Windows\\Fonts\\msyi.ttf', name='Microsoft Yi Baiti', style='normal', variant='normal', weight=400, stretch='normal', size='scalable')) = 10.335
2025-08-03 03:18:11,312 - matplotlib.font_manager - DEBUG - findfont: score(FontEntry(fname='C:\\Windows\\Fonts\\CascadiaMono.ttf', name='Cascadia Mono', style='normal', variant='normal', weight=400, stretch='normal', size='scalable')) = 10.335
2025-08-03 03:18:11,316 - matplotlib.font_manager - DEBUG - findfont: score(FontEntry(fname='C:\\Windows\\Fonts\\mmrtext.ttf', name='Myanmar Text', style='normal', variant='normal', weight=400, stretch='normal', size='scalable')) = 10.335
2025-08-03 03:18:11,321 - matplotlib.font_manager - DEBUG - findfont: score(FontEntry(fname='C:\\Windows\\Fonts\\times.ttf', name='Times New Roman', style='normal', variant='normal', weight=400, stretch='normal', size='scalable')) = 10.335
2025-08-03 03:18:11,322 - matplotlib.font_manager - DEBUG - findfont: score(FontEntry(fname='C:\\Windows\\Fonts\\Candarai.ttf', name='Candara', style='italic', variant='normal', weight=400, stretch='normal', size='scalable')) = 11.335
2025-08-03 03:18:11,323 - matplotlib.font_manager - DEBUG - findfont: score(FontEntry(fname='C:\\Windows\\Fonts\\WINGDNG2.TTF', name='Wingdings 2', style='normal', variant='normal', weight=400, stretch='normal', size='scalable')) = 10.335
2025-08-03 03:18:11,324 - matplotlib.font_manager - DEBUG - findfont: score(FontEntry(fname='C:\\Windows\\Fonts\\Candara.ttf', name='Candara', style='normal', variant='normal', weight=400, stretch='normal', size='scalable')) = 10.335
2025-08-03 03:18:11,324 - matplotlib.font_manager - DEBUG - findfont: score(FontEntry(fname='C:\\Windows\\Fonts\\consolab.ttf', name='Consolas', style='normal', variant='normal', weight=700, stretch='normal', size='scalable')) = 10.05
2025-08-03 03:18:11,325 - matplotlib.font_manager - DEBUG - findfont: score(FontEntry(fname='C:\\Windows\\Fonts\\SitkaVF-Italic.ttf', name='Sitka', style='italic', variant='normal', weight=400, stretch='normal', size='scalable')) = 11.335
2025-08-03 03:18:11,326 - matplotlib.font_manager - DEBUG - findfont: score(FontEntry(fname='C:\\Windows\\Fonts\\tahoma.ttf', name='Tahoma', style='normal', variant='normal', weight=400, stretch='normal', size='scalable')) = 10.335
2025-08-03 03:18:11,327 - matplotlib.font_manager - DEBUG - findfont: score(FontEntry(fname='C:\\Windows\\Fonts\\bahnschrift.ttf', name='Bahnschrift', style='normal', variant='normal', weight=400, stretch='normal', size='scalable')) = 10.335
2025-08-03 03:18:11,327 - matplotlib.font_manager - DEBUG - findfont: score(FontEntry(fname='C:\\Windows\\Fonts\\BOOKOSBI.TTF', name='Bookman Old Style', style='italic', variant='normal', weight=600, stretch='normal', size='scalable')) = 11.145
2025-08-03 03:18:11,328 - matplotlib.font_manager - DEBUG - findfont: score(FontEntry(fname='C:\\Windows\\Fonts\\timesbi.ttf', name='Times New Roman', style='italic', variant='normal', weight=700, stretch='normal', size='scalable')) = 11.05
2025-08-03 03:18:11,330 - matplotlib.font_manager - DEBUG - findfont: score(FontEntry(fname='C:\\Windows\\Fonts\\GOTHICB.TTF', name='Century Gothic', style='normal', variant='normal', weight=700, stretch='normal', size='scalable')) = 10.05
2025-08-03 03:18:11,337 - matplotlib.font_manager - DEBUG - findfont: score(FontEntry(fname='C:\\Windows\\Fonts\\MTEXTRA.TTF', name='MT Extra', style='normal', variant='normal', weight=400, stretch='normal', size='scalable')) = 10.335
2025-08-03 03:18:11,338 - matplotlib.font_manager - DEBUG - findfont: score(FontEntry(fname='C:\\Windows\\Fonts\\HATTEN.TTF', name='Haettenschweiler', style='normal', variant='normal', weight=400, stretch='normal', size='scalable')) = 10.335
2025-08-03 03:18:11,339 - matplotlib.font_manager - DEBUG - findfont: score(FontEntry(fname='C:\\Windows\\Fonts\\ANTQUAB.TTF', name='Book Antiqua', style='normal', variant='normal', weight=700, stretch='normal', size='scalable')) = 10.05
2025-08-03 03:18:11,340 - matplotlib.font_manager - DEBUG - findfont: score(FontEntry(fname='C:\\Windows\\Fonts\\constanb.ttf', name='Constantia', style='normal', variant='normal', weight=700, stretch='normal', size='scalable')) = 10.05
2025-08-03 03:18:11,341 - matplotlib.font_manager - DEBUG - findfont: score(FontEntry(fname='C:\\Windows\\Fonts\\DUBAI-REGULAR.TTF', name='Dubai', style='normal', variant='normal', weight=400, stretch='normal', size='scalable')) = 10.335
2025-08-03 03:18:11,341 - matplotlib.font_manager - DEBUG - findfont: score(FontEntry(fname='C:\\Windows\\Fonts\\REFSAN.TTF', name='MS Reference Sans Serif', style='normal', variant='normal', weight=400, stretch='normal', size='scalable')) = 10.335
2025-08-03 03:18:11,342 - matplotlib.font_manager - DEBUG - findfont: score(FontEntry(fname='C:\\Windows\\Fonts\\consolai.ttf', name='Consolas', style='italic', variant='normal', weight=400, stretch='normal', size='scalable')) = 11.335
2025-08-03 03:18:11,343 - matplotlib.font_manager - DEBUG - findfont: score(FontEntry(fname='C:\\Windows\\Fonts\\LeelUIsl.ttf', name='Leelawadee UI', style='normal', variant='normal', weight=350, stretch='normal', size='scalable')) = 10.3825
2025-08-03 03:18:11,343 - matplotlib.font_manager - DEBUG - findfont: score(FontEntry(fname='C:\\Windows\\Fonts\\comicz.ttf', name='Comic Sans MS', style='italic', variant='normal', weight=700, stretch='normal', size='scalable')) = 11.05
2025-08-03 03:18:11,344 - matplotlib.font_manager - DEBUG - findfont: score(FontEntry(fname='C:\\Windows\\Fonts\\msyh.ttc', name='Microsoft YaHei', style='normal', variant='normal', weight=400, stretch='normal', size='scalable')) = 10.335
2025-08-03 03:18:11,345 - matplotlib.font_manager - DEBUG - findfont: score(FontEntry(fname='C:\\Windows\\Fonts\\Candaral.ttf', name='Candara', style='normal', variant='normal', weight=400, stretch='normal', size='scalable')) = 10.335
2025-08-03 03:18:11,353 - matplotlib.font_manager - DEBUG - findfont: score(FontEntry(fname='C:\\Windows\\Fonts\\msyhbd.ttc', name='Microsoft YaHei', style='normal', variant='normal', weight=700, stretch='normal', size='scalable')) = 10.05
2025-08-03 03:18:11,354 - matplotlib.font_manager - DEBUG - findfont: score(FontEntry(fname='C:\\Windows\\Fonts\\SimsunExtG.ttf', name='SimSun-ExtG', style='normal', variant='normal', weight=400, stretch='normal', size='scalable')) = 10.335
2025-08-03 03:18:11,356 - matplotlib.font_manager - DEBUG - findfont: score(FontEntry(fname='C:\\Windows\\Fonts\\seguihis.ttf', name='Segoe UI Historic', style='normal', variant='normal', weight=400, stretch='normal', size='scalable')) = 10.335
2025-08-03 03:18:11,356 - matplotlib.font_manager - DEBUG - findfont: score(FontEntry(fname='C:\\Windows\\Fonts\\lucon.ttf', name='Lucida Console', style='normal', variant='normal', weight=400, stretch='normal', size='scalable')) = 10.335
2025-08-03 03:18:11,357 - matplotlib.font_manager - DEBUG - findfont: score(FontEntry(fname='C:\\Windows\\Fonts\\YuGothB.ttc', name='Yu Gothic', style='normal', variant='normal', weight=700, stretch='normal', size='scalable')) = 10.05
2025-08-03 03:18:11,358 - matplotlib.font_manager - DEBUG - findfont: score(FontEntry(fname='C:\\Windows\\Fonts\\seguisb.ttf', name='Segoe UI', style='normal', variant='normal', weight=600, stretch='normal', size='scalable')) = 10.145
2025-08-03 03:18:11,359 - matplotlib.font_manager - DEBUG - findfont: score(FontEntry(fname='C:\\Windows\\Fonts\\ARIALNB.TTF', name='Arial', style='normal', variant='normal', weight=700, stretch='condensed', size='scalable')) = 6.613636363636363
2025-08-03 03:18:11,359 - matplotlib.font_manager - DEBUG - findfont: score(FontEntry(fname='C:\\Windows\\Fonts\\calibrili.ttf', name='Calibri', style='italic', variant='normal', weight=300, stretch='normal', size='scalable')) = 11.43
2025-08-03 03:18:11,360 - matplotlib.font_manager - DEBUG - findfont: score(FontEntry(fname='C:\\Windows\\Fonts\\MISTRAL.TTF', name='Mistral', style='normal', variant='normal', weight=400, stretch='normal', size='scalable')) = 10.335
2025-08-03 03:18:11,361 - matplotlib.font_manager - DEBUG - findfont: score(FontEntry(fname='C:\\Windows\\Fonts\\taile.ttf', name='Microsoft Tai Le', style='normal', variant='normal', weight=400, stretch='normal', size='scalable')) = 10.335
2025-08-03 03:18:11,361 - matplotlib.font_manager - DEBUG - findfont: score(FontEntry(fname='C:\\Windows\\Fonts\\consolaz.ttf', name='Consolas', style='italic', variant='normal', weight=700, stretch='normal', size='scalable')) = 11.05
2025-08-03 03:18:11,363 - matplotlib.font_manager - DEBUG - findfont: score(FontEntry(fname='C:\\Windows\\Fonts\\tahomabd.ttf', name='Tahoma', style='normal', variant='normal', weight=700, stretch='normal', size='scalable')) = 10.05
2025-08-03 03:18:11,370 - matplotlib.font_manager - DEBUG - findfont: score(FontEntry(fname='C:\\Windows\\Fonts\\seguiemj.ttf', name='Segoe UI Emoji', style='normal', variant='normal', weight=400, stretch='normal', size='scalable')) = 10.335
2025-08-03 03:18:11,372 - matplotlib.font_manager - DEBUG - findfont: score(FontEntry(fname='C:\\Windows\\Fonts\\corbeli.ttf', name='Corbel', style='italic', variant='normal', weight=400, stretch='normal', size='scalable')) = 11.335
2025-08-03 03:18:11,372 - matplotlib.font_manager - DEBUG - findfont: score(FontEntry(fname='C:\\Windows\\Fonts\\segoepr.ttf', name='Segoe Print', style='normal', variant='normal', weight=400, stretch='normal', size='scalable')) = 10.335
2025-08-03 03:18:11,373 - matplotlib.font_manager - DEBUG - findfont: score(FontEntry(fname='C:\\Windows\\Fonts\\SegUIVar.ttf', name='Segoe UI Variable', style='normal', variant='normal', weight=400, stretch='normal', size='scalable')) = 10.335
2025-08-03 03:18:11,374 - matplotlib.font_manager - DEBUG - findfont: score(FontEntry(fname='C:\\Windows\\Fonts\\seguibli.ttf', name='Segoe UI', style='italic', variant='normal', weight=900, stretch='normal', size='scalable')) = 11.24
2025-08-03 03:18:11,375 - matplotlib.font_manager - DEBUG - findfont: score(FontEntry(fname='C:\\Windows\\Fonts\\arial.ttf', name='Arial', style='normal', variant='normal', weight=400, stretch='normal', size='scalable')) = 6.698636363636363
2025-08-03 03:18:11,376 - matplotlib.font_manager - DEBUG - findfont: score(FontEntry(fname='C:\\Windows\\Fonts\\ARIALNBI.TTF', name='Arial', style='italic', variant='normal', weight=700, stretch='condensed', size='scalable')) = 7.613636363636363
2025-08-03 03:18:11,376 - matplotlib.font_manager - DEBUG - findfont: score(FontEntry(fname='C:\\Windows\\Fonts\\courbd.ttf', name='Courier New', style='normal', variant='normal', weight=700, stretch='normal', size='scalable')) = 10.05
2025-08-03 03:18:11,377 - matplotlib.font_manager - DEBUG - findfont: score(FontEntry(fname='C:\\Windows\\Fonts\\Candarali.ttf', name='Candara', style='italic', variant='normal', weight=400, stretch='normal', size='scalable')) = 11.335
2025-08-03 03:18:11,378 - matplotlib.font_manager - DEBUG - findfont: score(FontEntry(fname='C:\\Windows\\Fonts\\corbelli.ttf', name='Corbel', style='italic', variant='normal', weight=300, stretch='normal', size='scalable')) = 11.43
2025-08-03 03:18:11,380 - matplotlib.font_manager - DEBUG - findfont: score(FontEntry(fname='C:\\Windows\\Fonts\\corbel.ttf', name='Corbel', style='normal', variant='normal', weight=400, stretch='normal', size='scalable')) = 10.335
2025-08-03 03:18:11,385 - matplotlib.font_manager - DEBUG - findfont: score(FontEntry(fname='C:\\Windows\\Fonts\\BOOKOSB.TTF', name='Bookman Old Style', style='normal', variant='normal', weight=600, stretch='normal', size='scalable')) = 10.145
2025-08-03 03:18:11,386 - matplotlib.font_manager - DEBUG - findfont: score(FontEntry(fname='C:\\Windows\\Fonts\\seguisli.ttf', name='Segoe UI', style='italic', variant='normal', weight=350, stretch='normal', size='scalable')) = 11.3825
2025-08-03 03:18:11,387 - matplotlib.font_manager - DEBUG - findfont: score(FontEntry(fname='C:\\Windows\\Fonts\\symbol.ttf', name='Symbol', style='normal', variant='normal', weight=400, stretch='normal', size='scalable')) = 10.335
2025-08-03 03:18:11,388 - matplotlib.font_manager - DEBUG - findfont: score(FontEntry(fname='C:\\Windows\\Fonts\\ariali.ttf', name='Arial', style='italic', variant='normal', weight=400, stretch='normal', size='scalable')) = 7.698636363636363
2025-08-03 03:18:11,389 - matplotlib.font_manager - DEBUG - findfont: score(FontEntry(fname='C:\\Windows\\Fonts\\timesi.ttf', name='Times New Roman', style='italic', variant='normal', weight=400, stretch='normal', size='scalable')) = 11.335
2025-08-03 03:18:11,389 - matplotlib.font_manager - DEBUG - findfont: score(FontEntry(fname='C:\\Windows\\Fonts\\cambriaz.ttf', name='Cambria', style='italic', variant='normal', weight=700, stretch='normal', size='scalable')) = 11.05
2025-08-03 03:18:11,390 - matplotlib.font_manager - DEBUG - findfont: score(FontEntry(fname='C:\\Windows\\Fonts\\REFSPCL.TTF', name='MS Reference Specialty', style='normal', variant='normal', weight=400, stretch='normal', size='scalable')) = 10.335
2025-08-03 03:18:11,391 - matplotlib.font_manager - DEBUG - findfont: score(FontEntry(fname='C:\\Windows\\Fonts\\segoeui.ttf', name='Segoe UI', style='normal', variant='normal', weight=400, stretch='normal', size='scalable')) = 10.335
2025-08-03 03:18:11,391 - matplotlib.font_manager - DEBUG - findfont: score(FontEntry(fname='C:\\Windows\\Fonts\\ARIALNI.TTF', name='Arial', style='italic', variant='normal', weight=400, stretch='condensed', size='scalable')) = 7.8986363636363635
2025-08-03 03:18:11,392 - matplotlib.font_manager - DEBUG - findfont: score(FontEntry(fname='C:\\Windows\\Fonts\\Inkfree.ttf', name='Ink Free', style='normal', variant='normal', weight=400, stretch='normal', size='scalable')) = 10.335
2025-08-03 03:18:11,393 - matplotlib.font_manager - DEBUG - findfont: score(FontEntry(fname='C:\\Windows\\Fonts\\DUBAI-MEDIUM.TTF', name='Dubai', style='normal', variant='normal', weight=500, stretch='normal', size='scalable')) = 10.24
2025-08-03 03:18:11,393 - matplotlib.font_manager - DEBUG - findfont: score(FontEntry(fname='C:\\Windows\\Fonts\\comicbd.ttf', name='Comic Sans MS', style='normal', variant='normal', weight=700, stretch='normal', size='scalable')) = 10.05
2025-08-03 03:18:11,394 - matplotlib.font_manager - DEBUG - findfont: score(FontEntry(fname='C:\\Windows\\Fonts\\YuGothL.ttc', name='Yu Gothic', style='normal', variant='normal', weight=300, stretch='normal', size='scalable')) = 10.43
2025-08-03 03:18:11,395 - matplotlib.font_manager - DEBUG - findfont: score(FontEntry(fname='C:\\Windows\\Fonts\\webdings.ttf', name='Webdings', style='normal', variant='normal', weight=400, stretch='normal', size='scalable')) = 10.335
2025-08-03 03:18:11,395 - matplotlib.font_manager - DEBUG - findfont: score(FontEntry(fname='C:\\Windows\\Fonts\\framd.ttf', name='Franklin Gothic Medium', style='normal', variant='normal', weight=400, stretch='normal', size='scalable')) = 10.335
2025-08-03 03:18:11,399 - matplotlib.font_manager - DEBUG - findfont: score(FontEntry(fname='C:\\Windows\\Fonts\\msjh.ttc', name='Microsoft JhengHei', style='normal', variant='normal', weight=400, stretch='normal', size='scalable')) = 10.335
2025-08-03 03:18:11,402 - matplotlib.font_manager - DEBUG - findfont: score(FontEntry(fname='C:\\Windows\\Fonts\\l_10646.ttf', name='Lucida Sans Unicode', style='normal', variant='normal', weight=400, stretch='normal', size='scalable')) = 10.335
2025-08-03 03:18:11,403 - matplotlib.font_manager - DEBUG - findfont: score(FontEntry(fname='C:\\Windows\\Fonts\\LHANDW.TTF', name='Lucida Handwriting', style='italic', variant='normal', weight=400, stretch='normal', size='scalable')) = 11.335
2025-08-03 03:18:11,404 - matplotlib.font_manager - DEBUG - findfont: score(FontEntry(fname='C:\\Windows\\Fonts\\trebucbd.ttf', name='Trebuchet MS', style='normal', variant='normal', weight=700, stretch='normal', size='scalable')) = 10.05
2025-08-03 03:18:11,404 - matplotlib.font_manager - DEBUG - findfont: score(FontEntry(fname='C:\\Windows\\Fonts\\segoesc.ttf', name='Segoe Script', style='normal', variant='normal', weight=400, stretch='normal', size='scalable')) = 10.335
2025-08-03 03:18:11,405 - matplotlib.font_manager - DEBUG - findfont: score(FontEntry(fname='C:\\Windows\\Fonts\\MSUIGHUR.TTF', name='Microsoft Uighur', style='normal', variant='normal', weight=400, stretch='normal', size='scalable')) = 10.335
2025-08-03 03:18:11,406 - matplotlib.font_manager - DEBUG - findfont: score(FontEntry(fname='C:\\Windows\\Fonts\\CascadiaCode.ttf', name='Cascadia Code', style='normal', variant='normal', weight=400, stretch='normal', size='scalable')) = 10.335
2025-08-03 03:18:11,406 - matplotlib.font_manager - DEBUG - findfont: score(FontEntry(fname='C:\\Windows\\Fonts\\comic.ttf', name='Comic Sans MS', style='normal', variant='normal', weight=400, stretch='normal', size='scalable')) = 10.335
2025-08-03 03:18:11,407 - matplotlib.font_manager - DEBUG - findfont: score(FontEntry(fname='C:\\Windows\\Fonts\\GOTHICI.TTF', name='Century Gothic', style='italic', variant='normal', weight=400, stretch='normal', size='scalable')) = 11.335
2025-08-03 03:18:11,408 - matplotlib.font_manager - DEBUG - findfont: score(FontEntry(fname='C:\\Windows\\Fonts\\SegoeIcons.ttf', name='Segoe Fluent Icons', style='normal', variant='normal', weight=400, stretch='normal', size='scalable')) = 10.335
2025-08-03 03:18:11,409 - matplotlib.font_manager - DEBUG - findfont: score(FontEntry(fname='C:\\Windows\\Fonts\\verdanaz.ttf', name='Verdana', style='italic', variant='normal', weight=700, stretch='normal', size='scalable')) = 4.6863636363636365
2025-08-03 03:18:11,409 - matplotlib.font_manager - DEBUG - findfont: score(FontEntry(fname='C:\\Windows\\Fonts\\cour.ttf', name='Courier New', style='normal', variant='normal', weight=400, stretch='normal', size='scalable')) = 10.335
2025-08-03 03:18:11,410 - matplotlib.font_manager - DEBUG - findfont: score(FontEntry(fname='C:\\Windows\\Fonts\\BOOKOSI.TTF', name='Bookman Old Style', style='italic', variant='normal', weight=300, stretch='normal', size='scalable')) = 11.43
2025-08-03 03:18:11,411 - matplotlib.font_manager - DEBUG - findfont: score(FontEntry(fname='C:\\Windows\\Fonts\\mingliub.ttc', name='MingLiU-ExtB', style='normal', variant='normal', weight=400, stretch='normal', size='scalable')) = 10.335
2025-08-03 03:18:11,411 - matplotlib.font_manager - DEBUG - findfont: score(FontEntry(fname='C:\\Windows\\Fonts\\segoeuib.ttf', name='Segoe UI', style='normal', variant='normal', weight=700, stretch='normal', size='scalable')) = 10.05
2025-08-03 03:18:11,412 - matplotlib.font_manager - DEBUG - findfont: score(FontEntry(fname='C:\\Windows\\Fonts\\taileb.ttf', name='Microsoft Tai Le', style='normal', variant='normal', weight=700, stretch='normal', size='scalable')) = 10.05
2025-08-03 03:18:11,418 - matplotlib.font_manager - DEBUG - findfont: score(FontEntry(fname='C:\\Windows\\Fonts\\calibrib.ttf', name='Calibri', style='normal', variant='normal', weight=700, stretch='normal', size='scalable')) = 10.05
2025-08-03 03:18:11,419 - matplotlib.font_manager - DEBUG - findfont: score(FontEntry(fname='C:\\Windows\\Fonts\\CENTURY.TTF', name='Century', style='normal', variant='normal', weight=400, stretch='normal', size='scalable')) = 10.335
2025-08-03 03:18:11,420 - matplotlib.font_manager - DEBUG - findfont: score(FontEntry(fname='C:\\Windows\\Fonts\\Nirmala.ttc', name='Nirmala UI', style='normal', variant='normal', weight=400, stretch='normal', size='scalable')) = 10.335
2025-08-03 03:18:11,420 - matplotlib.font_manager - DEBUG - findfont: score(FontEntry(fname='C:\\Windows\\Fonts\\georgiab.ttf', name='Georgia', style='normal', variant='normal', weight=700, stretch='normal', size='scalable')) = 10.05
2025-08-03 03:18:11,421 - matplotlib.font_manager - DEBUG - findfont: score(FontEntry(fname='C:\\Windows\\Fonts\\seguibl.ttf', name='Segoe UI', style='normal', variant='normal', weight=900, stretch='normal', size='scalable')) = 10.24
2025-08-03 03:18:11,422 - matplotlib.font_manager - DEBUG - findfont: score(FontEntry(fname='C:\\Windows\\Fonts\\himalaya.ttf', name='Microsoft Himalaya', style='normal', variant='normal', weight=400, stretch='normal', size='scalable')) = 10.335
2025-08-03 03:18:11,423 - matplotlib.font_manager - DEBUG - findfont: score(FontEntry(fname='C:\\Windows\\Fonts\\WINGDNG3.TTF', name='Wingdings 3', style='normal', variant='normal', weight=400, stretch='normal', size='scalable')) = 10.335
2025-08-03 03:18:11,423 - matplotlib.font_manager - DEBUG - findfont: score(FontEntry(fname='C:\\Windows\\Fonts\\LeelawUI.ttf', name='Leelawadee UI', style='normal', variant='normal', weight=400, stretch='normal', size='scalable')) = 10.335
2025-08-03 03:18:11,424 - matplotlib.font_manager - DEBUG - findfont: score(FontEntry(fname='C:\\Windows\\Fonts\\msyhl.ttc', name='Microsoft YaHei', style='normal', variant='normal', weight=290, stretch='normal', size='scalable')) = 10.4395
2025-08-03 03:18:11,425 - matplotlib.font_manager - DEBUG - findfont: score(FontEntry(fname='C:\\Windows\\Fonts\\mvboli.ttf', name='MV Boli', style='normal', variant='normal', weight=400, stretch='normal', size='scalable')) = 10.335
2025-08-03 03:18:11,425 - matplotlib.font_manager - DEBUG - findfont: score(FontEntry(fname='C:\\Windows\\Fonts\\phagspa.ttf', name='Microsoft PhagsPa', style='normal', variant='normal', weight=400, stretch='normal', size='scalable')) = 10.335
2025-08-03 03:18:11,426 - matplotlib.font_manager - DEBUG - findfont: score(FontEntry(fname='C:\\Windows\\Fonts\\trebuc.ttf', name='Trebuchet MS', style='normal', variant='normal', weight=400, stretch='normal', size='scalable')) = 10.335
2025-08-03 03:18:11,427 - matplotlib.font_manager - DEBUG - findfont: score(FontEntry(fname='C:\\Windows\\Fonts\\GOTHICBI.TTF', name='Century Gothic', style='italic', variant='normal', weight=700, stretch='normal', size='scalable')) = 11.05
2025-08-03 03:18:11,427 - matplotlib.font_manager - DEBUG - findfont: score(FontEntry(fname='C:\\Windows\\Fonts\\phagspab.ttf', name='Microsoft PhagsPa', style='normal', variant='normal', weight=700, stretch='normal', size='scalable')) = 10.05
2025-08-03 03:18:11,428 - matplotlib.font_manager - DEBUG - findfont: score(FontEntry(fname='C:\\Windows\\Fonts\\verdanai.ttf', name='Verdana', style='italic', variant='normal', weight=400, stretch='normal', size='scalable')) = 4.971363636363637
2025-08-03 03:18:11,429 - matplotlib.font_manager - DEBUG - findfont: score(FontEntry(fname='C:\\Windows\\Fonts\\verdana.ttf', name='Verdana', style='normal', variant='normal', weight=400, stretch='normal', size='scalable')) = 3.9713636363636367
2025-08-03 03:18:11,432 - matplotlib.font_manager - DEBUG - findfont: score(FontEntry(fname='C:\\Windows\\Fonts\\verdanab.ttf', name='Verdana', style='normal', variant='normal', weight=700, stretch='normal', size='scalable')) = 3.6863636363636365
2025-08-03 03:18:11,435 - matplotlib.font_manager - DEBUG - findfont: score(FontEntry(fname='C:\\Windows\\Fonts\\msjhbd.ttc', name='Microsoft JhengHei', style='normal', variant='normal', weight=700, stretch='normal', size='scalable')) = 10.05
2025-08-03 03:18:11,436 - matplotlib.font_manager - DEBUG - findfont: score(FontEntry(fname='C:\\Windows\\Fonts\\gadugib.ttf', name='Gadugi', style='normal', variant='normal', weight=700, stretch='normal', size='scalable')) = 10.05
2025-08-03 03:18:11,437 - matplotlib.font_manager - DEBUG - findfont: score(FontEntry(fname='C:\\Windows\\Fonts\\consola.ttf', name='Consolas', style='normal', variant='normal', weight=400, stretch='normal', size='scalable')) = 10.335
2025-08-03 03:18:11,439 - matplotlib.font_manager - DEBUG - findfont: score(FontEntry(fname='C:\\Windows\\Fonts\\malgunbd.ttf', name='Malgun Gothic', style='normal', variant='normal', weight=700, stretch='normal', size='scalable')) = 10.05
2025-08-03 03:18:11,441 - matplotlib.font_manager - DEBUG - findfont: score(FontEntry(fname='C:\\Windows\\Fonts\\OUTLOOK.TTF', name='MS Outlook', style='normal', variant='normal', weight=400, stretch='normal', size='scalable')) = 10.335
2025-08-03 03:18:11,443 - matplotlib.font_manager - DEBUG - findfont: score(FontEntry(fname='C:\\Windows\\Fonts\\BSSYM7.TTF', name='Bookshelf Symbol 7', style='normal', variant='normal', weight=400, stretch='normal', size='scalable')) = 10.335
2025-08-03 03:18:11,443 - matplotlib.font_manager - DEBUG - findfont: score(FontEntry(fname='C:\\Windows\\Fonts\\ebrimabd.ttf', name='Ebrima', style='normal', variant='normal', weight=700, stretch='normal', size='scalable')) = 10.05
2025-08-03 03:18:11,444 - matplotlib.font_manager - DEBUG - findfont: score(FontEntry(fname='C:\\Windows\\Fonts\\palab.ttf', name='Palatino Linotype', style='normal', variant='normal', weight=700, stretch='normal', size='scalable')) = 10.05
2025-08-03 03:18:11,445 - matplotlib.font_manager - DEBUG - findfont: score(FontEntry(fname='C:\\Windows\\Fonts\\ANTQUAI.TTF', name='Book Antiqua', style='italic', variant='normal', weight=400, stretch='normal', size='scalable')) = 11.335
2025-08-03 03:18:11,446 - matplotlib.font_manager - DEBUG - findfont: score(FontEntry(fname='C:\\Windows\\Fonts\\calibrii.ttf', name='Calibri', style='italic', variant='normal', weight=400, stretch='normal', size='scalable')) = 11.335
2025-08-03 03:18:11,451 - matplotlib.font_manager - DEBUG - findfont: score(FontEntry(fname='C:\\Windows\\Fonts\\georgiaz.ttf', name='Georgia', style='italic', variant='normal', weight=700, stretch='normal', size='scalable')) = 11.05
2025-08-03 03:18:11,452 - matplotlib.font_manager - DEBUG - findfont: score(FontEntry(fname='C:\\Windows\\Fonts\\constani.ttf', name='Constantia', style='italic', variant='normal', weight=400, stretch='normal', size='scalable')) = 11.335
2025-08-03 03:18:11,453 - matplotlib.font_manager - DEBUG - findfont: score(FontEntry(fname='C:\\Windows\\Fonts\\wingding.ttf', name='Wingdings', style='normal', variant='normal', weight=400, stretch='normal', size='scalable')) = 10.335
2025-08-03 03:18:11,454 - matplotlib.font_manager - DEBUG - findfont: score(FontEntry(fname='C:\\Windows\\Fonts\\calibri.ttf', name='Calibri', style='normal', variant='normal', weight=400, stretch='normal', size='scalable')) = 10.335
2025-08-03 03:18:11,454 - matplotlib.font_manager - DEBUG - findfont: score(FontEntry(fname='C:\\Windows\\Fonts\\ebrima.ttf', name='Ebrima', style='normal', variant='normal', weight=400, stretch='normal', size='scalable')) = 10.335
2025-08-03 03:18:11,456 - matplotlib.font_manager - DEBUG - findfont: score(FontEntry(fname='C:\\Windows\\Fonts\\YuGothR.ttc', name='Yu Gothic', style='normal', variant='normal', weight=400, stretch='normal', size='scalable')) = 10.335
2025-08-03 03:18:11,456 - matplotlib.font_manager - DEBUG - findfont: score(FontEntry(fname='C:\\Windows\\Fonts\\segoescb.ttf', name='Segoe Script', style='normal', variant='normal', weight=700, stretch='normal', size='scalable')) = 10.05
2025-08-03 03:18:11,457 - matplotlib.font_manager - DEBUG - findfont: score(FontEntry(fname='C:\\Windows\\Fonts\\msjhl.ttc', name='Microsoft JhengHei', style='normal', variant='normal', weight=290, stretch='normal', size='scalable')) = 10.4395
2025-08-03 03:18:11,458 - matplotlib.font_manager - DEBUG - findfont: score(FontEntry(fname='C:\\Windows\\Fonts\\comici.ttf', name='Comic Sans MS', style='italic', variant='normal', weight=400, stretch='normal', size='scalable')) = 11.335
2025-08-03 03:18:11,458 - matplotlib.font_manager - DEBUG - findfont: score(FontEntry(fname='C:\\Windows\\Fonts\\sylfaen.ttf', name='Sylfaen', style='normal', variant='normal', weight=400, stretch='normal', size='scalable')) = 10.335
2025-08-03 03:18:11,459 - matplotlib.font_manager - DEBUG - findfont: score(FontEntry(fname='C:\\Windows\\Fonts\\Candaraz.ttf', name='Candara', style='italic', variant='normal', weight=700, stretch='normal', size='scalable')) = 11.05
2025-08-03 03:18:11,460 - matplotlib.font_manager - DEBUG - findfont: score(FontEntry(fname='C:\\Windows\\Fonts\\segoeuil.ttf', name='Segoe UI', style='normal', variant='normal', weight=300, stretch='normal', size='scalable')) = 10.43
2025-08-03 03:18:11,460 - matplotlib.font_manager - DEBUG - findfont: score(FontEntry(fname='C:\\Windows\\Fonts\\BKANT.TTF', name='Book Antiqua', style='normal', variant='normal', weight=400, stretch='normal', size='scalable')) = 10.335
2025-08-03 03:18:11,461 - matplotlib.font_manager - DEBUG - findfont: score(FontEntry(fname='C:\\Windows\\Fonts\\corbelz.ttf', name='Corbel', style='italic', variant='normal', weight=700, stretch='normal', size='scalable')) = 11.05
2025-08-03 03:18:11,461 - matplotlib.font_manager - DEBUG - findfont: score(FontEntry(fname='C:\\Windows\\Fonts\\DUBAI-LIGHT.TTF', name='Dubai', style='normal', variant='normal', weight=300, stretch='normal', size='scalable')) = 10.43
2025-08-03 03:18:11,463 - matplotlib.font_manager - DEBUG - findfont: score(FontEntry(fname='C:\\Windows\\Fonts\\palai.ttf', name='Palatino Linotype', style='italic', variant='normal', weight=400, stretch='normal', size='scalable')) = 11.335
2025-08-03 03:18:11,469 - matplotlib.font_manager - DEBUG - findfont: score(FontEntry(fname='C:\\Windows\\Fonts\\arialbi.ttf', name='Arial', style='italic', variant='normal', weight=700, stretch='normal', size='scalable')) = 7.413636363636363
2025-08-03 03:18:11,469 - matplotlib.font_manager - DEBUG - findfont: score(FontEntry(fname='C:\\Windows\\Fonts\\calibril.ttf', name='Calibri', style='normal', variant='normal', weight=300, stretch='normal', size='scalable')) = 10.43
2025-08-03 03:18:11,470 - matplotlib.font_manager - DEBUG - findfont: score(FontEntry(fname='C:\\Windows\\Fonts\\georgiai.ttf', name='Georgia', style='italic', variant='normal', weight=400, stretch='normal', size='scalable')) = 11.335
2025-08-03 03:18:11,470 - matplotlib.font_manager - DEBUG - findfont: score(FontEntry(fname='C:\\Windows\\Fonts\\cambria.ttc', name='Cambria', style='normal', variant='normal', weight=400, stretch='normal', size='scalable')) = 10.335
2025-08-03 03:18:11,472 - matplotlib.font_manager - DEBUG - findfont: score(FontEntry(fname='C:\\Windows\\Fonts\\micross.ttf', name='Microsoft Sans Serif', style='normal', variant='normal', weight=400, stretch='normal', size='scalable')) = 10.335
2025-08-03 03:18:11,472 - matplotlib.font_manager - DEBUG - findfont: score(FontEntry(fname='C:\\Windows\\Fonts\\corbelb.ttf', name='Corbel', style='normal', variant='normal', weight=700, stretch='normal', size='scalable')) = 10.05
2025-08-03 03:18:11,473 - matplotlib.font_manager - DEBUG - findfont: score(FontEntry(fname='C:\\Windows\\Fonts\\impact.ttf', name='Impact', style='normal', variant='normal', weight=400, stretch='normal', size='scalable')) = 10.335
2025-08-03 03:18:11,473 - matplotlib.font_manager - DEBUG - findfont: score(FontEntry(fname='C:\\Windows\\Fonts\\segoeprb.ttf', name='Segoe Print', style='normal', variant='normal', weight=700, stretch='normal', size='scalable')) = 10.05
2025-08-03 03:18:11,474 - matplotlib.font_manager - DEBUG - findfont: score(FontEntry(fname='C:\\Windows\\Fonts\\georgia.ttf', name='Georgia', style='normal', variant='normal', weight=400, stretch='normal', size='scalable')) = 10.335
2025-08-03 03:18:11,474 - matplotlib.font_manager - DEBUG - findfont: Matching sans\-serif:style=normal:variant=normal:weight=bold:stretch=normal:size=16.0 to DejaVu Sans ('C:\\Users\\Nii Amu Ankrah\\AppData\\Roaming\\Python\\Python313\\site-packages\\matplotlib\\mpl-data\\fonts\\ttf\\DejaVuSans-Bold.ttf') with score of 0.050000.
2025-08-03 03:18:12,693 - __main__ - INFO - Data distribution visualization saved
2025-08-03 03:18:12,694 - __main__ - INFO - Creating train-test split...
2025-08-03 03:18:12,766 - src.data_processor - INFO - Train-test split completed: Train=(8984, 500), Test=(2995, 500)
2025-08-03 03:18:12,767 - __main__ - INFO - Initializing and training model...
2025-08-03 03:18:13,257 - src.cnn_model - INFO - CNN1D model architecture created successfully
2025-08-03 03:18:13,258 - src.cnn_model - INFO - Model input shape: (1681, 1)
2025-08-03 03:18:13,259 - src.cnn_model - INFO - Model output classes: 8
2025-08-03 03:18:13,260 - src.cnn_model - INFO - CNN1D model initialized successfully
2025-08-03 03:18:13,628 - src.cnn_model - INFO - CNN1D model architecture created successfully
2025-08-03 03:18:13,632 - src.cnn_model - INFO - Model input shape: (1681, 1)
2025-08-03 03:18:13,634 - src.cnn_model - INFO - Model output classes: 8
2025-08-03 03:18:13,636 - __main__ - INFO - Compiling model...
2025-08-03 03:18:13,675 - __main__ - INFO - Training model...
2025-08-03 03:18:14,689 - __main__ - ERROR - Training pipeline with visualizations failed: Exception encountered when calling Sequential.call().

[1mInput 0 of layer "dense_1" is incompatible with the layer: expected axis -1 of input shape to have value 896, but received input with shape (None, 256)[0m

Arguments received by Sequential.call():
  • inputs=tf.Tensor(shape=(None, 500), dtype=float32)
  • training=True
  • mask=None
  • kwargs=<class 'inspect._empty'>
2025-08-03 03:18:14,692 - __main__ - ERROR - Check the logs for detailed error information
2025-08-03 03:18:14,706 - __main__ - ERROR - Error: Exception encountered when calling Sequential.call().

[1mInput 0 of layer "dense_1" is incompatible with the layer: expected axis -1 of input shape to have value 896, but received input with shape (None, 256)[0m

Arguments received by Sequential.call():
  • inputs=tf.Tensor(shape=(None, 500), dtype=float32)
  • training=True
  • mask=None
  • kwargs=<class 'inspect._empty'>
2025-08-03 03:19:12,630 - __main__ - INFO - Setting up training environment...
2025-08-03 03:19:12,630 - __main__ - INFO - Current working directory: C:\Users\Nii Amu Ankrah\OneDrive\Documents\Desktop\CNN_Motor\SEP Monitoring Dashboard\backend\ml
2025-08-03 03:19:12,631 - __main__ - INFO - Training environment setup complete
2025-08-03 03:19:12,631 - __main__ - INFO - Validating dataset...
2025-08-03 03:19:12,632 - __main__ - INFO - Found 43 unloaded condition files
2025-08-03 03:19:12,632 - __main__ - INFO - Found 38 loaded condition files
2025-08-03 03:19:12,633 - __main__ - INFO - Dataset validation complete
2025-08-03 03:19:12,633 - __main__ - INFO - ================================================================================
2025-08-03 03:19:12,633 - __main__ - INFO - STARTING TRAINING PIPELINE WITH VISUALIZATIONS
2025-08-03 03:19:12,633 - __main__ - INFO - ================================================================================
2025-08-03 03:19:12,634 - __main__ - INFO - Training started at: 2025-08-03 03:19:12.634092
2025-08-03 03:19:12,635 - __main__ - INFO - Visualizations folder created: visualizations
2025-08-03 03:19:12,635 - __main__ - INFO - Initializing data processor...
2025-08-03 03:19:12,635 - __main__ - INFO - Loading and preparing data...
2025-08-03 03:19:12,635 - __main__ - INFO - Loading and preprocessing dataset with memory optimization...
2025-08-03 03:19:12,636 - __main__ - INFO - Loading dataset with memory optimization...
2025-08-03 03:19:12,779 - __main__ - INFO - Loaded 2_CSV_Data_Files\1_Unloaded_Condition\healthy_unloaded_1_0.csv: (100000, 5) samples
2025-08-03 03:19:12,780 - __main__ - INFO - Loaded healthy_unloaded_1_0.csv for category healthy
2025-08-03 03:19:12,911 - __main__ - INFO - Loaded 2_CSV_Data_Files\1_Unloaded_Condition\healthy_unloaded_2_0.csv: (100000, 5) samples
2025-08-03 03:19:12,911 - __main__ - INFO - Loaded healthy_unloaded_2_0.csv for category healthy
2025-08-03 03:19:13,030 - __main__ - INFO - Loaded 2_CSV_Data_Files\2_Loaded_Condition\healthy_loaded_1_1.csv: (100000, 5) samples
2025-08-03 03:19:13,031 - __main__ - INFO - Loaded healthy_loaded_1_1.csv for category healthy
2025-08-03 03:19:13,162 - __main__ - INFO - Loaded 2_CSV_Data_Files\2_Loaded_Condition\healthy_loaded_2_1.csv: (100000, 5) samples
2025-08-03 03:19:13,163 - __main__ - INFO - Loaded healthy_loaded_2_1.csv for category healthy
2025-08-03 03:19:13,172 - __main__ - INFO - Category healthy: 400000 samples
2025-08-03 03:19:13,296 - __main__ - INFO - Loaded 2_CSV_Data_Files\1_Unloaded_Condition\bowed_rotor_unloaded_1_0.csv: (100000, 5) samples
2025-08-03 03:19:13,297 - __main__ - INFO - Loaded bowed_rotor_unloaded_1_0.csv for category bowed_rotor
2025-08-03 03:19:13,417 - __main__ - INFO - Loaded 2_CSV_Data_Files\1_Unloaded_Condition\bowed_rotor_unloaded_2_0.csv: (100000, 5) samples
2025-08-03 03:19:13,417 - __main__ - INFO - Loaded bowed_rotor_unloaded_2_0.csv for category bowed_rotor
2025-08-03 03:19:13,574 - __main__ - INFO - Loaded 2_CSV_Data_Files\2_Loaded_Condition\bowed_rotor_loaded_1_1.csv: (100000, 5) samples
2025-08-03 03:19:13,575 - __main__ - INFO - Loaded bowed_rotor_loaded_1_1.csv for category bowed_rotor
2025-08-03 03:19:13,730 - __main__ - INFO - Loaded 2_CSV_Data_Files\2_Loaded_Condition\bowed_rotor_loaded_2_1.csv: (100000, 5) samples
2025-08-03 03:19:13,731 - __main__ - INFO - Loaded bowed_rotor_loaded_2_1.csv for category bowed_rotor
2025-08-03 03:19:13,748 - __main__ - INFO - Category bowed_rotor: 400000 samples
2025-08-03 03:19:13,917 - __main__ - INFO - Loaded 2_CSV_Data_Files\1_Unloaded_Condition\faulty_bearing_unloaded _1_0.csv: (100000, 5) samples
2025-08-03 03:19:13,918 - __main__ - INFO - Loaded faulty_bearing_unloaded _1_0.csv for category faulty_bearing
2025-08-03 03:19:14,079 - __main__ - INFO - Loaded 2_CSV_Data_Files\1_Unloaded_Condition\faulty_bearing_unloaded _2_0.csv: (100000, 5) samples
2025-08-03 03:19:14,080 - __main__ - INFO - Loaded faulty_bearing_unloaded _2_0.csv for category faulty_bearing
2025-08-03 03:19:14,231 - __main__ - INFO - Loaded 2_CSV_Data_Files\2_Loaded_Condition\faulty_bearing_loaded _1_1.csv: (100000, 5) samples
2025-08-03 03:19:14,232 - __main__ - INFO - Loaded faulty_bearing_loaded _1_1.csv for category faulty_bearing
2025-08-03 03:19:14,380 - __main__ - INFO - Loaded 2_CSV_Data_Files\2_Loaded_Condition\faulty_bearing_loaded _2_1.csv: (100000, 5) samples
2025-08-03 03:19:14,381 - __main__ - INFO - Loaded faulty_bearing_loaded _2_1.csv for category faulty_bearing
2025-08-03 03:19:14,397 - __main__ - INFO - Category faulty_bearing: 400000 samples
2025-08-03 03:19:14,536 - __main__ - INFO - Loaded 2_CSV_Data_Files\1_Unloaded_Condition\broken_rotor_bars_unloaded_2_0.csv: (100000, 5) samples
2025-08-03 03:19:14,537 - __main__ - INFO - Loaded broken_rotor_bars_unloaded_2_0.csv for category broken_rotor_bars
2025-08-03 03:19:14,680 - __main__ - INFO - Loaded 2_CSV_Data_Files\1_Unloaded_Condition\broken_rotor_bars_unloaded_3_0.csv: (100000, 5) samples
2025-08-03 03:19:14,680 - __main__ - INFO - Loaded broken_rotor_bars_unloaded_3_0.csv for category broken_rotor_bars
2025-08-03 03:19:14,840 - __main__ - INFO - Loaded 2_CSV_Data_Files\2_Loaded_Condition\broken_rotor_bars_loaded_1_1.csv: (100000, 5) samples
2025-08-03 03:19:14,845 - __main__ - INFO - Loaded broken_rotor_bars_loaded_1_1.csv for category broken_rotor_bars
2025-08-03 03:19:15,008 - __main__ - INFO - Loaded 2_CSV_Data_Files\2_Loaded_Condition\broken_rotor_bars_loaded_2_1.csv: (100000, 5) samples
2025-08-03 03:19:15,009 - __main__ - INFO - Loaded broken_rotor_bars_loaded_2_1.csv for category broken_rotor_bars
2025-08-03 03:19:15,029 - __main__ - INFO - Category broken_rotor_bars: 400000 samples
2025-08-03 03:19:15,175 - __main__ - INFO - Loaded 2_CSV_Data_Files\1_Unloaded_Condition\rotor_misalignment_unloaded_1_0.csv: (100000, 5) samples
2025-08-03 03:19:15,177 - __main__ - INFO - Loaded rotor_misalignment_unloaded_1_0.csv for category rotor_misalignment
2025-08-03 03:19:15,323 - __main__ - INFO - Loaded 2_CSV_Data_Files\1_Unloaded_Condition\rotor_misalignment_unloaded_2_0.csv: (100000, 5) samples
2025-08-03 03:19:15,325 - __main__ - INFO - Loaded rotor_misalignment_unloaded_2_0.csv for category rotor_misalignment
2025-08-03 03:19:15,476 - __main__ - INFO - Loaded 2_CSV_Data_Files\2_Loaded_Condition\rotor_misalignment_loaded_1_1.csv: (100000, 5) samples
2025-08-03 03:19:15,477 - __main__ - INFO - Loaded rotor_misalignment_loaded_1_1.csv for category rotor_misalignment
2025-08-03 03:19:15,608 - __main__ - INFO - Loaded 2_CSV_Data_Files\2_Loaded_Condition\rotor_misalignment_loaded_2_1.csv: (100000, 5) samples
2025-08-03 03:19:15,609 - __main__ - INFO - Loaded rotor_misalignment_loaded_2_1.csv for category rotor_misalignment
2025-08-03 03:19:15,624 - __main__ - INFO - Category rotor_misalignment: 400000 samples
2025-08-03 03:19:15,736 - __main__ - INFO - Loaded 2_CSV_Data_Files\1_Unloaded_Condition\rotor_unbalanced_unloaded_1_0.csv: (100000, 5) samples
2025-08-03 03:19:15,740 - __main__ - INFO - Loaded rotor_unbalanced_unloaded_1_0.csv for category rotor_unbalanced
2025-08-03 03:19:15,853 - __main__ - INFO - Loaded 2_CSV_Data_Files\1_Unloaded_Condition\rotor_unbalanced_unloaded_3_0.csv: (100000, 5) samples
2025-08-03 03:19:15,854 - __main__ - INFO - Loaded rotor_unbalanced_unloaded_3_0.csv for category rotor_unbalanced
2025-08-03 03:19:15,867 - __main__ - INFO - Category rotor_unbalanced: 200000 samples
2025-08-03 03:19:15,985 - __main__ - INFO - Loaded 2_CSV_Data_Files\1_Unloaded_Condition\stator_winding_unloaded_1_0.csv: (100000, 5) samples
2025-08-03 03:19:15,985 - __main__ - INFO - Loaded stator_winding_unloaded_1_0.csv for category stator_winding
2025-08-03 03:19:16,096 - __main__ - INFO - Loaded 2_CSV_Data_Files\1_Unloaded_Condition\stator_winding_unloaded_2_0.csv: (100000, 5) samples
2025-08-03 03:19:16,097 - __main__ - INFO - Loaded stator_winding_unloaded_2_0.csv for category stator_winding
2025-08-03 03:19:16,101 - __main__ - INFO - Category stator_winding: 200000 samples
2025-08-03 03:19:16,103 - __main__ - WARNING - No data found for category: voltage_unbalanced
2025-08-03 03:19:16,338 - __main__ - INFO - Total dataset loaded: 2400000 samples
2025-08-03 03:19:16,532 - src.data_processor - INFO - Category 0 (healthy): 1991 samples generated
2025-08-03 03:19:16,583 - src.data_processor - INFO - Category 1 (bowed_rotor): 1991 samples generated
2025-08-03 03:19:16,677 - src.data_processor - INFO - Category 2 (faulty_bearing): 1991 samples generated
2025-08-03 03:19:16,778 - src.data_processor - INFO - Category 3 (broken_rotor_bars): 1991 samples generated
2025-08-03 03:19:16,913 - src.data_processor - INFO - Category 4 (rotor_misalignment): 1991 samples generated
2025-08-03 03:19:17,037 - src.data_processor - INFO - Category 5 (rotor_unbalanced): 991 samples generated
2025-08-03 03:19:17,210 - src.data_processor - INFO - Category 6 (stator_winding): 991 samples generated
2025-08-03 03:19:17,210 - src.data_processor - WARNING - Empty data array for category 7, skipping
2025-08-03 03:19:17,211 - src.data_processor - INFO - Total samples generated: 11937
2025-08-03 03:19:17,232 - __main__ - INFO - Dataset loaded successfully:
2025-08-03 03:19:17,232 - __main__ - INFO -   - Total samples: 11937
2025-08-03 03:19:17,233 - __main__ - INFO -   - Sample shape: (1681,)
2025-08-03 03:19:17,233 - __main__ - INFO -   - Label shape: (11937, 8)
2025-08-03 03:19:17,267 - __main__ - INFO - Dataset loaded successfully:
2025-08-03 03:19:17,268 - __main__ - INFO -   - Total samples: 11937
2025-08-03 03:19:17,268 - __main__ - INFO -   - Sample shape: (1681,)
2025-08-03 03:19:17,269 - __main__ - INFO -   - Label shape: (11937, 8)
2025-08-03 03:19:17,269 - __main__ - INFO - Creating data distribution visualization...
2025-08-03 03:19:17,270 - __main__ - INFO - Creating data distribution visualization...
2025-08-03 03:19:17,561 - matplotlib.pyplot - DEBUG - Loaded backend tkagg version 8.6.
2025-08-03 03:19:17,746 - PIL.PngImagePlugin - DEBUG - STREAM b'IHDR' 16 13
2025-08-03 03:19:17,747 - PIL.PngImagePlugin - DEBUG - STREAM b'sBIT' 41 4
2025-08-03 03:19:17,747 - PIL.PngImagePlugin - DEBUG - b'sBIT' 41 4 (unknown)
2025-08-03 03:19:17,747 - PIL.PngImagePlugin - DEBUG - STREAM b'pHYs' 57 9
2025-08-03 03:19:17,748 - PIL.PngImagePlugin - DEBUG - STREAM b'IDAT' 78 1189
2025-08-03 03:19:17,774 - PIL.PngImagePlugin - DEBUG - STREAM b'IHDR' 16 13
2025-08-03 03:19:17,775 - PIL.PngImagePlugin - DEBUG - STREAM b'sBIT' 41 4
2025-08-03 03:19:17,776 - PIL.PngImagePlugin - DEBUG - b'sBIT' 41 4 (unknown)
2025-08-03 03:19:17,777 - PIL.PngImagePlugin - DEBUG - STREAM b'pHYs' 57 9
2025-08-03 03:19:17,777 - PIL.PngImagePlugin - DEBUG - STREAM b'IDAT' 78 2994
2025-08-03 03:19:17,906 - PIL.PngImagePlugin - DEBUG - STREAM b'IHDR' 16 13
2025-08-03 03:19:17,912 - PIL.PngImagePlugin - DEBUG - STREAM b'sBIT' 41 4
2025-08-03 03:19:17,913 - PIL.PngImagePlugin - DEBUG - b'sBIT' 41 4 (unknown)
2025-08-03 03:19:17,914 - PIL.PngImagePlugin - DEBUG - STREAM b'pHYs' 57 9
2025-08-03 03:19:17,914 - PIL.PngImagePlugin - DEBUG - STREAM b'IDAT' 78 696
2025-08-03 03:19:17,920 - PIL.PngImagePlugin - DEBUG - STREAM b'IHDR' 16 13
2025-08-03 03:19:17,930 - PIL.PngImagePlugin - DEBUG - STREAM b'sBIT' 41 4
2025-08-03 03:19:17,932 - PIL.PngImagePlugin - DEBUG - b'sBIT' 41 4 (unknown)
2025-08-03 03:19:17,933 - PIL.PngImagePlugin - DEBUG - STREAM b'pHYs' 57 9
2025-08-03 03:19:17,934 - PIL.PngImagePlugin - DEBUG - STREAM b'IDAT' 78 526
2025-08-03 03:19:17,944 - PIL.PngImagePlugin - DEBUG - STREAM b'IHDR' 16 13
2025-08-03 03:19:17,947 - PIL.PngImagePlugin - DEBUG - STREAM b'sBIT' 41 4
2025-08-03 03:19:17,947 - PIL.PngImagePlugin - DEBUG - b'sBIT' 41 4 (unknown)
2025-08-03 03:19:17,948 - PIL.PngImagePlugin - DEBUG - STREAM b'pHYs' 57 9
2025-08-03 03:19:17,948 - PIL.PngImagePlugin - DEBUG - STREAM b'IDAT' 78 499
2025-08-03 03:19:17,959 - PIL.PngImagePlugin - DEBUG - STREAM b'IHDR' 16 13
2025-08-03 03:19:17,965 - PIL.PngImagePlugin - DEBUG - STREAM b'sBIT' 41 4
2025-08-03 03:19:17,966 - PIL.PngImagePlugin - DEBUG - b'sBIT' 41 4 (unknown)
2025-08-03 03:19:17,968 - PIL.PngImagePlugin - DEBUG - STREAM b'pHYs' 57 9
2025-08-03 03:19:17,969 - PIL.PngImagePlugin - DEBUG - STREAM b'IDAT' 78 673
2025-08-03 03:19:17,984 - PIL.PngImagePlugin - DEBUG - STREAM b'IHDR' 16 13
2025-08-03 03:19:17,995 - PIL.PngImagePlugin - DEBUG - STREAM b'sBIT' 41 4
2025-08-03 03:19:18,020 - PIL.PngImagePlugin - DEBUG - b'sBIT' 41 4 (unknown)
2025-08-03 03:19:18,052 - PIL.PngImagePlugin - DEBUG - STREAM b'pHYs' 57 9
2025-08-03 03:19:18,060 - PIL.PngImagePlugin - DEBUG - STREAM b'IDAT' 78 922
2025-08-03 03:19:18,074 - PIL.PngImagePlugin - DEBUG - STREAM b'IHDR' 16 13
2025-08-03 03:19:18,078 - PIL.PngImagePlugin - DEBUG - STREAM b'sBIT' 41 4
2025-08-03 03:19:18,079 - PIL.PngImagePlugin - DEBUG - b'sBIT' 41 4 (unknown)
2025-08-03 03:19:18,080 - PIL.PngImagePlugin - DEBUG - STREAM b'pHYs' 57 9
2025-08-03 03:19:18,081 - PIL.PngImagePlugin - DEBUG - STREAM b'IDAT' 78 568
2025-08-03 03:19:18,088 - PIL.PngImagePlugin - DEBUG - STREAM b'IHDR' 16 13
2025-08-03 03:19:18,093 - PIL.PngImagePlugin - DEBUG - STREAM b'sBIT' 41 4
2025-08-03 03:19:18,093 - PIL.PngImagePlugin - DEBUG - b'sBIT' 41 4 (unknown)
2025-08-03 03:19:18,094 - PIL.PngImagePlugin - DEBUG - STREAM b'pHYs' 57 9
2025-08-03 03:19:18,094 - PIL.PngImagePlugin - DEBUG - STREAM b'IDAT' 78 626
2025-08-03 03:19:18,115 - matplotlib.font_manager - DEBUG - findfont: Matching sans\-serif:style=normal:variant=normal:weight=normal:stretch=normal:size=10.0.
2025-08-03 03:19:18,116 - matplotlib.font_manager - DEBUG - findfont: score(FontEntry(fname='C:\\Users\\Nii Amu Ankrah\\AppData\\Roaming\\Python\\Python313\\site-packages\\matplotlib\\mpl-data\\fonts\\ttf\\STIXGeneral.ttf', name='STIXGeneral', style='normal', variant='normal', weight=400, stretch='normal', size='scalable')) = 10.05
2025-08-03 03:19:18,117 - matplotlib.font_manager - DEBUG - findfont: score(FontEntry(fname='C:\\Users\\Nii Amu Ankrah\\AppData\\Roaming\\Python\\Python313\\site-packages\\matplotlib\\mpl-data\\fonts\\ttf\\DejaVuSansMono.ttf', name='DejaVu Sans Mono', style='normal', variant='normal', weight=400, stretch='normal', size='scalable')) = 10.05
2025-08-03 03:19:18,117 - matplotlib.font_manager - DEBUG - findfont: score(FontEntry(fname='C:\\Users\\Nii Amu Ankrah\\AppData\\Roaming\\Python\\Python313\\site-packages\\matplotlib\\mpl-data\\fonts\\ttf\\STIXSizThreeSymReg.ttf', name='STIXSizeThreeSym', style='normal', variant='normal', weight=400, stretch='normal', size='scalable')) = 10.05
2025-08-03 03:19:18,118 - matplotlib.font_manager - DEBUG - findfont: score(FontEntry(fname='C:\\Users\\Nii Amu Ankrah\\AppData\\Roaming\\Python\\Python313\\site-packages\\matplotlib\\mpl-data\\fonts\\ttf\\STIXSizFourSymBol.ttf', name='STIXSizeFourSym', style='normal', variant='normal', weight=700, stretch='normal', size='scalable')) = 10.335
2025-08-03 03:19:18,119 - matplotlib.font_manager - DEBUG - findfont: score(FontEntry(fname='C:\\Users\\Nii Amu Ankrah\\AppData\\Roaming\\Python\\Python313\\site-packages\\matplotlib\\mpl-data\\fonts\\ttf\\STIXSizFiveSymReg.ttf', name='STIXSizeFiveSym', style='normal', variant='normal', weight=400, stretch='normal', size='scalable')) = 10.05
2025-08-03 03:19:18,119 - matplotlib.font_manager - DEBUG - findfont: score(FontEntry(fname='C:\\Users\\Nii Amu Ankrah\\AppData\\Roaming\\Python\\Python313\\site-packages\\matplotlib\\mpl-data\\fonts\\ttf\\cmss10.ttf', name='cmss10', style='normal', variant='normal', weight=400, stretch='normal', size='scalable')) = 10.05
2025-08-03 03:19:18,120 - matplotlib.font_manager - DEBUG - findfont: score(FontEntry(fname='C:\\Users\\Nii Amu Ankrah\\AppData\\Roaming\\Python\\Python313\\site-packages\\matplotlib\\mpl-data\\fonts\\ttf\\DejaVuSans.ttf', name='DejaVu Sans', style='normal', variant='normal', weight=400, stretch='normal', size='scalable')) = 0.05
2025-08-03 03:19:18,126 - matplotlib.font_manager - DEBUG - findfont: score(FontEntry(fname='C:\\Users\\Nii Amu Ankrah\\AppData\\Roaming\\Python\\Python313\\site-packages\\matplotlib\\mpl-data\\fonts\\ttf\\DejaVuSerifDisplay.ttf', name='DejaVu Serif Display', style='normal', variant='normal', weight=400, stretch='normal', size='scalable')) = 10.05
2025-08-03 03:19:18,129 - matplotlib.font_manager - DEBUG - findfont: score(FontEntry(fname='C:\\Users\\Nii Amu Ankrah\\AppData\\Roaming\\Python\\Python313\\site-packages\\matplotlib\\mpl-data\\fonts\\ttf\\cmb10.ttf', name='cmb10', style='normal', variant='normal', weight=400, stretch='normal', size='scalable')) = 10.05
2025-08-03 03:19:18,130 - matplotlib.font_manager - DEBUG - findfont: score(FontEntry(fname='C:\\Users\\Nii Amu Ankrah\\AppData\\Roaming\\Python\\Python313\\site-packages\\matplotlib\\mpl-data\\fonts\\ttf\\DejaVuSerif-Bold.ttf', name='DejaVu Serif', style='normal', variant='normal', weight=700, stretch='normal', size='scalable')) = 10.335
2025-08-03 03:19:18,131 - matplotlib.font_manager - DEBUG - findfont: score(FontEntry(fname='C:\\Users\\Nii Amu Ankrah\\AppData\\Roaming\\Python\\Python313\\site-packages\\matplotlib\\mpl-data\\fonts\\ttf\\cmmi10.ttf', name='cmmi10', style='normal', variant='normal', weight=400, stretch='normal', size='scalable')) = 10.05
2025-08-03 03:19:18,131 - matplotlib.font_manager - DEBUG - findfont: score(FontEntry(fname='C:\\Users\\Nii Amu Ankrah\\AppData\\Roaming\\Python\\Python313\\site-packages\\matplotlib\\mpl-data\\fonts\\ttf\\STIXNonUniBolIta.ttf', name='STIXNonUnicode', style='italic', variant='normal', weight=700, stretch='normal', size='scalable')) = 11.335
2025-08-03 03:19:18,132 - matplotlib.font_manager - DEBUG - findfont: score(FontEntry(fname='C:\\Users\\Nii Amu Ankrah\\AppData\\Roaming\\Python\\Python313\\site-packages\\matplotlib\\mpl-data\\fonts\\ttf\\DejaVuSerif-Italic.ttf', name='DejaVu Serif', style='italic', variant='normal', weight=400, stretch='normal', size='scalable')) = 11.05
2025-08-03 03:19:18,132 - matplotlib.font_manager - DEBUG - findfont: score(FontEntry(fname='C:\\Users\\Nii Amu Ankrah\\AppData\\Roaming\\Python\\Python313\\site-packages\\matplotlib\\mpl-data\\fonts\\ttf\\STIXNonUni.ttf', name='STIXNonUnicode', style='normal', variant='normal', weight=400, stretch='normal', size='scalable')) = 10.05
2025-08-03 03:19:18,133 - matplotlib.font_manager - DEBUG - findfont: score(FontEntry(fname='C:\\Users\\Nii Amu Ankrah\\AppData\\Roaming\\Python\\Python313\\site-packages\\matplotlib\\mpl-data\\fonts\\ttf\\DejaVuSansDisplay.ttf', name='DejaVu Sans Display', style='normal', variant='normal', weight=400, stretch='normal', size='scalable')) = 10.05
2025-08-03 03:19:18,134 - matplotlib.font_manager - DEBUG - findfont: score(FontEntry(fname='C:\\Users\\Nii Amu Ankrah\\AppData\\Roaming\\Python\\Python313\\site-packages\\matplotlib\\mpl-data\\fonts\\ttf\\cmtt10.ttf', name='cmtt10', style='normal', variant='normal', weight=400, stretch='normal', size='scalable')) = 10.05
2025-08-03 03:19:18,135 - matplotlib.font_manager - DEBUG - findfont: score(FontEntry(fname='C:\\Users\\Nii Amu Ankrah\\AppData\\Roaming\\Python\\Python313\\site-packages\\matplotlib\\mpl-data\\fonts\\ttf\\DejaVuSans-BoldOblique.ttf', name='DejaVu Sans', style='oblique', variant='normal', weight=700, stretch='normal', size='scalable')) = 1.335
2025-08-03 03:19:18,135 - matplotlib.font_manager - DEBUG - findfont: score(FontEntry(fname='C:\\Users\\Nii Amu Ankrah\\AppData\\Roaming\\Python\\Python313\\site-packages\\matplotlib\\mpl-data\\fonts\\ttf\\STIXSizOneSymReg.ttf', name='STIXSizeOneSym', style='normal', variant='normal', weight=400, stretch='normal', size='scalable')) = 10.05
2025-08-03 03:19:18,136 - matplotlib.font_manager - DEBUG - findfont: score(FontEntry(fname='C:\\Users\\Nii Amu Ankrah\\AppData\\Roaming\\Python\\Python313\\site-packages\\matplotlib\\mpl-data\\fonts\\ttf\\DejaVuSerif-BoldItalic.ttf', name='DejaVu Serif', style='italic', variant='normal', weight=700, stretch='normal', size='scalable')) = 11.335
2025-08-03 03:19:18,137 - matplotlib.font_manager - DEBUG - findfont: score(FontEntry(fname='C:\\Users\\Nii Amu Ankrah\\AppData\\Roaming\\Python\\Python313\\site-packages\\matplotlib\\mpl-data\\fonts\\ttf\\DejaVuSansMono-Bold.ttf', name='DejaVu Sans Mono', style='normal', variant='normal', weight=700, stretch='normal', size='scalable')) = 10.335
2025-08-03 03:19:18,140 - matplotlib.font_manager - DEBUG - findfont: score(FontEntry(fname='C:\\Users\\Nii Amu Ankrah\\AppData\\Roaming\\Python\\Python313\\site-packages\\matplotlib\\mpl-data\\fonts\\ttf\\STIXSizOneSymBol.ttf', name='STIXSizeOneSym', style='normal', variant='normal', weight=700, stretch='normal', size='scalable')) = 10.335
2025-08-03 03:19:18,141 - matplotlib.font_manager - DEBUG - findfont: score(FontEntry(fname='C:\\Users\\Nii Amu Ankrah\\AppData\\Roaming\\Python\\Python313\\site-packages\\matplotlib\\mpl-data\\fonts\\ttf\\cmex10.ttf', name='cmex10', style='normal', variant='normal', weight=400, stretch='normal', size='scalable')) = 10.05
2025-08-03 03:19:18,142 - matplotlib.font_manager - DEBUG - findfont: score(FontEntry(fname='C:\\Users\\Nii Amu Ankrah\\AppData\\Roaming\\Python\\Python313\\site-packages\\matplotlib\\mpl-data\\fonts\\ttf\\STIXNonUniBol.ttf', name='STIXNonUnicode', style='normal', variant='normal', weight=700, stretch='normal', size='scalable')) = 10.335
2025-08-03 03:19:18,146 - matplotlib.font_manager - DEBUG - findfont: score(FontEntry(fname='C:\\Users\\Nii Amu Ankrah\\AppData\\Roaming\\Python\\Python313\\site-packages\\matplotlib\\mpl-data\\fonts\\ttf\\STIXSizTwoSymReg.ttf', name='STIXSizeTwoSym', style='normal', variant='normal', weight=400, stretch='normal', size='scalable')) = 10.05
2025-08-03 03:19:18,146 - matplotlib.font_manager - DEBUG - findfont: score(FontEntry(fname='C:\\Users\\Nii Amu Ankrah\\AppData\\Roaming\\Python\\Python313\\site-packages\\matplotlib\\mpl-data\\fonts\\ttf\\DejaVuSansMono-BoldOblique.ttf', name='DejaVu Sans Mono', style='oblique', variant='normal', weight=700, stretch='normal', size='scalable')) = 11.335
2025-08-03 03:19:18,152 - matplotlib.font_manager - DEBUG - findfont: score(FontEntry(fname='C:\\Users\\Nii Amu Ankrah\\AppData\\Roaming\\Python\\Python313\\site-packages\\matplotlib\\mpl-data\\fonts\\ttf\\STIXSizThreeSymBol.ttf', name='STIXSizeThreeSym', style='normal', variant='normal', weight=700, stretch='normal', size='scalable')) = 10.335
2025-08-03 03:19:18,153 - matplotlib.font_manager - DEBUG - findfont: score(FontEntry(fname='C:\\Users\\Nii Amu Ankrah\\AppData\\Roaming\\Python\\Python313\\site-packages\\matplotlib\\mpl-data\\fonts\\ttf\\STIXSizTwoSymBol.ttf', name='STIXSizeTwoSym', style='normal', variant='normal', weight=700, stretch='normal', size='scalable')) = 10.335
2025-08-03 03:19:18,167 - matplotlib.font_manager - DEBUG - findfont: score(FontEntry(fname='C:\\Users\\Nii Amu Ankrah\\AppData\\Roaming\\Python\\Python313\\site-packages\\matplotlib\\mpl-data\\fonts\\ttf\\cmsy10.ttf', name='cmsy10', style='normal', variant='normal', weight=400, stretch='normal', size='scalable')) = 10.05
2025-08-03 03:19:18,179 - matplotlib.font_manager - DEBUG - findfont: score(FontEntry(fname='C:\\Users\\Nii Amu Ankrah\\AppData\\Roaming\\Python\\Python313\\site-packages\\matplotlib\\mpl-data\\fonts\\ttf\\STIXGeneralBolIta.ttf', name='STIXGeneral', style='italic', variant='normal', weight=700, stretch='normal', size='scalable')) = 11.335
2025-08-03 03:19:18,183 - matplotlib.font_manager - DEBUG - findfont: score(FontEntry(fname='C:\\Users\\Nii Amu Ankrah\\AppData\\Roaming\\Python\\Python313\\site-packages\\matplotlib\\mpl-data\\fonts\\ttf\\STIXGeneralItalic.ttf', name='STIXGeneral', style='italic', variant='normal', weight=400, stretch='normal', size='scalable')) = 11.05
2025-08-03 03:19:18,185 - matplotlib.font_manager - DEBUG - findfont: score(FontEntry(fname='C:\\Users\\Nii Amu Ankrah\\AppData\\Roaming\\Python\\Python313\\site-packages\\matplotlib\\mpl-data\\fonts\\ttf\\DejaVuSans-Oblique.ttf', name='DejaVu Sans', style='oblique', variant='normal', weight=400, stretch='normal', size='scalable')) = 1.05
2025-08-03 03:19:18,185 - matplotlib.font_manager - DEBUG - findfont: score(FontEntry(fname='C:\\Users\\Nii Amu Ankrah\\AppData\\Roaming\\Python\\Python313\\site-packages\\matplotlib\\mpl-data\\fonts\\ttf\\DejaVuSerif.ttf', name='DejaVu Serif', style='normal', variant='normal', weight=400, stretch='normal', size='scalable')) = 10.05
2025-08-03 03:19:18,186 - matplotlib.font_manager - DEBUG - findfont: score(FontEntry(fname='C:\\Users\\Nii Amu Ankrah\\AppData\\Roaming\\Python\\Python313\\site-packages\\matplotlib\\mpl-data\\fonts\\ttf\\DejaVuSansMono-Oblique.ttf', name='DejaVu Sans Mono', style='oblique', variant='normal', weight=400, stretch='normal', size='scalable')) = 11.05
2025-08-03 03:19:18,187 - matplotlib.font_manager - DEBUG - findfont: score(FontEntry(fname='C:\\Users\\Nii Amu Ankrah\\AppData\\Roaming\\Python\\Python313\\site-packages\\matplotlib\\mpl-data\\fonts\\ttf\\DejaVuSans-Bold.ttf', name='DejaVu Sans', style='normal', variant='normal', weight=700, stretch='normal', size='scalable')) = 0.33499999999999996
2025-08-03 03:19:18,194 - matplotlib.font_manager - DEBUG - findfont: score(FontEntry(fname='C:\\Users\\Nii Amu Ankrah\\AppData\\Roaming\\Python\\Python313\\site-packages\\matplotlib\\mpl-data\\fonts\\ttf\\STIXNonUniIta.ttf', name='STIXNonUnicode', style='italic', variant='normal', weight=400, stretch='normal', size='scalable')) = 11.05
2025-08-03 03:19:18,196 - matplotlib.font_manager - DEBUG - findfont: score(FontEntry(fname='C:\\Users\\Nii Amu Ankrah\\AppData\\Roaming\\Python\\Python313\\site-packages\\matplotlib\\mpl-data\\fonts\\ttf\\STIXSizFourSymReg.ttf', name='STIXSizeFourSym', style='normal', variant='normal', weight=400, stretch='normal', size='scalable')) = 10.05
2025-08-03 03:19:18,197 - matplotlib.font_manager - DEBUG - findfont: score(FontEntry(fname='C:\\Users\\Nii Amu Ankrah\\AppData\\Roaming\\Python\\Python313\\site-packages\\matplotlib\\mpl-data\\fonts\\ttf\\cmr10.ttf', name='cmr10', style='normal', variant='normal', weight=400, stretch='normal', size='scalable')) = 10.05
2025-08-03 03:19:18,198 - matplotlib.font_manager - DEBUG - findfont: score(FontEntry(fname='C:\\Users\\Nii Amu Ankrah\\AppData\\Roaming\\Python\\Python313\\site-packages\\matplotlib\\mpl-data\\fonts\\ttf\\STIXGeneralBol.ttf', name='STIXGeneral', style='normal', variant='normal', weight=700, stretch='normal', size='scalable')) = 10.335
2025-08-03 03:19:18,198 - matplotlib.font_manager - DEBUG - findfont: score(FontEntry(fname='C:\\Windows\\Fonts\\GARABD.TTF', name='Garamond', style='normal', variant='normal', weight=700, stretch='normal', size='scalable')) = 10.335
2025-08-03 03:19:18,199 - matplotlib.font_manager - DEBUG - findfont: score(FontEntry(fname='C:\\Windows\\Fonts\\LEELAWDB.TTF', name='Leelawadee', style='normal', variant='normal', weight=700, stretch='normal', size='scalable')) = 10.335
2025-08-03 03:19:18,201 - matplotlib.font_manager - DEBUG - findfont: score(FontEntry(fname='C:\\Windows\\Fonts\\timesbd.ttf', name='Times New Roman', style='normal', variant='normal', weight=700, stretch='normal', size='scalable')) = 10.335
2025-08-03 03:19:18,201 - matplotlib.font_manager - DEBUG - findfont: score(FontEntry(fname='C:\\Windows\\Fonts\\mmrtextb.ttf', name='Myanmar Text', style='normal', variant='normal', weight=700, stretch='normal', size='scalable')) = 10.335
2025-08-03 03:19:18,202 - matplotlib.font_manager - DEBUG - findfont: score(FontEntry(fname='C:\\Windows\\Fonts\\ariblk.ttf', name='Arial', style='normal', variant='normal', weight=900, stretch='normal', size='scalable')) = 6.888636363636364
2025-08-03 03:19:18,203 - matplotlib.font_manager - DEBUG - findfont: score(FontEntry(fname='C:\\Windows\\Fonts\\ITCKRIST.TTF', name='Kristen ITC', style='normal', variant='normal', weight=400, stretch='normal', size='scalable')) = 10.05
2025-08-03 03:19:18,209 - matplotlib.font_manager - DEBUG - findfont: score(FontEntry(fname='C:\\Windows\\Fonts\\Candarab.ttf', name='Candara', style='normal', variant='normal', weight=700, stretch='normal', size='scalable')) = 10.335
2025-08-03 03:19:18,211 - matplotlib.font_manager - DEBUG - findfont: score(FontEntry(fname='C:\\Windows\\Fonts\\malgun.ttf', name='Malgun Gothic', style='normal', variant='normal', weight=400, stretch='normal', size='scalable')) = 10.05
2025-08-03 03:19:18,212 - matplotlib.font_manager - DEBUG - findfont: score(FontEntry(fname='C:\\Windows\\Fonts\\constan.ttf', name='Constantia', style='normal', variant='normal', weight=400, stretch='normal', size='scalable')) = 10.05
2025-08-03 03:19:18,213 - matplotlib.font_manager - DEBUG - findfont: score(FontEntry(fname='C:\\Windows\\Fonts\\FRSCRIPT.TTF', name='French Script MT', style='normal', variant='normal', weight=400, stretch='normal', size='scalable')) = 10.05
2025-08-03 03:19:18,214 - matplotlib.font_manager - DEBUG - findfont: score(FontEntry(fname='C:\\Windows\\Fonts\\monbaiti.ttf', name='Mongolian Baiti', style='normal', variant='normal', weight=400, stretch='normal', size='scalable')) = 10.05
2025-08-03 03:19:18,215 - matplotlib.font_manager - DEBUG - findfont: score(FontEntry(fname='C:\\Windows\\Fonts\\JUICE___.TTF', name='Juice ITC', style='normal', variant='normal', weight=400, stretch='normal', size='scalable')) = 10.05
2025-08-03 03:19:18,215 - matplotlib.font_manager - DEBUG - findfont: score(FontEntry(fname='C:\\Windows\\Fonts\\TEMPSITC.TTF', name='Tempus Sans ITC', style='normal', variant='normal', weight=400, stretch='normal', size='scalable')) = 10.05
2025-08-03 03:19:18,216 - matplotlib.font_manager - DEBUG - findfont: score(FontEntry(fname='C:\\Windows\\Fonts\\SansSerifCollection.ttf', name='Sans Serif Collection', style='normal', variant='normal', weight=400, stretch='normal', size='scalable')) = 10.05
2025-08-03 03:19:18,217 - matplotlib.font_manager - DEBUG - findfont: score(FontEntry(fname='C:\\Windows\\Fonts\\ARIALN.TTF', name='Arial', style='normal', variant='normal', weight=400, stretch='condensed', size='scalable')) = 6.613636363636363
2025-08-03 03:19:18,217 - matplotlib.font_manager - DEBUG - findfont: score(FontEntry(fname='C:\\Windows\\Fonts\\simsunb.ttf', name='SimSun-ExtB', style='normal', variant='normal', weight=400, stretch='normal', size='scalable')) = 10.05
2025-08-03 03:19:18,218 - matplotlib.font_manager - DEBUG - findfont: score(FontEntry(fname='C:\\Windows\\Fonts\\YuGothM.ttc', name='Yu Gothic', style='normal', variant='normal', weight=500, stretch='normal', size='scalable')) = 10.145
2025-08-03 03:19:18,218 - matplotlib.font_manager - DEBUG - findfont: score(FontEntry(fname='C:\\Windows\\Fonts\\SitkaVF.ttf', name='Sitka', style='normal', variant='normal', weight=400, stretch='normal', size='scalable')) = 10.05
2025-08-03 03:19:18,219 - matplotlib.font_manager - DEBUG - findfont: score(FontEntry(fname='C:\\Windows\\Fonts\\arialbd.ttf', name='Arial', style='normal', variant='normal', weight=700, stretch='normal', size='scalable')) = 6.698636363636363
2025-08-03 03:19:18,220 - matplotlib.font_manager - DEBUG - findfont: score(FontEntry(fname='C:\\Windows\\Fonts\\cambriab.ttf', name='Cambria', style='normal', variant='normal', weight=700, stretch='normal', size='scalable')) = 10.335
2025-08-03 03:19:18,224 - matplotlib.font_manager - DEBUG - findfont: score(FontEntry(fname='C:\\Windows\\Fonts\\BOOKOS.TTF', name='Bookman Old Style', style='normal', variant='normal', weight=300, stretch='normal', size='scalable')) = 10.145
2025-08-03 03:19:18,227 - matplotlib.font_manager - DEBUG - findfont: score(FontEntry(fname='C:\\Windows\\Fonts\\MTCORSVA.TTF', name='Monotype Corsiva', style='normal', variant='normal', weight=400, stretch='normal', size='scalable')) = 10.05
2025-08-03 03:19:18,228 - matplotlib.font_manager - DEBUG - findfont: score(FontEntry(fname='C:\\Windows\\Fonts\\BRADHITC.TTF', name='Bradley Hand ITC', style='normal', variant='normal', weight=400, stretch='normal', size='scalable')) = 10.05
2025-08-03 03:19:18,228 - matplotlib.font_manager - DEBUG - findfont: score(FontEntry(fname='C:\\Windows\\Fonts\\calibriz.ttf', name='Calibri', style='italic', variant='normal', weight=700, stretch='normal', size='scalable')) = 11.335
2025-08-03 03:19:18,229 - matplotlib.font_manager - DEBUG - findfont: score(FontEntry(fname='C:\\Windows\\Fonts\\seguili.ttf', name='Segoe UI', style='italic', variant='normal', weight=300, stretch='normal', size='scalable')) = 11.145
2025-08-03 03:19:18,230 - matplotlib.font_manager - DEBUG - findfont: score(FontEntry(fname='C:\\Windows\\Fonts\\javatext.ttf', name='Javanese Text', style='normal', variant='normal', weight=400, stretch='normal', size='scalable')) = 10.05
2025-08-03 03:19:18,231 - matplotlib.font_manager - DEBUG - findfont: score(FontEntry(fname='C:\\Windows\\Fonts\\framdit.ttf', name='Franklin Gothic Medium', style='italic', variant='normal', weight=400, stretch='normal', size='scalable')) = 11.05
2025-08-03 03:19:18,233 - matplotlib.font_manager - DEBUG - findfont: score(FontEntry(fname='C:\\Windows\\Fonts\\GARA.TTF', name='Garamond', style='normal', variant='normal', weight=400, stretch='normal', size='scalable')) = 10.05
2025-08-03 03:19:18,234 - matplotlib.font_manager - DEBUG - findfont: score(FontEntry(fname='C:\\Windows\\Fonts\\GARAIT.TTF', name='Garamond', style='italic', variant='normal', weight=400, stretch='normal', size='scalable')) = 11.05
2025-08-03 03:19:18,235 - matplotlib.font_manager - DEBUG - findfont: score(FontEntry(fname='C:\\Windows\\Fonts\\pala.ttf', name='Palatino Linotype', style='normal', variant='normal', weight=400, stretch='normal', size='scalable')) = 10.05
2025-08-03 03:19:18,235 - matplotlib.font_manager - DEBUG - findfont: score(FontEntry(fname='C:\\Windows\\Fonts\\constanz.ttf', name='Constantia', style='italic', variant='normal', weight=700, stretch='normal', size='scalable')) = 11.335
2025-08-03 03:19:18,239 - matplotlib.font_manager - DEBUG - findfont: score(FontEntry(fname='C:\\Windows\\Fonts\\trebucit.ttf', name='Trebuchet MS', style='italic', variant='normal', weight=400, stretch='normal', size='scalable')) = 11.05
2025-08-03 03:19:18,240 - matplotlib.font_manager - DEBUG - findfont: score(FontEntry(fname='C:\\Windows\\Fonts\\segoeuiz.ttf', name='Segoe UI', style='italic', variant='normal', weight=700, stretch='normal', size='scalable')) = 11.335
2025-08-03 03:19:18,242 - matplotlib.font_manager - DEBUG - findfont: score(FontEntry(fname='C:\\Windows\\Fonts\\PRISTINA.TTF', name='Pristina', style='normal', variant='normal', weight=400, stretch='normal', size='scalable')) = 10.05
2025-08-03 03:19:18,244 - matplotlib.font_manager - DEBUG - findfont: score(FontEntry(fname='C:\\Windows\\Fonts\\DUBAI-BOLD.TTF', name='Dubai', style='normal', variant='normal', weight=700, stretch='normal', size='scalable')) = 10.335
2025-08-03 03:19:18,245 - matplotlib.font_manager - DEBUG - findfont: score(FontEntry(fname='C:\\Windows\\Fonts\\segoeuii.ttf', name='Segoe UI', style='italic', variant='normal', weight=400, stretch='normal', size='scalable')) = 11.05
2025-08-03 03:19:18,246 - matplotlib.font_manager - DEBUG - findfont: score(FontEntry(fname='C:\\Windows\\Fonts\\PAPYRUS.TTF', name='Papyrus', style='normal', variant='normal', weight=400, stretch='normal', size='scalable')) = 10.05
2025-08-03 03:19:18,247 - matplotlib.font_manager - DEBUG - findfont: score(FontEntry(fname='C:\\Windows\\Fonts\\ntailu.ttf', name='Microsoft New Tai Lue', style='normal', variant='normal', weight=400, stretch='normal', size='scalable')) = 10.05
2025-08-03 03:19:18,247 - matplotlib.font_manager - DEBUG - findfont: score(FontEntry(fname='C:\\Windows\\Fonts\\ANTQUABI.TTF', name='Book Antiqua', style='italic', variant='normal', weight=700, stretch='normal', size='scalable')) = 11.335
2025-08-03 03:19:18,248 - matplotlib.font_manager - DEBUG - findfont: score(FontEntry(fname='C:\\Windows\\Fonts\\corbell.ttf', name='Corbel', style='normal', variant='normal', weight=300, stretch='normal', size='scalable')) = 10.145
2025-08-03 03:19:18,249 - matplotlib.font_manager - DEBUG - findfont: score(FontEntry(fname='C:\\Windows\\Fonts\\gadugi.ttf', name='Gadugi', style='normal', variant='normal', weight=400, stretch='normal', size='scalable')) = 10.05
2025-08-03 03:19:18,249 - matplotlib.font_manager - DEBUG - findfont: score(FontEntry(fname='C:\\Windows\\Fonts\\seguisym.ttf', name='Segoe UI Symbol', style='normal', variant='normal', weight=400, stretch='normal', size='scalable')) = 10.05
2025-08-03 03:19:18,250 - matplotlib.font_manager - DEBUG - findfont: score(FontEntry(fname='C:\\Windows\\Fonts\\couri.ttf', name='Courier New', style='italic', variant='normal', weight=400, stretch='normal', size='scalable')) = 11.05
2025-08-03 03:19:18,251 - matplotlib.font_manager - DEBUG - findfont: score(FontEntry(fname='C:\\Windows\\Fonts\\cambriai.ttf', name='Cambria', style='italic', variant='normal', weight=400, stretch='normal', size='scalable')) = 11.05
2025-08-03 03:19:18,251 - matplotlib.font_manager - DEBUG - findfont: score(FontEntry(fname='C:\\Windows\\Fonts\\ntailub.ttf', name='Microsoft New Tai Lue', style='normal', variant='normal', weight=700, stretch='normal', size='scalable')) = 10.335
2025-08-03 03:19:18,252 - matplotlib.font_manager - DEBUG - findfont: score(FontEntry(fname='C:\\Windows\\Fonts\\msgothic.ttc', name='MS Gothic', style='normal', variant='normal', weight=400, stretch='normal', size='scalable')) = 10.05
2025-08-03 03:19:18,253 - matplotlib.font_manager - DEBUG - findfont: score(FontEntry(fname='C:\\Windows\\Fonts\\Gabriola.ttf', name='Gabriola', style='normal', variant='normal', weight=400, stretch='normal', size='scalable')) = 10.05
2025-08-03 03:19:18,253 - matplotlib.font_manager - DEBUG - findfont: score(FontEntry(fname='C:\\Windows\\Fonts\\segoeuisl.ttf', name='Segoe UI', style='normal', variant='normal', weight=350, stretch='normal', size='scalable')) = 10.0975
2025-08-03 03:19:18,259 - matplotlib.font_manager - DEBUG - findfont: score(FontEntry(fname='C:\\Windows\\Fonts\\GOTHIC.TTF', name='Century Gothic', style='normal', variant='normal', weight=400, stretch='normal', size='scalable')) = 10.05
2025-08-03 03:19:18,262 - matplotlib.font_manager - DEBUG - findfont: score(FontEntry(fname='C:\\Windows\\Fonts\\LEELAWAD.TTF', name='Leelawadee', style='normal', variant='normal', weight=400, stretch='normal', size='scalable')) = 10.05
2025-08-03 03:19:18,263 - matplotlib.font_manager - DEBUG - findfont: score(FontEntry(fname='C:\\Windows\\Fonts\\malgunsl.ttf', name='Malgun Gothic', style='normal', variant='normal', weight=300, stretch='normal', size='scalable')) = 10.145
2025-08-03 03:19:18,263 - matplotlib.font_manager - DEBUG - findfont: score(FontEntry(fname='C:\\Windows\\Fonts\\trebucbi.ttf', name='Trebuchet MS', style='italic', variant='normal', weight=700, stretch='normal', size='scalable')) = 11.335
2025-08-03 03:19:18,264 - matplotlib.font_manager - DEBUG - findfont: score(FontEntry(fname='C:\\Windows\\Fonts\\FREESCPT.TTF', name='Freestyle Script', style='normal', variant='normal', weight=400, stretch='normal', size='scalable')) = 10.05
2025-08-03 03:19:18,265 - matplotlib.font_manager - DEBUG - findfont: score(FontEntry(fname='C:\\Windows\\Fonts\\MSUIGHUB.TTF', name='Microsoft Uighur', style='normal', variant='normal', weight=700, stretch='normal', size='scalable')) = 10.335
2025-08-03 03:19:18,266 - matplotlib.font_manager - DEBUG - findfont: score(FontEntry(fname='C:\\Windows\\Fonts\\segmdl2.ttf', name='Segoe MDL2 Assets', style='normal', variant='normal', weight=400, stretch='normal', size='scalable')) = 10.05
2025-08-03 03:19:18,266 - matplotlib.font_manager - DEBUG - findfont: score(FontEntry(fname='C:\\Windows\\Fonts\\seguisbi.ttf', name='Segoe UI', style='italic', variant='normal', weight=600, stretch='normal', size='scalable')) = 11.24
2025-08-03 03:19:18,268 - matplotlib.font_manager - DEBUG - findfont: score(FontEntry(fname='C:\\Windows\\Fonts\\simsun.ttc', name='SimSun', style='normal', variant='normal', weight=400, stretch='normal', size='scalable')) = 10.05
2025-08-03 03:19:18,269 - matplotlib.font_manager - DEBUG - findfont: score(FontEntry(fname='C:\\Windows\\Fonts\\palabi.ttf', name='Palatino Linotype', style='italic', variant='normal', weight=700, stretch='normal', size='scalable')) = 11.335
2025-08-03 03:19:18,270 - matplotlib.font_manager - DEBUG - findfont: score(FontEntry(fname='C:\\Windows\\Fonts\\LeelaUIb.ttf', name='Leelawadee UI', style='normal', variant='normal', weight=700, stretch='normal', size='scalable')) = 10.335
2025-08-03 03:19:18,273 - matplotlib.font_manager - DEBUG - findfont: score(FontEntry(fname='C:\\Windows\\Fonts\\courbi.ttf', name='Courier New', style='italic', variant='normal', weight=700, stretch='normal', size='scalable')) = 11.335
2025-08-03 03:19:18,274 - matplotlib.font_manager - DEBUG - findfont: score(FontEntry(fname='C:\\Windows\\Fonts\\msyi.ttf', name='Microsoft Yi Baiti', style='normal', variant='normal', weight=400, stretch='normal', size='scalable')) = 10.05
2025-08-03 03:19:18,275 - matplotlib.font_manager - DEBUG - findfont: score(FontEntry(fname='C:\\Windows\\Fonts\\CascadiaMono.ttf', name='Cascadia Mono', style='normal', variant='normal', weight=400, stretch='normal', size='scalable')) = 10.05
2025-08-03 03:19:18,276 - matplotlib.font_manager - DEBUG - findfont: score(FontEntry(fname='C:\\Windows\\Fonts\\mmrtext.ttf', name='Myanmar Text', style='normal', variant='normal', weight=400, stretch='normal', size='scalable')) = 10.05
2025-08-03 03:19:18,277 - matplotlib.font_manager - DEBUG - findfont: score(FontEntry(fname='C:\\Windows\\Fonts\\times.ttf', name='Times New Roman', style='normal', variant='normal', weight=400, stretch='normal', size='scalable')) = 10.05
2025-08-03 03:19:18,278 - matplotlib.font_manager - DEBUG - findfont: score(FontEntry(fname='C:\\Windows\\Fonts\\Candarai.ttf', name='Candara', style='italic', variant='normal', weight=400, stretch='normal', size='scalable')) = 11.05
2025-08-03 03:19:18,279 - matplotlib.font_manager - DEBUG - findfont: score(FontEntry(fname='C:\\Windows\\Fonts\\WINGDNG2.TTF', name='Wingdings 2', style='normal', variant='normal', weight=400, stretch='normal', size='scalable')) = 10.05
2025-08-03 03:19:18,279 - matplotlib.font_manager - DEBUG - findfont: score(FontEntry(fname='C:\\Windows\\Fonts\\Candara.ttf', name='Candara', style='normal', variant='normal', weight=400, stretch='normal', size='scalable')) = 10.05
2025-08-03 03:19:18,280 - matplotlib.font_manager - DEBUG - findfont: score(FontEntry(fname='C:\\Windows\\Fonts\\consolab.ttf', name='Consolas', style='normal', variant='normal', weight=700, stretch='normal', size='scalable')) = 10.335
2025-08-03 03:19:18,281 - matplotlib.font_manager - DEBUG - findfont: score(FontEntry(fname='C:\\Windows\\Fonts\\SitkaVF-Italic.ttf', name='Sitka', style='italic', variant='normal', weight=400, stretch='normal', size='scalable')) = 11.05
2025-08-03 03:19:18,281 - matplotlib.font_manager - DEBUG - findfont: score(FontEntry(fname='C:\\Windows\\Fonts\\tahoma.ttf', name='Tahoma', style='normal', variant='normal', weight=400, stretch='normal', size='scalable')) = 10.05
2025-08-03 03:19:18,282 - matplotlib.font_manager - DEBUG - findfont: score(FontEntry(fname='C:\\Windows\\Fonts\\bahnschrift.ttf', name='Bahnschrift', style='normal', variant='normal', weight=400, stretch='normal', size='scalable')) = 10.05
2025-08-03 03:19:18,283 - matplotlib.font_manager - DEBUG - findfont: score(FontEntry(fname='C:\\Windows\\Fonts\\BOOKOSBI.TTF', name='Bookman Old Style', style='italic', variant='normal', weight=600, stretch='normal', size='scalable')) = 11.24
2025-08-03 03:19:18,284 - matplotlib.font_manager - DEBUG - findfont: score(FontEntry(fname='C:\\Windows\\Fonts\\timesbi.ttf', name='Times New Roman', style='italic', variant='normal', weight=700, stretch='normal', size='scalable')) = 11.335
2025-08-03 03:19:18,285 - matplotlib.font_manager - DEBUG - findfont: score(FontEntry(fname='C:\\Windows\\Fonts\\GOTHICB.TTF', name='Century Gothic', style='normal', variant='normal', weight=700, stretch='normal', size='scalable')) = 10.335
2025-08-03 03:19:18,286 - matplotlib.font_manager - DEBUG - findfont: score(FontEntry(fname='C:\\Windows\\Fonts\\MTEXTRA.TTF', name='MT Extra', style='normal', variant='normal', weight=400, stretch='normal', size='scalable')) = 10.05
2025-08-03 03:19:18,293 - matplotlib.font_manager - DEBUG - findfont: score(FontEntry(fname='C:\\Windows\\Fonts\\HATTEN.TTF', name='Haettenschweiler', style='normal', variant='normal', weight=400, stretch='normal', size='scalable')) = 10.05
2025-08-03 03:19:18,295 - matplotlib.font_manager - DEBUG - findfont: score(FontEntry(fname='C:\\Windows\\Fonts\\ANTQUAB.TTF', name='Book Antiqua', style='normal', variant='normal', weight=700, stretch='normal', size='scalable')) = 10.335
2025-08-03 03:19:18,296 - matplotlib.font_manager - DEBUG - findfont: score(FontEntry(fname='C:\\Windows\\Fonts\\constanb.ttf', name='Constantia', style='normal', variant='normal', weight=700, stretch='normal', size='scalable')) = 10.335
2025-08-03 03:19:18,297 - matplotlib.font_manager - DEBUG - findfont: score(FontEntry(fname='C:\\Windows\\Fonts\\DUBAI-REGULAR.TTF', name='Dubai', style='normal', variant='normal', weight=400, stretch='normal', size='scalable')) = 10.05
2025-08-03 03:19:18,298 - matplotlib.font_manager - DEBUG - findfont: score(FontEntry(fname='C:\\Windows\\Fonts\\REFSAN.TTF', name='MS Reference Sans Serif', style='normal', variant='normal', weight=400, stretch='normal', size='scalable')) = 10.05
2025-08-03 03:19:18,299 - matplotlib.font_manager - DEBUG - findfont: score(FontEntry(fname='C:\\Windows\\Fonts\\consolai.ttf', name='Consolas', style='italic', variant='normal', weight=400, stretch='normal', size='scalable')) = 11.05
2025-08-03 03:19:18,300 - matplotlib.font_manager - DEBUG - findfont: score(FontEntry(fname='C:\\Windows\\Fonts\\LeelUIsl.ttf', name='Leelawadee UI', style='normal', variant='normal', weight=350, stretch='normal', size='scalable')) = 10.0975
2025-08-03 03:19:18,300 - matplotlib.font_manager - DEBUG - findfont: score(FontEntry(fname='C:\\Windows\\Fonts\\comicz.ttf', name='Comic Sans MS', style='italic', variant='normal', weight=700, stretch='normal', size='scalable')) = 11.335
2025-08-03 03:19:18,301 - matplotlib.font_manager - DEBUG - findfont: score(FontEntry(fname='C:\\Windows\\Fonts\\msyh.ttc', name='Microsoft YaHei', style='normal', variant='normal', weight=400, stretch='normal', size='scalable')) = 10.05
2025-08-03 03:19:18,302 - matplotlib.font_manager - DEBUG - findfont: score(FontEntry(fname='C:\\Windows\\Fonts\\Candaral.ttf', name='Candara', style='normal', variant='normal', weight=400, stretch='normal', size='scalable')) = 10.05
2025-08-03 03:19:18,303 - matplotlib.font_manager - DEBUG - findfont: score(FontEntry(fname='C:\\Windows\\Fonts\\msyhbd.ttc', name='Microsoft YaHei', style='normal', variant='normal', weight=700, stretch='normal', size='scalable')) = 10.335
2025-08-03 03:19:18,304 - matplotlib.font_manager - DEBUG - findfont: score(FontEntry(fname='C:\\Windows\\Fonts\\SimsunExtG.ttf', name='SimSun-ExtG', style='normal', variant='normal', weight=400, stretch='normal', size='scalable')) = 10.05
2025-08-03 03:19:18,310 - matplotlib.font_manager - DEBUG - findfont: score(FontEntry(fname='C:\\Windows\\Fonts\\seguihis.ttf', name='Segoe UI Historic', style='normal', variant='normal', weight=400, stretch='normal', size='scalable')) = 10.05
2025-08-03 03:19:18,311 - matplotlib.font_manager - DEBUG - findfont: score(FontEntry(fname='C:\\Windows\\Fonts\\lucon.ttf', name='Lucida Console', style='normal', variant='normal', weight=400, stretch='normal', size='scalable')) = 10.05
2025-08-03 03:19:18,312 - matplotlib.font_manager - DEBUG - findfont: score(FontEntry(fname='C:\\Windows\\Fonts\\YuGothB.ttc', name='Yu Gothic', style='normal', variant='normal', weight=700, stretch='normal', size='scalable')) = 10.335
2025-08-03 03:19:18,313 - matplotlib.font_manager - DEBUG - findfont: score(FontEntry(fname='C:\\Windows\\Fonts\\seguisb.ttf', name='Segoe UI', style='normal', variant='normal', weight=600, stretch='normal', size='scalable')) = 10.24
2025-08-03 03:19:18,314 - matplotlib.font_manager - DEBUG - findfont: score(FontEntry(fname='C:\\Windows\\Fonts\\ARIALNB.TTF', name='Arial', style='normal', variant='normal', weight=700, stretch='condensed', size='scalable')) = 6.8986363636363635
2025-08-03 03:19:18,315 - matplotlib.font_manager - DEBUG - findfont: score(FontEntry(fname='C:\\Windows\\Fonts\\calibrili.ttf', name='Calibri', style='italic', variant='normal', weight=300, stretch='normal', size='scalable')) = 11.145
2025-08-03 03:19:18,316 - matplotlib.font_manager - DEBUG - findfont: score(FontEntry(fname='C:\\Windows\\Fonts\\MISTRAL.TTF', name='Mistral', style='normal', variant='normal', weight=400, stretch='normal', size='scalable')) = 10.05
2025-08-03 03:19:18,317 - matplotlib.font_manager - DEBUG - findfont: score(FontEntry(fname='C:\\Windows\\Fonts\\taile.ttf', name='Microsoft Tai Le', style='normal', variant='normal', weight=400, stretch='normal', size='scalable')) = 10.05
2025-08-03 03:19:18,318 - matplotlib.font_manager - DEBUG - findfont: score(FontEntry(fname='C:\\Windows\\Fonts\\consolaz.ttf', name='Consolas', style='italic', variant='normal', weight=700, stretch='normal', size='scalable')) = 11.335
2025-08-03 03:19:18,319 - matplotlib.font_manager - DEBUG - findfont: score(FontEntry(fname='C:\\Windows\\Fonts\\tahomabd.ttf', name='Tahoma', style='normal', variant='normal', weight=700, stretch='normal', size='scalable')) = 10.335
2025-08-03 03:19:18,325 - matplotlib.font_manager - DEBUG - findfont: score(FontEntry(fname='C:\\Windows\\Fonts\\seguiemj.ttf', name='Segoe UI Emoji', style='normal', variant='normal', weight=400, stretch='normal', size='scalable')) = 10.05
2025-08-03 03:19:18,327 - matplotlib.font_manager - DEBUG - findfont: score(FontEntry(fname='C:\\Windows\\Fonts\\corbeli.ttf', name='Corbel', style='italic', variant='normal', weight=400, stretch='normal', size='scalable')) = 11.05
2025-08-03 03:19:18,328 - matplotlib.font_manager - DEBUG - findfont: score(FontEntry(fname='C:\\Windows\\Fonts\\segoepr.ttf', name='Segoe Print', style='normal', variant='normal', weight=400, stretch='normal', size='scalable')) = 10.05
2025-08-03 03:19:18,329 - matplotlib.font_manager - DEBUG - findfont: score(FontEntry(fname='C:\\Windows\\Fonts\\SegUIVar.ttf', name='Segoe UI Variable', style='normal', variant='normal', weight=400, stretch='normal', size='scalable')) = 10.05
2025-08-03 03:19:18,345 - matplotlib.font_manager - DEBUG - findfont: score(FontEntry(fname='C:\\Windows\\Fonts\\seguibli.ttf', name='Segoe UI', style='italic', variant='normal', weight=900, stretch='normal', size='scalable')) = 11.525
2025-08-03 03:19:18,347 - matplotlib.font_manager - DEBUG - findfont: score(FontEntry(fname='C:\\Windows\\Fonts\\arial.ttf', name='Arial', style='normal', variant='normal', weight=400, stretch='normal', size='scalable')) = 6.413636363636363
2025-08-03 03:19:18,350 - matplotlib.font_manager - DEBUG - findfont: score(FontEntry(fname='C:\\Windows\\Fonts\\ARIALNBI.TTF', name='Arial', style='italic', variant='normal', weight=700, stretch='condensed', size='scalable')) = 7.8986363636363635
2025-08-03 03:19:18,352 - matplotlib.font_manager - DEBUG - findfont: score(FontEntry(fname='C:\\Windows\\Fonts\\courbd.ttf', name='Courier New', style='normal', variant='normal', weight=700, stretch='normal', size='scalable')) = 10.335
2025-08-03 03:19:18,354 - matplotlib.font_manager - DEBUG - findfont: score(FontEntry(fname='C:\\Windows\\Fonts\\Candarali.ttf', name='Candara', style='italic', variant='normal', weight=400, stretch='normal', size='scalable')) = 11.05
2025-08-03 03:19:18,360 - matplotlib.font_manager - DEBUG - findfont: score(FontEntry(fname='C:\\Windows\\Fonts\\corbelli.ttf', name='Corbel', style='italic', variant='normal', weight=300, stretch='normal', size='scalable')) = 11.145
2025-08-03 03:19:18,364 - matplotlib.font_manager - DEBUG - findfont: score(FontEntry(fname='C:\\Windows\\Fonts\\corbel.ttf', name='Corbel', style='normal', variant='normal', weight=400, stretch='normal', size='scalable')) = 10.05
2025-08-03 03:19:18,366 - matplotlib.font_manager - DEBUG - findfont: score(FontEntry(fname='C:\\Windows\\Fonts\\BOOKOSB.TTF', name='Bookman Old Style', style='normal', variant='normal', weight=600, stretch='normal', size='scalable')) = 10.24
2025-08-03 03:19:18,367 - matplotlib.font_manager - DEBUG - findfont: score(FontEntry(fname='C:\\Windows\\Fonts\\seguisli.ttf', name='Segoe UI', style='italic', variant='normal', weight=350, stretch='normal', size='scalable')) = 11.0975
2025-08-03 03:19:18,368 - matplotlib.font_manager - DEBUG - findfont: score(FontEntry(fname='C:\\Windows\\Fonts\\symbol.ttf', name='Symbol', style='normal', variant='normal', weight=400, stretch='normal', size='scalable')) = 10.05
2025-08-03 03:19:18,369 - matplotlib.font_manager - DEBUG - findfont: score(FontEntry(fname='C:\\Windows\\Fonts\\ariali.ttf', name='Arial', style='italic', variant='normal', weight=400, stretch='normal', size='scalable')) = 7.413636363636363
2025-08-03 03:19:18,369 - matplotlib.font_manager - DEBUG - findfont: score(FontEntry(fname='C:\\Windows\\Fonts\\timesi.ttf', name='Times New Roman', style='italic', variant='normal', weight=400, stretch='normal', size='scalable')) = 11.05
2025-08-03 03:19:18,370 - matplotlib.font_manager - DEBUG - findfont: score(FontEntry(fname='C:\\Windows\\Fonts\\cambriaz.ttf', name='Cambria', style='italic', variant='normal', weight=700, stretch='normal', size='scalable')) = 11.335
2025-08-03 03:19:18,377 - matplotlib.font_manager - DEBUG - findfont: score(FontEntry(fname='C:\\Windows\\Fonts\\REFSPCL.TTF', name='MS Reference Specialty', style='normal', variant='normal', weight=400, stretch='normal', size='scalable')) = 10.05
2025-08-03 03:19:18,379 - matplotlib.font_manager - DEBUG - findfont: score(FontEntry(fname='C:\\Windows\\Fonts\\segoeui.ttf', name='Segoe UI', style='normal', variant='normal', weight=400, stretch='normal', size='scalable')) = 10.05
2025-08-03 03:19:18,380 - matplotlib.font_manager - DEBUG - findfont: score(FontEntry(fname='C:\\Windows\\Fonts\\ARIALNI.TTF', name='Arial', style='italic', variant='normal', weight=400, stretch='condensed', size='scalable')) = 7.613636363636363
2025-08-03 03:19:18,412 - matplotlib.font_manager - DEBUG - findfont: score(FontEntry(fname='C:\\Windows\\Fonts\\Inkfree.ttf', name='Ink Free', style='normal', variant='normal', weight=400, stretch='normal', size='scalable')) = 10.05
2025-08-03 03:19:18,414 - matplotlib.font_manager - DEBUG - findfont: score(FontEntry(fname='C:\\Windows\\Fonts\\DUBAI-MEDIUM.TTF', name='Dubai', style='normal', variant='normal', weight=500, stretch='normal', size='scalable')) = 10.145
2025-08-03 03:19:18,416 - matplotlib.font_manager - DEBUG - findfont: score(FontEntry(fname='C:\\Windows\\Fonts\\comicbd.ttf', name='Comic Sans MS', style='normal', variant='normal', weight=700, stretch='normal', size='scalable')) = 10.335
2025-08-03 03:19:18,417 - matplotlib.font_manager - DEBUG - findfont: score(FontEntry(fname='C:\\Windows\\Fonts\\YuGothL.ttc', name='Yu Gothic', style='normal', variant='normal', weight=300, stretch='normal', size='scalable')) = 10.145
2025-08-03 03:19:18,418 - matplotlib.font_manager - DEBUG - findfont: score(FontEntry(fname='C:\\Windows\\Fonts\\webdings.ttf', name='Webdings', style='normal', variant='normal', weight=400, stretch='normal', size='scalable')) = 10.05
2025-08-03 03:19:18,419 - matplotlib.font_manager - DEBUG - findfont: score(FontEntry(fname='C:\\Windows\\Fonts\\framd.ttf', name='Franklin Gothic Medium', style='normal', variant='normal', weight=400, stretch='normal', size='scalable')) = 10.05
2025-08-03 03:19:18,420 - matplotlib.font_manager - DEBUG - findfont: score(FontEntry(fname='C:\\Windows\\Fonts\\msjh.ttc', name='Microsoft JhengHei', style='normal', variant='normal', weight=400, stretch='normal', size='scalable')) = 10.05
2025-08-03 03:19:18,428 - matplotlib.font_manager - DEBUG - findfont: score(FontEntry(fname='C:\\Windows\\Fonts\\l_10646.ttf', name='Lucida Sans Unicode', style='normal', variant='normal', weight=400, stretch='normal', size='scalable')) = 10.05
2025-08-03 03:19:18,430 - matplotlib.font_manager - DEBUG - findfont: score(FontEntry(fname='C:\\Windows\\Fonts\\LHANDW.TTF', name='Lucida Handwriting', style='italic', variant='normal', weight=400, stretch='normal', size='scalable')) = 11.05
2025-08-03 03:19:18,430 - matplotlib.font_manager - DEBUG - findfont: score(FontEntry(fname='C:\\Windows\\Fonts\\trebucbd.ttf', name='Trebuchet MS', style='normal', variant='normal', weight=700, stretch='normal', size='scalable')) = 10.335
2025-08-03 03:19:18,431 - matplotlib.font_manager - DEBUG - findfont: score(FontEntry(fname='C:\\Windows\\Fonts\\segoesc.ttf', name='Segoe Script', style='normal', variant='normal', weight=400, stretch='normal', size='scalable')) = 10.05
2025-08-03 03:19:18,432 - matplotlib.font_manager - DEBUG - findfont: score(FontEntry(fname='C:\\Windows\\Fonts\\MSUIGHUR.TTF', name='Microsoft Uighur', style='normal', variant='normal', weight=400, stretch='normal', size='scalable')) = 10.05
2025-08-03 03:19:18,432 - matplotlib.font_manager - DEBUG - findfont: score(FontEntry(fname='C:\\Windows\\Fonts\\CascadiaCode.ttf', name='Cascadia Code', style='normal', variant='normal', weight=400, stretch='normal', size='scalable')) = 10.05
2025-08-03 03:19:18,433 - matplotlib.font_manager - DEBUG - findfont: score(FontEntry(fname='C:\\Windows\\Fonts\\comic.ttf', name='Comic Sans MS', style='normal', variant='normal', weight=400, stretch='normal', size='scalable')) = 10.05
2025-08-03 03:19:18,434 - matplotlib.font_manager - DEBUG - findfont: score(FontEntry(fname='C:\\Windows\\Fonts\\GOTHICI.TTF', name='Century Gothic', style='italic', variant='normal', weight=400, stretch='normal', size='scalable')) = 11.05
2025-08-03 03:19:18,434 - matplotlib.font_manager - DEBUG - findfont: score(FontEntry(fname='C:\\Windows\\Fonts\\SegoeIcons.ttf', name='Segoe Fluent Icons', style='normal', variant='normal', weight=400, stretch='normal', size='scalable')) = 10.05
2025-08-03 03:19:18,435 - matplotlib.font_manager - DEBUG - findfont: score(FontEntry(fname='C:\\Windows\\Fonts\\verdanaz.ttf', name='Verdana', style='italic', variant='normal', weight=700, stretch='normal', size='scalable')) = 4.971363636363637
2025-08-03 03:19:18,436 - matplotlib.font_manager - DEBUG - findfont: score(FontEntry(fname='C:\\Windows\\Fonts\\cour.ttf', name='Courier New', style='normal', variant='normal', weight=400, stretch='normal', size='scalable')) = 10.05
2025-08-03 03:19:18,438 - matplotlib.font_manager - DEBUG - findfont: score(FontEntry(fname='C:\\Windows\\Fonts\\BOOKOSI.TTF', name='Bookman Old Style', style='italic', variant='normal', weight=300, stretch='normal', size='scalable')) = 11.145
2025-08-03 03:19:18,446 - matplotlib.font_manager - DEBUG - findfont: score(FontEntry(fname='C:\\Windows\\Fonts\\mingliub.ttc', name='MingLiU-ExtB', style='normal', variant='normal', weight=400, stretch='normal', size='scalable')) = 10.05
2025-08-03 03:19:18,447 - matplotlib.font_manager - DEBUG - findfont: score(FontEntry(fname='C:\\Windows\\Fonts\\segoeuib.ttf', name='Segoe UI', style='normal', variant='normal', weight=700, stretch='normal', size='scalable')) = 10.335
2025-08-03 03:19:18,449 - matplotlib.font_manager - DEBUG - findfont: score(FontEntry(fname='C:\\Windows\\Fonts\\taileb.ttf', name='Microsoft Tai Le', style='normal', variant='normal', weight=700, stretch='normal', size='scalable')) = 10.335
2025-08-03 03:19:18,450 - matplotlib.font_manager - DEBUG - findfont: score(FontEntry(fname='C:\\Windows\\Fonts\\calibrib.ttf', name='Calibri', style='normal', variant='normal', weight=700, stretch='normal', size='scalable')) = 10.335
2025-08-03 03:19:18,451 - matplotlib.font_manager - DEBUG - findfont: score(FontEntry(fname='C:\\Windows\\Fonts\\CENTURY.TTF', name='Century', style='normal', variant='normal', weight=400, stretch='normal', size='scalable')) = 10.05
2025-08-03 03:19:18,460 - matplotlib.font_manager - DEBUG - findfont: score(FontEntry(fname='C:\\Windows\\Fonts\\Nirmala.ttc', name='Nirmala UI', style='normal', variant='normal', weight=400, stretch='normal', size='scalable')) = 10.05
2025-08-03 03:19:18,461 - matplotlib.font_manager - DEBUG - findfont: score(FontEntry(fname='C:\\Windows\\Fonts\\georgiab.ttf', name='Georgia', style='normal', variant='normal', weight=700, stretch='normal', size='scalable')) = 10.335
2025-08-03 03:19:18,465 - matplotlib.font_manager - DEBUG - findfont: score(FontEntry(fname='C:\\Windows\\Fonts\\seguibl.ttf', name='Segoe UI', style='normal', variant='normal', weight=900, stretch='normal', size='scalable')) = 10.525
2025-08-03 03:19:18,476 - matplotlib.font_manager - DEBUG - findfont: score(FontEntry(fname='C:\\Windows\\Fonts\\himalaya.ttf', name='Microsoft Himalaya', style='normal', variant='normal', weight=400, stretch='normal', size='scalable')) = 10.05
2025-08-03 03:19:18,481 - matplotlib.font_manager - DEBUG - findfont: score(FontEntry(fname='C:\\Windows\\Fonts\\WINGDNG3.TTF', name='Wingdings 3', style='normal', variant='normal', weight=400, stretch='normal', size='scalable')) = 10.05
2025-08-03 03:19:18,486 - matplotlib.font_manager - DEBUG - findfont: score(FontEntry(fname='C:\\Windows\\Fonts\\LeelawUI.ttf', name='Leelawadee UI', style='normal', variant='normal', weight=400, stretch='normal', size='scalable')) = 10.05
2025-08-03 03:19:18,498 - matplotlib.font_manager - DEBUG - findfont: score(FontEntry(fname='C:\\Windows\\Fonts\\msyhl.ttc', name='Microsoft YaHei', style='normal', variant='normal', weight=290, stretch='normal', size='scalable')) = 10.1545
2025-08-03 03:19:18,499 - matplotlib.font_manager - DEBUG - findfont: score(FontEntry(fname='C:\\Windows\\Fonts\\mvboli.ttf', name='MV Boli', style='normal', variant='normal', weight=400, stretch='normal', size='scalable')) = 10.05
2025-08-03 03:19:18,500 - matplotlib.font_manager - DEBUG - findfont: score(FontEntry(fname='C:\\Windows\\Fonts\\phagspa.ttf', name='Microsoft PhagsPa', style='normal', variant='normal', weight=400, stretch='normal', size='scalable')) = 10.05
2025-08-03 03:19:18,501 - matplotlib.font_manager - DEBUG - findfont: score(FontEntry(fname='C:\\Windows\\Fonts\\trebuc.ttf', name='Trebuchet MS', style='normal', variant='normal', weight=400, stretch='normal', size='scalable')) = 10.05
2025-08-03 03:19:18,502 - matplotlib.font_manager - DEBUG - findfont: score(FontEntry(fname='C:\\Windows\\Fonts\\GOTHICBI.TTF', name='Century Gothic', style='italic', variant='normal', weight=700, stretch='normal', size='scalable')) = 11.335
2025-08-03 03:19:18,502 - matplotlib.font_manager - DEBUG - findfont: score(FontEntry(fname='C:\\Windows\\Fonts\\phagspab.ttf', name='Microsoft PhagsPa', style='normal', variant='normal', weight=700, stretch='normal', size='scalable')) = 10.335
2025-08-03 03:19:18,503 - matplotlib.font_manager - DEBUG - findfont: score(FontEntry(fname='C:\\Windows\\Fonts\\verdanai.ttf', name='Verdana', style='italic', variant='normal', weight=400, stretch='normal', size='scalable')) = 4.6863636363636365
2025-08-03 03:19:18,508 - matplotlib.font_manager - DEBUG - findfont: score(FontEntry(fname='C:\\Windows\\Fonts\\verdana.ttf', name='Verdana', style='normal', variant='normal', weight=400, stretch='normal', size='scalable')) = 3.6863636363636365
2025-08-03 03:19:18,509 - matplotlib.font_manager - DEBUG - findfont: score(FontEntry(fname='C:\\Windows\\Fonts\\verdanab.ttf', name='Verdana', style='normal', variant='normal', weight=700, stretch='normal', size='scalable')) = 3.9713636363636367
2025-08-03 03:19:18,511 - matplotlib.font_manager - DEBUG - findfont: score(FontEntry(fname='C:\\Windows\\Fonts\\msjhbd.ttc', name='Microsoft JhengHei', style='normal', variant='normal', weight=700, stretch='normal', size='scalable')) = 10.335
2025-08-03 03:19:18,512 - matplotlib.font_manager - DEBUG - findfont: score(FontEntry(fname='C:\\Windows\\Fonts\\gadugib.ttf', name='Gadugi', style='normal', variant='normal', weight=700, stretch='normal', size='scalable')) = 10.335
2025-08-03 03:19:18,513 - matplotlib.font_manager - DEBUG - findfont: score(FontEntry(fname='C:\\Windows\\Fonts\\consola.ttf', name='Consolas', style='normal', variant='normal', weight=400, stretch='normal', size='scalable')) = 10.05
2025-08-03 03:19:18,514 - matplotlib.font_manager - DEBUG - findfont: score(FontEntry(fname='C:\\Windows\\Fonts\\malgunbd.ttf', name='Malgun Gothic', style='normal', variant='normal', weight=700, stretch='normal', size='scalable')) = 10.335
2025-08-03 03:19:18,515 - matplotlib.font_manager - DEBUG - findfont: score(FontEntry(fname='C:\\Windows\\Fonts\\OUTLOOK.TTF', name='MS Outlook', style='normal', variant='normal', weight=400, stretch='normal', size='scalable')) = 10.05
2025-08-03 03:19:18,516 - matplotlib.font_manager - DEBUG - findfont: score(FontEntry(fname='C:\\Windows\\Fonts\\BSSYM7.TTF', name='Bookshelf Symbol 7', style='normal', variant='normal', weight=400, stretch='normal', size='scalable')) = 10.05
2025-08-03 03:19:18,517 - matplotlib.font_manager - DEBUG - findfont: score(FontEntry(fname='C:\\Windows\\Fonts\\ebrimabd.ttf', name='Ebrima', style='normal', variant='normal', weight=700, stretch='normal', size='scalable')) = 10.335
2025-08-03 03:19:18,517 - matplotlib.font_manager - DEBUG - findfont: score(FontEntry(fname='C:\\Windows\\Fonts\\palab.ttf', name='Palatino Linotype', style='normal', variant='normal', weight=700, stretch='normal', size='scalable')) = 10.335
2025-08-03 03:19:18,518 - matplotlib.font_manager - DEBUG - findfont: score(FontEntry(fname='C:\\Windows\\Fonts\\ANTQUAI.TTF', name='Book Antiqua', style='italic', variant='normal', weight=400, stretch='normal', size='scalable')) = 11.05
2025-08-03 03:19:18,519 - matplotlib.font_manager - DEBUG - findfont: score(FontEntry(fname='C:\\Windows\\Fonts\\calibrii.ttf', name='Calibri', style='italic', variant='normal', weight=400, stretch='normal', size='scalable')) = 11.05
2025-08-03 03:19:18,520 - matplotlib.font_manager - DEBUG - findfont: score(FontEntry(fname='C:\\Windows\\Fonts\\georgiaz.ttf', name='Georgia', style='italic', variant='normal', weight=700, stretch='normal', size='scalable')) = 11.335
2025-08-03 03:19:18,524 - matplotlib.font_manager - DEBUG - findfont: score(FontEntry(fname='C:\\Windows\\Fonts\\constani.ttf', name='Constantia', style='italic', variant='normal', weight=400, stretch='normal', size='scalable')) = 11.05
2025-08-03 03:19:18,525 - matplotlib.font_manager - DEBUG - findfont: score(FontEntry(fname='C:\\Windows\\Fonts\\wingding.ttf', name='Wingdings', style='normal', variant='normal', weight=400, stretch='normal', size='scalable')) = 10.05
2025-08-03 03:19:18,527 - matplotlib.font_manager - DEBUG - findfont: score(FontEntry(fname='C:\\Windows\\Fonts\\calibri.ttf', name='Calibri', style='normal', variant='normal', weight=400, stretch='normal', size='scalable')) = 10.05
2025-08-03 03:19:18,528 - matplotlib.font_manager - DEBUG - findfont: score(FontEntry(fname='C:\\Windows\\Fonts\\ebrima.ttf', name='Ebrima', style='normal', variant='normal', weight=400, stretch='normal', size='scalable')) = 10.05
2025-08-03 03:19:18,529 - matplotlib.font_manager - DEBUG - findfont: score(FontEntry(fname='C:\\Windows\\Fonts\\YuGothR.ttc', name='Yu Gothic', style='normal', variant='normal', weight=400, stretch='normal', size='scalable')) = 10.05
2025-08-03 03:19:18,530 - matplotlib.font_manager - DEBUG - findfont: score(FontEntry(fname='C:\\Windows\\Fonts\\segoescb.ttf', name='Segoe Script', style='normal', variant='normal', weight=700, stretch='normal', size='scalable')) = 10.335
2025-08-03 03:19:18,532 - matplotlib.font_manager - DEBUG - findfont: score(FontEntry(fname='C:\\Windows\\Fonts\\msjhl.ttc', name='Microsoft JhengHei', style='normal', variant='normal', weight=290, stretch='normal', size='scalable')) = 10.1545
2025-08-03 03:19:18,533 - matplotlib.font_manager - DEBUG - findfont: score(FontEntry(fname='C:\\Windows\\Fonts\\comici.ttf', name='Comic Sans MS', style='italic', variant='normal', weight=400, stretch='normal', size='scalable')) = 11.05
2025-08-03 03:19:18,534 - matplotlib.font_manager - DEBUG - findfont: score(FontEntry(fname='C:\\Windows\\Fonts\\sylfaen.ttf', name='Sylfaen', style='normal', variant='normal', weight=400, stretch='normal', size='scalable')) = 10.05
2025-08-03 03:19:18,535 - matplotlib.font_manager - DEBUG - findfont: score(FontEntry(fname='C:\\Windows\\Fonts\\Candaraz.ttf', name='Candara', style='italic', variant='normal', weight=700, stretch='normal', size='scalable')) = 11.335
2025-08-03 03:19:18,536 - matplotlib.font_manager - DEBUG - findfont: score(FontEntry(fname='C:\\Windows\\Fonts\\segoeuil.ttf', name='Segoe UI', style='normal', variant='normal', weight=300, stretch='normal', size='scalable')) = 10.145
2025-08-03 03:19:18,536 - matplotlib.font_manager - DEBUG - findfont: score(FontEntry(fname='C:\\Windows\\Fonts\\BKANT.TTF', name='Book Antiqua', style='normal', variant='normal', weight=400, stretch='normal', size='scalable')) = 10.05
2025-08-03 03:19:18,540 - matplotlib.font_manager - DEBUG - findfont: score(FontEntry(fname='C:\\Windows\\Fonts\\corbelz.ttf', name='Corbel', style='italic', variant='normal', weight=700, stretch='normal', size='scalable')) = 11.335
2025-08-03 03:19:18,541 - matplotlib.font_manager - DEBUG - findfont: score(FontEntry(fname='C:\\Windows\\Fonts\\DUBAI-LIGHT.TTF', name='Dubai', style='normal', variant='normal', weight=300, stretch='normal', size='scalable')) = 10.145
2025-08-03 03:19:18,543 - matplotlib.font_manager - DEBUG - findfont: score(FontEntry(fname='C:\\Windows\\Fonts\\palai.ttf', name='Palatino Linotype', style='italic', variant='normal', weight=400, stretch='normal', size='scalable')) = 11.05
2025-08-03 03:19:18,545 - matplotlib.font_manager - DEBUG - findfont: score(FontEntry(fname='C:\\Windows\\Fonts\\arialbi.ttf', name='Arial', style='italic', variant='normal', weight=700, stretch='normal', size='scalable')) = 7.698636363636363
2025-08-03 03:19:18,547 - matplotlib.font_manager - DEBUG - findfont: score(FontEntry(fname='C:\\Windows\\Fonts\\calibril.ttf', name='Calibri', style='normal', variant='normal', weight=300, stretch='normal', size='scalable')) = 10.145
2025-08-03 03:19:18,548 - matplotlib.font_manager - DEBUG - findfont: score(FontEntry(fname='C:\\Windows\\Fonts\\georgiai.ttf', name='Georgia', style='italic', variant='normal', weight=400, stretch='normal', size='scalable')) = 11.05
2025-08-03 03:19:18,549 - matplotlib.font_manager - DEBUG - findfont: score(FontEntry(fname='C:\\Windows\\Fonts\\cambria.ttc', name='Cambria', style='normal', variant='normal', weight=400, stretch='normal', size='scalable')) = 10.05
2025-08-03 03:19:18,550 - matplotlib.font_manager - DEBUG - findfont: score(FontEntry(fname='C:\\Windows\\Fonts\\micross.ttf', name='Microsoft Sans Serif', style='normal', variant='normal', weight=400, stretch='normal', size='scalable')) = 10.05
2025-08-03 03:19:18,551 - matplotlib.font_manager - DEBUG - findfont: score(FontEntry(fname='C:\\Windows\\Fonts\\corbelb.ttf', name='Corbel', style='normal', variant='normal', weight=700, stretch='normal', size='scalable')) = 10.335
2025-08-03 03:19:18,552 - matplotlib.font_manager - DEBUG - findfont: score(FontEntry(fname='C:\\Windows\\Fonts\\impact.ttf', name='Impact', style='normal', variant='normal', weight=400, stretch='normal', size='scalable')) = 10.05
2025-08-03 03:19:18,553 - matplotlib.font_manager - DEBUG - findfont: score(FontEntry(fname='C:\\Windows\\Fonts\\segoeprb.ttf', name='Segoe Print', style='normal', variant='normal', weight=700, stretch='normal', size='scalable')) = 10.335
2025-08-03 03:19:18,554 - matplotlib.font_manager - DEBUG - findfont: score(FontEntry(fname='C:\\Windows\\Fonts\\georgia.ttf', name='Georgia', style='normal', variant='normal', weight=400, stretch='normal', size='scalable')) = 10.05
2025-08-03 03:19:18,556 - matplotlib.font_manager - DEBUG - findfont: Matching sans\-serif:style=normal:variant=normal:weight=normal:stretch=normal:size=10.0 to DejaVu Sans ('C:\\Users\\Nii Amu Ankrah\\AppData\\Roaming\\Python\\Python313\\site-packages\\matplotlib\\mpl-data\\fonts\\ttf\\DejaVuSans.ttf') with score of 0.050000.
2025-08-03 03:19:18,753 - matplotlib.font_manager - DEBUG - findfont: Matching sans\-serif:style=normal:variant=normal:weight=normal:stretch=normal:size=12.0.
2025-08-03 03:19:18,801 - matplotlib.font_manager - DEBUG - findfont: score(FontEntry(fname='C:\\Users\\Nii Amu Ankrah\\AppData\\Roaming\\Python\\Python313\\site-packages\\matplotlib\\mpl-data\\fonts\\ttf\\STIXGeneral.ttf', name='STIXGeneral', style='normal', variant='normal', weight=400, stretch='normal', size='scalable')) = 10.05
2025-08-03 03:19:18,802 - matplotlib.font_manager - DEBUG - findfont: score(FontEntry(fname='C:\\Users\\Nii Amu Ankrah\\AppData\\Roaming\\Python\\Python313\\site-packages\\matplotlib\\mpl-data\\fonts\\ttf\\DejaVuSansMono.ttf', name='DejaVu Sans Mono', style='normal', variant='normal', weight=400, stretch='normal', size='scalable')) = 10.05
2025-08-03 03:19:18,919 - matplotlib.font_manager - DEBUG - findfont: score(FontEntry(fname='C:\\Users\\Nii Amu Ankrah\\AppData\\Roaming\\Python\\Python313\\site-packages\\matplotlib\\mpl-data\\fonts\\ttf\\STIXSizThreeSymReg.ttf', name='STIXSizeThreeSym', style='normal', variant='normal', weight=400, stretch='normal', size='scalable')) = 10.05
2025-08-03 03:19:18,995 - matplotlib.font_manager - DEBUG - findfont: score(FontEntry(fname='C:\\Users\\Nii Amu Ankrah\\AppData\\Roaming\\Python\\Python313\\site-packages\\matplotlib\\mpl-data\\fonts\\ttf\\STIXSizFourSymBol.ttf', name='STIXSizeFourSym', style='normal', variant='normal', weight=700, stretch='normal', size='scalable')) = 10.335
2025-08-03 03:19:18,997 - matplotlib.font_manager - DEBUG - findfont: score(FontEntry(fname='C:\\Users\\Nii Amu Ankrah\\AppData\\Roaming\\Python\\Python313\\site-packages\\matplotlib\\mpl-data\\fonts\\ttf\\STIXSizFiveSymReg.ttf', name='STIXSizeFiveSym', style='normal', variant='normal', weight=400, stretch='normal', size='scalable')) = 10.05
2025-08-03 03:19:19,017 - matplotlib.font_manager - DEBUG - findfont: score(FontEntry(fname='C:\\Users\\Nii Amu Ankrah\\AppData\\Roaming\\Python\\Python313\\site-packages\\matplotlib\\mpl-data\\fonts\\ttf\\cmss10.ttf', name='cmss10', style='normal', variant='normal', weight=400, stretch='normal', size='scalable')) = 10.05
2025-08-03 03:19:19,017 - matplotlib.font_manager - DEBUG - findfont: score(FontEntry(fname='C:\\Users\\Nii Amu Ankrah\\AppData\\Roaming\\Python\\Python313\\site-packages\\matplotlib\\mpl-data\\fonts\\ttf\\DejaVuSans.ttf', name='DejaVu Sans', style='normal', variant='normal', weight=400, stretch='normal', size='scalable')) = 0.05
2025-08-03 03:19:19,053 - matplotlib.font_manager - DEBUG - findfont: score(FontEntry(fname='C:\\Users\\Nii Amu Ankrah\\AppData\\Roaming\\Python\\Python313\\site-packages\\matplotlib\\mpl-data\\fonts\\ttf\\DejaVuSerifDisplay.ttf', name='DejaVu Serif Display', style='normal', variant='normal', weight=400, stretch='normal', size='scalable')) = 10.05
2025-08-03 03:19:19,065 - matplotlib.font_manager - DEBUG - findfont: score(FontEntry(fname='C:\\Users\\Nii Amu Ankrah\\AppData\\Roaming\\Python\\Python313\\site-packages\\matplotlib\\mpl-data\\fonts\\ttf\\cmb10.ttf', name='cmb10', style='normal', variant='normal', weight=400, stretch='normal', size='scalable')) = 10.05
2025-08-03 03:19:19,069 - matplotlib.font_manager - DEBUG - findfont: score(FontEntry(fname='C:\\Users\\Nii Amu Ankrah\\AppData\\Roaming\\Python\\Python313\\site-packages\\matplotlib\\mpl-data\\fonts\\ttf\\DejaVuSerif-Bold.ttf', name='DejaVu Serif', style='normal', variant='normal', weight=700, stretch='normal', size='scalable')) = 10.335
2025-08-03 03:19:19,076 - matplotlib.font_manager - DEBUG - findfont: score(FontEntry(fname='C:\\Users\\Nii Amu Ankrah\\AppData\\Roaming\\Python\\Python313\\site-packages\\matplotlib\\mpl-data\\fonts\\ttf\\cmmi10.ttf', name='cmmi10', style='normal', variant='normal', weight=400, stretch='normal', size='scalable')) = 10.05
2025-08-03 03:19:19,101 - matplotlib.font_manager - DEBUG - findfont: score(FontEntry(fname='C:\\Users\\Nii Amu Ankrah\\AppData\\Roaming\\Python\\Python313\\site-packages\\matplotlib\\mpl-data\\fonts\\ttf\\STIXNonUniBolIta.ttf', name='STIXNonUnicode', style='italic', variant='normal', weight=700, stretch='normal', size='scalable')) = 11.335
2025-08-03 03:19:19,117 - matplotlib.font_manager - DEBUG - findfont: score(FontEntry(fname='C:\\Users\\Nii Amu Ankrah\\AppData\\Roaming\\Python\\Python313\\site-packages\\matplotlib\\mpl-data\\fonts\\ttf\\DejaVuSerif-Italic.ttf', name='DejaVu Serif', style='italic', variant='normal', weight=400, stretch='normal', size='scalable')) = 11.05
2025-08-03 03:19:19,132 - matplotlib.font_manager - DEBUG - findfont: score(FontEntry(fname='C:\\Users\\Nii Amu Ankrah\\AppData\\Roaming\\Python\\Python313\\site-packages\\matplotlib\\mpl-data\\fonts\\ttf\\STIXNonUni.ttf', name='STIXNonUnicode', style='normal', variant='normal', weight=400, stretch='normal', size='scalable')) = 10.05
2025-08-03 03:19:19,136 - matplotlib.font_manager - DEBUG - findfont: score(FontEntry(fname='C:\\Users\\Nii Amu Ankrah\\AppData\\Roaming\\Python\\Python313\\site-packages\\matplotlib\\mpl-data\\fonts\\ttf\\DejaVuSansDisplay.ttf', name='DejaVu Sans Display', style='normal', variant='normal', weight=400, stretch='normal', size='scalable')) = 10.05
2025-08-03 03:19:19,147 - matplotlib.font_manager - DEBUG - findfont: score(FontEntry(fname='C:\\Users\\Nii Amu Ankrah\\AppData\\Roaming\\Python\\Python313\\site-packages\\matplotlib\\mpl-data\\fonts\\ttf\\cmtt10.ttf', name='cmtt10', style='normal', variant='normal', weight=400, stretch='normal', size='scalable')) = 10.05
2025-08-03 03:19:19,149 - matplotlib.font_manager - DEBUG - findfont: score(FontEntry(fname='C:\\Users\\Nii Amu Ankrah\\AppData\\Roaming\\Python\\Python313\\site-packages\\matplotlib\\mpl-data\\fonts\\ttf\\DejaVuSans-BoldOblique.ttf', name='DejaVu Sans', style='oblique', variant='normal', weight=700, stretch='normal', size='scalable')) = 1.335
2025-08-03 03:19:19,199 - matplotlib.font_manager - DEBUG - findfont: score(FontEntry(fname='C:\\Users\\Nii Amu Ankrah\\AppData\\Roaming\\Python\\Python313\\site-packages\\matplotlib\\mpl-data\\fonts\\ttf\\STIXSizOneSymReg.ttf', name='STIXSizeOneSym', style='normal', variant='normal', weight=400, stretch='normal', size='scalable')) = 10.05
2025-08-03 03:19:19,200 - matplotlib.font_manager - DEBUG - findfont: score(FontEntry(fname='C:\\Users\\Nii Amu Ankrah\\AppData\\Roaming\\Python\\Python313\\site-packages\\matplotlib\\mpl-data\\fonts\\ttf\\DejaVuSerif-BoldItalic.ttf', name='DejaVu Serif', style='italic', variant='normal', weight=700, stretch='normal', size='scalable')) = 11.335
2025-08-03 03:19:19,236 - matplotlib.font_manager - DEBUG - findfont: score(FontEntry(fname='C:\\Users\\Nii Amu Ankrah\\AppData\\Roaming\\Python\\Python313\\site-packages\\matplotlib\\mpl-data\\fonts\\ttf\\DejaVuSansMono-Bold.ttf', name='DejaVu Sans Mono', style='normal', variant='normal', weight=700, stretch='normal', size='scalable')) = 10.335
2025-08-03 03:19:19,250 - matplotlib.font_manager - DEBUG - findfont: score(FontEntry(fname='C:\\Users\\Nii Amu Ankrah\\AppData\\Roaming\\Python\\Python313\\site-packages\\matplotlib\\mpl-data\\fonts\\ttf\\STIXSizOneSymBol.ttf', name='STIXSizeOneSym', style='normal', variant='normal', weight=700, stretch='normal', size='scalable')) = 10.335
2025-08-03 03:19:19,252 - matplotlib.font_manager - DEBUG - findfont: score(FontEntry(fname='C:\\Users\\Nii Amu Ankrah\\AppData\\Roaming\\Python\\Python313\\site-packages\\matplotlib\\mpl-data\\fonts\\ttf\\cmex10.ttf', name='cmex10', style='normal', variant='normal', weight=400, stretch='normal', size='scalable')) = 10.05
2025-08-03 03:19:19,262 - matplotlib.font_manager - DEBUG - findfont: score(FontEntry(fname='C:\\Users\\Nii Amu Ankrah\\AppData\\Roaming\\Python\\Python313\\site-packages\\matplotlib\\mpl-data\\fonts\\ttf\\STIXNonUniBol.ttf', name='STIXNonUnicode', style='normal', variant='normal', weight=700, stretch='normal', size='scalable')) = 10.335
2025-08-03 03:19:19,263 - matplotlib.font_manager - DEBUG - findfont: score(FontEntry(fname='C:\\Users\\Nii Amu Ankrah\\AppData\\Roaming\\Python\\Python313\\site-packages\\matplotlib\\mpl-data\\fonts\\ttf\\STIXSizTwoSymReg.ttf', name='STIXSizeTwoSym', style='normal', variant='normal', weight=400, stretch='normal', size='scalable')) = 10.05
2025-08-03 03:19:19,281 - matplotlib.font_manager - DEBUG - findfont: score(FontEntry(fname='C:\\Users\\Nii Amu Ankrah\\AppData\\Roaming\\Python\\Python313\\site-packages\\matplotlib\\mpl-data\\fonts\\ttf\\DejaVuSansMono-BoldOblique.ttf', name='DejaVu Sans Mono', style='oblique', variant='normal', weight=700, stretch='normal', size='scalable')) = 11.335
2025-08-03 03:19:19,284 - matplotlib.font_manager - DEBUG - findfont: score(FontEntry(fname='C:\\Users\\Nii Amu Ankrah\\AppData\\Roaming\\Python\\Python313\\site-packages\\matplotlib\\mpl-data\\fonts\\ttf\\STIXSizThreeSymBol.ttf', name='STIXSizeThreeSym', style='normal', variant='normal', weight=700, stretch='normal', size='scalable')) = 10.335
2025-08-03 03:19:19,285 - matplotlib.font_manager - DEBUG - findfont: score(FontEntry(fname='C:\\Users\\Nii Amu Ankrah\\AppData\\Roaming\\Python\\Python313\\site-packages\\matplotlib\\mpl-data\\fonts\\ttf\\STIXSizTwoSymBol.ttf', name='STIXSizeTwoSym', style='normal', variant='normal', weight=700, stretch='normal', size='scalable')) = 10.335
2025-08-03 03:19:19,296 - matplotlib.font_manager - DEBUG - findfont: score(FontEntry(fname='C:\\Users\\Nii Amu Ankrah\\AppData\\Roaming\\Python\\Python313\\site-packages\\matplotlib\\mpl-data\\fonts\\ttf\\cmsy10.ttf', name='cmsy10', style='normal', variant='normal', weight=400, stretch='normal', size='scalable')) = 10.05
2025-08-03 03:19:19,381 - matplotlib.font_manager - DEBUG - findfont: score(FontEntry(fname='C:\\Users\\Nii Amu Ankrah\\AppData\\Roaming\\Python\\Python313\\site-packages\\matplotlib\\mpl-data\\fonts\\ttf\\STIXGeneralBolIta.ttf', name='STIXGeneral', style='italic', variant='normal', weight=700, stretch='normal', size='scalable')) = 11.335
2025-08-03 03:19:19,398 - matplotlib.font_manager - DEBUG - findfont: score(FontEntry(fname='C:\\Users\\Nii Amu Ankrah\\AppData\\Roaming\\Python\\Python313\\site-packages\\matplotlib\\mpl-data\\fonts\\ttf\\STIXGeneralItalic.ttf', name='STIXGeneral', style='italic', variant='normal', weight=400, stretch='normal', size='scalable')) = 11.05
2025-08-03 03:19:19,399 - matplotlib.font_manager - DEBUG - findfont: score(FontEntry(fname='C:\\Users\\Nii Amu Ankrah\\AppData\\Roaming\\Python\\Python313\\site-packages\\matplotlib\\mpl-data\\fonts\\ttf\\DejaVuSans-Oblique.ttf', name='DejaVu Sans', style='oblique', variant='normal', weight=400, stretch='normal', size='scalable')) = 1.05
2025-08-03 03:19:19,401 - matplotlib.font_manager - DEBUG - findfont: score(FontEntry(fname='C:\\Users\\Nii Amu Ankrah\\AppData\\Roaming\\Python\\Python313\\site-packages\\matplotlib\\mpl-data\\fonts\\ttf\\DejaVuSerif.ttf', name='DejaVu Serif', style='normal', variant='normal', weight=400, stretch='normal', size='scalable')) = 10.05
2025-08-03 03:19:19,432 - matplotlib.font_manager - DEBUG - findfont: score(FontEntry(fname='C:\\Users\\Nii Amu Ankrah\\AppData\\Roaming\\Python\\Python313\\site-packages\\matplotlib\\mpl-data\\fonts\\ttf\\DejaVuSansMono-Oblique.ttf', name='DejaVu Sans Mono', style='oblique', variant='normal', weight=400, stretch='normal', size='scalable')) = 11.05
2025-08-03 03:19:19,434 - matplotlib.font_manager - DEBUG - findfont: score(FontEntry(fname='C:\\Users\\Nii Amu Ankrah\\AppData\\Roaming\\Python\\Python313\\site-packages\\matplotlib\\mpl-data\\fonts\\ttf\\DejaVuSans-Bold.ttf', name='DejaVu Sans', style='normal', variant='normal', weight=700, stretch='normal', size='scalable')) = 0.33499999999999996
2025-08-03 03:19:19,435 - matplotlib.font_manager - DEBUG - findfont: score(FontEntry(fname='C:\\Users\\Nii Amu Ankrah\\AppData\\Roaming\\Python\\Python313\\site-packages\\matplotlib\\mpl-data\\fonts\\ttf\\STIXNonUniIta.ttf', name='STIXNonUnicode', style='italic', variant='normal', weight=400, stretch='normal', size='scalable')) = 11.05
2025-08-03 03:19:19,449 - matplotlib.font_manager - DEBUG - findfont: score(FontEntry(fname='C:\\Users\\Nii Amu Ankrah\\AppData\\Roaming\\Python\\Python313\\site-packages\\matplotlib\\mpl-data\\fonts\\ttf\\STIXSizFourSymReg.ttf', name='STIXSizeFourSym', style='normal', variant='normal', weight=400, stretch='normal', size='scalable')) = 10.05
2025-08-03 03:19:19,468 - matplotlib.font_manager - DEBUG - findfont: score(FontEntry(fname='C:\\Users\\Nii Amu Ankrah\\AppData\\Roaming\\Python\\Python313\\site-packages\\matplotlib\\mpl-data\\fonts\\ttf\\cmr10.ttf', name='cmr10', style='normal', variant='normal', weight=400, stretch='normal', size='scalable')) = 10.05
2025-08-03 03:19:19,483 - matplotlib.font_manager - DEBUG - findfont: score(FontEntry(fname='C:\\Users\\Nii Amu Ankrah\\AppData\\Roaming\\Python\\Python313\\site-packages\\matplotlib\\mpl-data\\fonts\\ttf\\STIXGeneralBol.ttf', name='STIXGeneral', style='normal', variant='normal', weight=700, stretch='normal', size='scalable')) = 10.335
2025-08-03 03:19:19,484 - matplotlib.font_manager - DEBUG - findfont: score(FontEntry(fname='C:\\Windows\\Fonts\\GARABD.TTF', name='Garamond', style='normal', variant='normal', weight=700, stretch='normal', size='scalable')) = 10.335
2025-08-03 03:19:19,485 - matplotlib.font_manager - DEBUG - findfont: score(FontEntry(fname='C:\\Windows\\Fonts\\LEELAWDB.TTF', name='Leelawadee', style='normal', variant='normal', weight=700, stretch='normal', size='scalable')) = 10.335
2025-08-03 03:19:19,497 - matplotlib.font_manager - DEBUG - findfont: score(FontEntry(fname='C:\\Windows\\Fonts\\timesbd.ttf', name='Times New Roman', style='normal', variant='normal', weight=700, stretch='normal', size='scalable')) = 10.335
2025-08-03 03:19:19,498 - matplotlib.font_manager - DEBUG - findfont: score(FontEntry(fname='C:\\Windows\\Fonts\\mmrtextb.ttf', name='Myanmar Text', style='normal', variant='normal', weight=700, stretch='normal', size='scalable')) = 10.335
2025-08-03 03:19:19,498 - matplotlib.font_manager - DEBUG - findfont: score(FontEntry(fname='C:\\Windows\\Fonts\\ariblk.ttf', name='Arial', style='normal', variant='normal', weight=900, stretch='normal', size='scalable')) = 6.888636363636364
2025-08-03 03:19:19,499 - matplotlib.font_manager - DEBUG - findfont: score(FontEntry(fname='C:\\Windows\\Fonts\\ITCKRIST.TTF', name='Kristen ITC', style='normal', variant='normal', weight=400, stretch='normal', size='scalable')) = 10.05
2025-08-03 03:19:19,500 - matplotlib.font_manager - DEBUG - findfont: score(FontEntry(fname='C:\\Windows\\Fonts\\Candarab.ttf', name='Candara', style='normal', variant='normal', weight=700, stretch='normal', size='scalable')) = 10.335
2025-08-03 03:19:19,500 - matplotlib.font_manager - DEBUG - findfont: score(FontEntry(fname='C:\\Windows\\Fonts\\malgun.ttf', name='Malgun Gothic', style='normal', variant='normal', weight=400, stretch='normal', size='scalable')) = 10.05
2025-08-03 03:19:19,501 - matplotlib.font_manager - DEBUG - findfont: score(FontEntry(fname='C:\\Windows\\Fonts\\constan.ttf', name='Constantia', style='normal', variant='normal', weight=400, stretch='normal', size='scalable')) = 10.05
2025-08-03 03:19:19,501 - matplotlib.font_manager - DEBUG - findfont: score(FontEntry(fname='C:\\Windows\\Fonts\\FRSCRIPT.TTF', name='French Script MT', style='normal', variant='normal', weight=400, stretch='normal', size='scalable')) = 10.05
2025-08-03 03:19:19,513 - matplotlib.font_manager - DEBUG - findfont: score(FontEntry(fname='C:\\Windows\\Fonts\\monbaiti.ttf', name='Mongolian Baiti', style='normal', variant='normal', weight=400, stretch='normal', size='scalable')) = 10.05
2025-08-03 03:19:19,514 - matplotlib.font_manager - DEBUG - findfont: score(FontEntry(fname='C:\\Windows\\Fonts\\JUICE___.TTF', name='Juice ITC', style='normal', variant='normal', weight=400, stretch='normal', size='scalable')) = 10.05
2025-08-03 03:19:19,515 - matplotlib.font_manager - DEBUG - findfont: score(FontEntry(fname='C:\\Windows\\Fonts\\TEMPSITC.TTF', name='Tempus Sans ITC', style='normal', variant='normal', weight=400, stretch='normal', size='scalable')) = 10.05
2025-08-03 03:19:19,517 - matplotlib.font_manager - DEBUG - findfont: score(FontEntry(fname='C:\\Windows\\Fonts\\SansSerifCollection.ttf', name='Sans Serif Collection', style='normal', variant='normal', weight=400, stretch='normal', size='scalable')) = 10.05
2025-08-03 03:19:19,518 - matplotlib.font_manager - DEBUG - findfont: score(FontEntry(fname='C:\\Windows\\Fonts\\ARIALN.TTF', name='Arial', style='normal', variant='normal', weight=400, stretch='condensed', size='scalable')) = 6.613636363636363
2025-08-03 03:19:19,519 - matplotlib.font_manager - DEBUG - findfont: score(FontEntry(fname='C:\\Windows\\Fonts\\simsunb.ttf', name='SimSun-ExtB', style='normal', variant='normal', weight=400, stretch='normal', size='scalable')) = 10.05
2025-08-03 03:19:19,530 - matplotlib.font_manager - DEBUG - findfont: score(FontEntry(fname='C:\\Windows\\Fonts\\YuGothM.ttc', name='Yu Gothic', style='normal', variant='normal', weight=500, stretch='normal', size='scalable')) = 10.145
2025-08-03 03:19:19,533 - matplotlib.font_manager - DEBUG - findfont: score(FontEntry(fname='C:\\Windows\\Fonts\\SitkaVF.ttf', name='Sitka', style='normal', variant='normal', weight=400, stretch='normal', size='scalable')) = 10.05
2025-08-03 03:19:19,534 - matplotlib.font_manager - DEBUG - findfont: score(FontEntry(fname='C:\\Windows\\Fonts\\arialbd.ttf', name='Arial', style='normal', variant='normal', weight=700, stretch='normal', size='scalable')) = 6.698636363636363
2025-08-03 03:19:19,535 - matplotlib.font_manager - DEBUG - findfont: score(FontEntry(fname='C:\\Windows\\Fonts\\cambriab.ttf', name='Cambria', style='normal', variant='normal', weight=700, stretch='normal', size='scalable')) = 10.335
2025-08-03 03:19:19,536 - matplotlib.font_manager - DEBUG - findfont: score(FontEntry(fname='C:\\Windows\\Fonts\\BOOKOS.TTF', name='Bookman Old Style', style='normal', variant='normal', weight=300, stretch='normal', size='scalable')) = 10.145
2025-08-03 03:19:19,545 - matplotlib.font_manager - DEBUG - findfont: score(FontEntry(fname='C:\\Windows\\Fonts\\MTCORSVA.TTF', name='Monotype Corsiva', style='normal', variant='normal', weight=400, stretch='normal', size='scalable')) = 10.05
2025-08-03 03:19:19,549 - matplotlib.font_manager - DEBUG - findfont: score(FontEntry(fname='C:\\Windows\\Fonts\\BRADHITC.TTF', name='Bradley Hand ITC', style='normal', variant='normal', weight=400, stretch='normal', size='scalable')) = 10.05
2025-08-03 03:19:19,551 - matplotlib.font_manager - DEBUG - findfont: score(FontEntry(fname='C:\\Windows\\Fonts\\calibriz.ttf', name='Calibri', style='italic', variant='normal', weight=700, stretch='normal', size='scalable')) = 11.335
2025-08-03 03:19:19,561 - matplotlib.font_manager - DEBUG - findfont: score(FontEntry(fname='C:\\Windows\\Fonts\\seguili.ttf', name='Segoe UI', style='italic', variant='normal', weight=300, stretch='normal', size='scalable')) = 11.145
2025-08-03 03:19:19,564 - matplotlib.font_manager - DEBUG - findfont: score(FontEntry(fname='C:\\Windows\\Fonts\\javatext.ttf', name='Javanese Text', style='normal', variant='normal', weight=400, stretch='normal', size='scalable')) = 10.05
2025-08-03 03:19:19,565 - matplotlib.font_manager - DEBUG - findfont: score(FontEntry(fname='C:\\Windows\\Fonts\\framdit.ttf', name='Franklin Gothic Medium', style='italic', variant='normal', weight=400, stretch='normal', size='scalable')) = 11.05
2025-08-03 03:19:19,568 - matplotlib.font_manager - DEBUG - findfont: score(FontEntry(fname='C:\\Windows\\Fonts\\GARA.TTF', name='Garamond', style='normal', variant='normal', weight=400, stretch='normal', size='scalable')) = 10.05
2025-08-03 03:19:19,578 - matplotlib.font_manager - DEBUG - findfont: score(FontEntry(fname='C:\\Windows\\Fonts\\GARAIT.TTF', name='Garamond', style='italic', variant='normal', weight=400, stretch='normal', size='scalable')) = 11.05
2025-08-03 03:19:19,579 - matplotlib.font_manager - DEBUG - findfont: score(FontEntry(fname='C:\\Windows\\Fonts\\pala.ttf', name='Palatino Linotype', style='normal', variant='normal', weight=400, stretch='normal', size='scalable')) = 10.05
2025-08-03 03:19:19,581 - matplotlib.font_manager - DEBUG - findfont: score(FontEntry(fname='C:\\Windows\\Fonts\\constanz.ttf', name='Constantia', style='italic', variant='normal', weight=700, stretch='normal', size='scalable')) = 11.335
2025-08-03 03:19:19,583 - matplotlib.font_manager - DEBUG - findfont: score(FontEntry(fname='C:\\Windows\\Fonts\\trebucit.ttf', name='Trebuchet MS', style='italic', variant='normal', weight=400, stretch='normal', size='scalable')) = 11.05
2025-08-03 03:19:19,584 - matplotlib.font_manager - DEBUG - findfont: score(FontEntry(fname='C:\\Windows\\Fonts\\segoeuiz.ttf', name='Segoe UI', style='italic', variant='normal', weight=700, stretch='normal', size='scalable')) = 11.335
2025-08-03 03:19:19,585 - matplotlib.font_manager - DEBUG - findfont: score(FontEntry(fname='C:\\Windows\\Fonts\\PRISTINA.TTF', name='Pristina', style='normal', variant='normal', weight=400, stretch='normal', size='scalable')) = 10.05
2025-08-03 03:19:19,585 - matplotlib.font_manager - DEBUG - findfont: score(FontEntry(fname='C:\\Windows\\Fonts\\DUBAI-BOLD.TTF', name='Dubai', style='normal', variant='normal', weight=700, stretch='normal', size='scalable')) = 10.335
2025-08-03 03:19:19,586 - matplotlib.font_manager - DEBUG - findfont: score(FontEntry(fname='C:\\Windows\\Fonts\\segoeuii.ttf', name='Segoe UI', style='italic', variant='normal', weight=400, stretch='normal', size='scalable')) = 11.05
2025-08-03 03:19:19,592 - matplotlib.font_manager - DEBUG - findfont: score(FontEntry(fname='C:\\Windows\\Fonts\\PAPYRUS.TTF', name='Papyrus', style='normal', variant='normal', weight=400, stretch='normal', size='scalable')) = 10.05
2025-08-03 03:19:19,594 - matplotlib.font_manager - DEBUG - findfont: score(FontEntry(fname='C:\\Windows\\Fonts\\ntailu.ttf', name='Microsoft New Tai Lue', style='normal', variant='normal', weight=400, stretch='normal', size='scalable')) = 10.05
2025-08-03 03:19:19,595 - matplotlib.font_manager - DEBUG - findfont: score(FontEntry(fname='C:\\Windows\\Fonts\\ANTQUABI.TTF', name='Book Antiqua', style='italic', variant='normal', weight=700, stretch='normal', size='scalable')) = 11.335
2025-08-03 03:19:19,597 - matplotlib.font_manager - DEBUG - findfont: score(FontEntry(fname='C:\\Windows\\Fonts\\corbell.ttf', name='Corbel', style='normal', variant='normal', weight=300, stretch='normal', size='scalable')) = 10.145
2025-08-03 03:19:19,598 - matplotlib.font_manager - DEBUG - findfont: score(FontEntry(fname='C:\\Windows\\Fonts\\gadugi.ttf', name='Gadugi', style='normal', variant='normal', weight=400, stretch='normal', size='scalable')) = 10.05
2025-08-03 03:19:19,599 - matplotlib.font_manager - DEBUG - findfont: score(FontEntry(fname='C:\\Windows\\Fonts\\seguisym.ttf', name='Segoe UI Symbol', style='normal', variant='normal', weight=400, stretch='normal', size='scalable')) = 10.05
2025-08-03 03:19:19,600 - matplotlib.font_manager - DEBUG - findfont: score(FontEntry(fname='C:\\Windows\\Fonts\\couri.ttf', name='Courier New', style='italic', variant='normal', weight=400, stretch='normal', size='scalable')) = 11.05
2025-08-03 03:19:19,601 - matplotlib.font_manager - DEBUG - findfont: score(FontEntry(fname='C:\\Windows\\Fonts\\cambriai.ttf', name='Cambria', style='italic', variant='normal', weight=400, stretch='normal', size='scalable')) = 11.05
2025-08-03 03:19:19,601 - matplotlib.font_manager - DEBUG - findfont: score(FontEntry(fname='C:\\Windows\\Fonts\\ntailub.ttf', name='Microsoft New Tai Lue', style='normal', variant='normal', weight=700, stretch='normal', size='scalable')) = 10.335
2025-08-03 03:19:19,602 - matplotlib.font_manager - DEBUG - findfont: score(FontEntry(fname='C:\\Windows\\Fonts\\msgothic.ttc', name='MS Gothic', style='normal', variant='normal', weight=400, stretch='normal', size='scalable')) = 10.05
2025-08-03 03:19:19,603 - matplotlib.font_manager - DEBUG - findfont: score(FontEntry(fname='C:\\Windows\\Fonts\\Gabriola.ttf', name='Gabriola', style='normal', variant='normal', weight=400, stretch='normal', size='scalable')) = 10.05
2025-08-03 03:19:19,610 - matplotlib.font_manager - DEBUG - findfont: score(FontEntry(fname='C:\\Windows\\Fonts\\segoeuisl.ttf', name='Segoe UI', style='normal', variant='normal', weight=350, stretch='normal', size='scalable')) = 10.0975
2025-08-03 03:19:19,612 - matplotlib.font_manager - DEBUG - findfont: score(FontEntry(fname='C:\\Windows\\Fonts\\GOTHIC.TTF', name='Century Gothic', style='normal', variant='normal', weight=400, stretch='normal', size='scalable')) = 10.05
2025-08-03 03:19:19,613 - matplotlib.font_manager - DEBUG - findfont: score(FontEntry(fname='C:\\Windows\\Fonts\\LEELAWAD.TTF', name='Leelawadee', style='normal', variant='normal', weight=400, stretch='normal', size='scalable')) = 10.05
2025-08-03 03:19:19,614 - matplotlib.font_manager - DEBUG - findfont: score(FontEntry(fname='C:\\Windows\\Fonts\\malgunsl.ttf', name='Malgun Gothic', style='normal', variant='normal', weight=300, stretch='normal', size='scalable')) = 10.145
2025-08-03 03:19:19,614 - matplotlib.font_manager - DEBUG - findfont: score(FontEntry(fname='C:\\Windows\\Fonts\\trebucbi.ttf', name='Trebuchet MS', style='italic', variant='normal', weight=700, stretch='normal', size='scalable')) = 11.335
2025-08-03 03:19:19,615 - matplotlib.font_manager - DEBUG - findfont: score(FontEntry(fname='C:\\Windows\\Fonts\\FREESCPT.TTF', name='Freestyle Script', style='normal', variant='normal', weight=400, stretch='normal', size='scalable')) = 10.05
2025-08-03 03:19:19,616 - matplotlib.font_manager - DEBUG - findfont: score(FontEntry(fname='C:\\Windows\\Fonts\\MSUIGHUB.TTF', name='Microsoft Uighur', style='normal', variant='normal', weight=700, stretch='normal', size='scalable')) = 10.335
2025-08-03 03:19:19,616 - matplotlib.font_manager - DEBUG - findfont: score(FontEntry(fname='C:\\Windows\\Fonts\\segmdl2.ttf', name='Segoe MDL2 Assets', style='normal', variant='normal', weight=400, stretch='normal', size='scalable')) = 10.05
2025-08-03 03:19:19,617 - matplotlib.font_manager - DEBUG - findfont: score(FontEntry(fname='C:\\Windows\\Fonts\\seguisbi.ttf', name='Segoe UI', style='italic', variant='normal', weight=600, stretch='normal', size='scalable')) = 11.24
2025-08-03 03:19:19,618 - matplotlib.font_manager - DEBUG - findfont: score(FontEntry(fname='C:\\Windows\\Fonts\\simsun.ttc', name='SimSun', style='normal', variant='normal', weight=400, stretch='normal', size='scalable')) = 10.05
2025-08-03 03:19:19,618 - matplotlib.font_manager - DEBUG - findfont: score(FontEntry(fname='C:\\Windows\\Fonts\\palabi.ttf', name='Palatino Linotype', style='italic', variant='normal', weight=700, stretch='normal', size='scalable')) = 11.335
2025-08-03 03:19:19,619 - matplotlib.font_manager - DEBUG - findfont: score(FontEntry(fname='C:\\Windows\\Fonts\\LeelaUIb.ttf', name='Leelawadee UI', style='normal', variant='normal', weight=700, stretch='normal', size='scalable')) = 10.335
2025-08-03 03:19:19,620 - matplotlib.font_manager - DEBUG - findfont: score(FontEntry(fname='C:\\Windows\\Fonts\\courbi.ttf', name='Courier New', style='italic', variant='normal', weight=700, stretch='normal', size='scalable')) = 11.335
2025-08-03 03:19:19,626 - matplotlib.font_manager - DEBUG - findfont: score(FontEntry(fname='C:\\Windows\\Fonts\\msyi.ttf', name='Microsoft Yi Baiti', style='normal', variant='normal', weight=400, stretch='normal', size='scalable')) = 10.05
2025-08-03 03:19:19,627 - matplotlib.font_manager - DEBUG - findfont: score(FontEntry(fname='C:\\Windows\\Fonts\\CascadiaMono.ttf', name='Cascadia Mono', style='normal', variant='normal', weight=400, stretch='normal', size='scalable')) = 10.05
2025-08-03 03:19:19,629 - matplotlib.font_manager - DEBUG - findfont: score(FontEntry(fname='C:\\Windows\\Fonts\\mmrtext.ttf', name='Myanmar Text', style='normal', variant='normal', weight=400, stretch='normal', size='scalable')) = 10.05
2025-08-03 03:19:19,630 - matplotlib.font_manager - DEBUG - findfont: score(FontEntry(fname='C:\\Windows\\Fonts\\times.ttf', name='Times New Roman', style='normal', variant='normal', weight=400, stretch='normal', size='scalable')) = 10.05
2025-08-03 03:19:19,630 - matplotlib.font_manager - DEBUG - findfont: score(FontEntry(fname='C:\\Windows\\Fonts\\Candarai.ttf', name='Candara', style='italic', variant='normal', weight=400, stretch='normal', size='scalable')) = 11.05
2025-08-03 03:19:19,631 - matplotlib.font_manager - DEBUG - findfont: score(FontEntry(fname='C:\\Windows\\Fonts\\WINGDNG2.TTF', name='Wingdings 2', style='normal', variant='normal', weight=400, stretch='normal', size='scalable')) = 10.05
2025-08-03 03:19:19,632 - matplotlib.font_manager - DEBUG - findfont: score(FontEntry(fname='C:\\Windows\\Fonts\\Candara.ttf', name='Candara', style='normal', variant='normal', weight=400, stretch='normal', size='scalable')) = 10.05
2025-08-03 03:19:19,634 - matplotlib.font_manager - DEBUG - findfont: score(FontEntry(fname='C:\\Windows\\Fonts\\consolab.ttf', name='Consolas', style='normal', variant='normal', weight=700, stretch='normal', size='scalable')) = 10.335
2025-08-03 03:19:19,635 - matplotlib.font_manager - DEBUG - findfont: score(FontEntry(fname='C:\\Windows\\Fonts\\SitkaVF-Italic.ttf', name='Sitka', style='italic', variant='normal', weight=400, stretch='normal', size='scalable')) = 11.05
2025-08-03 03:19:19,636 - matplotlib.font_manager - DEBUG - findfont: score(FontEntry(fname='C:\\Windows\\Fonts\\tahoma.ttf', name='Tahoma', style='normal', variant='normal', weight=400, stretch='normal', size='scalable')) = 10.05
2025-08-03 03:19:19,637 - matplotlib.font_manager - DEBUG - findfont: score(FontEntry(fname='C:\\Windows\\Fonts\\bahnschrift.ttf', name='Bahnschrift', style='normal', variant='normal', weight=400, stretch='normal', size='scalable')) = 10.05
2025-08-03 03:19:19,643 - matplotlib.font_manager - DEBUG - findfont: score(FontEntry(fname='C:\\Windows\\Fonts\\BOOKOSBI.TTF', name='Bookman Old Style', style='italic', variant='normal', weight=600, stretch='normal', size='scalable')) = 11.24
2025-08-03 03:19:19,645 - matplotlib.font_manager - DEBUG - findfont: score(FontEntry(fname='C:\\Windows\\Fonts\\timesbi.ttf', name='Times New Roman', style='italic', variant='normal', weight=700, stretch='normal', size='scalable')) = 11.335
2025-08-03 03:19:19,646 - matplotlib.font_manager - DEBUG - findfont: score(FontEntry(fname='C:\\Windows\\Fonts\\GOTHICB.TTF', name='Century Gothic', style='normal', variant='normal', weight=700, stretch='normal', size='scalable')) = 10.335
2025-08-03 03:19:19,647 - matplotlib.font_manager - DEBUG - findfont: score(FontEntry(fname='C:\\Windows\\Fonts\\MTEXTRA.TTF', name='MT Extra', style='normal', variant='normal', weight=400, stretch='normal', size='scalable')) = 10.05
2025-08-03 03:19:19,647 - matplotlib.font_manager - DEBUG - findfont: score(FontEntry(fname='C:\\Windows\\Fonts\\HATTEN.TTF', name='Haettenschweiler', style='normal', variant='normal', weight=400, stretch='normal', size='scalable')) = 10.05
2025-08-03 03:19:19,648 - matplotlib.font_manager - DEBUG - findfont: score(FontEntry(fname='C:\\Windows\\Fonts\\ANTQUAB.TTF', name='Book Antiqua', style='normal', variant='normal', weight=700, stretch='normal', size='scalable')) = 10.335
2025-08-03 03:19:19,649 - matplotlib.font_manager - DEBUG - findfont: score(FontEntry(fname='C:\\Windows\\Fonts\\constanb.ttf', name='Constantia', style='normal', variant='normal', weight=700, stretch='normal', size='scalable')) = 10.335
2025-08-03 03:19:19,649 - matplotlib.font_manager - DEBUG - findfont: score(FontEntry(fname='C:\\Windows\\Fonts\\DUBAI-REGULAR.TTF', name='Dubai', style='normal', variant='normal', weight=400, stretch='normal', size='scalable')) = 10.05
2025-08-03 03:19:19,650 - matplotlib.font_manager - DEBUG - findfont: score(FontEntry(fname='C:\\Windows\\Fonts\\REFSAN.TTF', name='MS Reference Sans Serif', style='normal', variant='normal', weight=400, stretch='normal', size='scalable')) = 10.05
2025-08-03 03:19:19,651 - matplotlib.font_manager - DEBUG - findfont: score(FontEntry(fname='C:\\Windows\\Fonts\\consolai.ttf', name='Consolas', style='italic', variant='normal', weight=400, stretch='normal', size='scalable')) = 11.05
2025-08-03 03:19:19,652 - matplotlib.font_manager - DEBUG - findfont: score(FontEntry(fname='C:\\Windows\\Fonts\\LeelUIsl.ttf', name='Leelawadee UI', style='normal', variant='normal', weight=350, stretch='normal', size='scalable')) = 10.0975
2025-08-03 03:19:19,652 - matplotlib.font_manager - DEBUG - findfont: score(FontEntry(fname='C:\\Windows\\Fonts\\comicz.ttf', name='Comic Sans MS', style='italic', variant='normal', weight=700, stretch='normal', size='scalable')) = 11.335
2025-08-03 03:19:19,653 - matplotlib.font_manager - DEBUG - findfont: score(FontEntry(fname='C:\\Windows\\Fonts\\msyh.ttc', name='Microsoft YaHei', style='normal', variant='normal', weight=400, stretch='normal', size='scalable')) = 10.05
2025-08-03 03:19:19,653 - matplotlib.font_manager - DEBUG - findfont: score(FontEntry(fname='C:\\Windows\\Fonts\\Candaral.ttf', name='Candara', style='normal', variant='normal', weight=400, stretch='normal', size='scalable')) = 10.05
2025-08-03 03:19:19,657 - matplotlib.font_manager - DEBUG - findfont: score(FontEntry(fname='C:\\Windows\\Fonts\\msyhbd.ttc', name='Microsoft YaHei', style='normal', variant='normal', weight=700, stretch='normal', size='scalable')) = 10.335
2025-08-03 03:19:19,659 - matplotlib.font_manager - DEBUG - findfont: score(FontEntry(fname='C:\\Windows\\Fonts\\SimsunExtG.ttf', name='SimSun-ExtG', style='normal', variant='normal', weight=400, stretch='normal', size='scalable')) = 10.05
2025-08-03 03:19:19,661 - matplotlib.font_manager - DEBUG - findfont: score(FontEntry(fname='C:\\Windows\\Fonts\\seguihis.ttf', name='Segoe UI Historic', style='normal', variant='normal', weight=400, stretch='normal', size='scalable')) = 10.05
2025-08-03 03:19:19,661 - matplotlib.font_manager - DEBUG - findfont: score(FontEntry(fname='C:\\Windows\\Fonts\\lucon.ttf', name='Lucida Console', style='normal', variant='normal', weight=400, stretch='normal', size='scalable')) = 10.05
2025-08-03 03:19:19,662 - matplotlib.font_manager - DEBUG - findfont: score(FontEntry(fname='C:\\Windows\\Fonts\\YuGothB.ttc', name='Yu Gothic', style='normal', variant='normal', weight=700, stretch='normal', size='scalable')) = 10.335
2025-08-03 03:19:19,663 - matplotlib.font_manager - DEBUG - findfont: score(FontEntry(fname='C:\\Windows\\Fonts\\seguisb.ttf', name='Segoe UI', style='normal', variant='normal', weight=600, stretch='normal', size='scalable')) = 10.24
2025-08-03 03:19:19,663 - matplotlib.font_manager - DEBUG - findfont: score(FontEntry(fname='C:\\Windows\\Fonts\\ARIALNB.TTF', name='Arial', style='normal', variant='normal', weight=700, stretch='condensed', size='scalable')) = 6.8986363636363635
2025-08-03 03:19:19,664 - matplotlib.font_manager - DEBUG - findfont: score(FontEntry(fname='C:\\Windows\\Fonts\\calibrili.ttf', name='Calibri', style='italic', variant='normal', weight=300, stretch='normal', size='scalable')) = 11.145
2025-08-03 03:19:19,664 - matplotlib.font_manager - DEBUG - findfont: score(FontEntry(fname='C:\\Windows\\Fonts\\MISTRAL.TTF', name='Mistral', style='normal', variant='normal', weight=400, stretch='normal', size='scalable')) = 10.05
2025-08-03 03:19:19,665 - matplotlib.font_manager - DEBUG - findfont: score(FontEntry(fname='C:\\Windows\\Fonts\\taile.ttf', name='Microsoft Tai Le', style='normal', variant='normal', weight=400, stretch='normal', size='scalable')) = 10.05
2025-08-03 03:19:19,666 - matplotlib.font_manager - DEBUG - findfont: score(FontEntry(fname='C:\\Windows\\Fonts\\consolaz.ttf', name='Consolas', style='italic', variant='normal', weight=700, stretch='normal', size='scalable')) = 11.335
2025-08-03 03:19:19,666 - matplotlib.font_manager - DEBUG - findfont: score(FontEntry(fname='C:\\Windows\\Fonts\\tahomabd.ttf', name='Tahoma', style='normal', variant='normal', weight=700, stretch='normal', size='scalable')) = 10.335
2025-08-03 03:19:19,667 - matplotlib.font_manager - DEBUG - findfont: score(FontEntry(fname='C:\\Windows\\Fonts\\seguiemj.ttf', name='Segoe UI Emoji', style='normal', variant='normal', weight=400, stretch='normal', size='scalable')) = 10.05
2025-08-03 03:19:19,667 - matplotlib.font_manager - DEBUG - findfont: score(FontEntry(fname='C:\\Windows\\Fonts\\corbeli.ttf', name='Corbel', style='italic', variant='normal', weight=400, stretch='normal', size='scalable')) = 11.05
2025-08-03 03:19:19,668 - matplotlib.font_manager - DEBUG - findfont: score(FontEntry(fname='C:\\Windows\\Fonts\\segoepr.ttf', name='Segoe Print', style='normal', variant='normal', weight=400, stretch='normal', size='scalable')) = 10.05
2025-08-03 03:19:19,669 - matplotlib.font_manager - DEBUG - findfont: score(FontEntry(fname='C:\\Windows\\Fonts\\SegUIVar.ttf', name='Segoe UI Variable', style='normal', variant='normal', weight=400, stretch='normal', size='scalable')) = 10.05
2025-08-03 03:19:19,670 - matplotlib.font_manager - DEBUG - findfont: score(FontEntry(fname='C:\\Windows\\Fonts\\seguibli.ttf', name='Segoe UI', style='italic', variant='normal', weight=900, stretch='normal', size='scalable')) = 11.525
2025-08-03 03:19:19,674 - matplotlib.font_manager - DEBUG - findfont: score(FontEntry(fname='C:\\Windows\\Fonts\\arial.ttf', name='Arial', style='normal', variant='normal', weight=400, stretch='normal', size='scalable')) = 6.413636363636363
2025-08-03 03:19:19,677 - matplotlib.font_manager - DEBUG - findfont: score(FontEntry(fname='C:\\Windows\\Fonts\\ARIALNBI.TTF', name='Arial', style='italic', variant='normal', weight=700, stretch='condensed', size='scalable')) = 7.8986363636363635
2025-08-03 03:19:19,677 - matplotlib.font_manager - DEBUG - findfont: score(FontEntry(fname='C:\\Windows\\Fonts\\courbd.ttf', name='Courier New', style='normal', variant='normal', weight=700, stretch='normal', size='scalable')) = 10.335
2025-08-03 03:19:19,678 - matplotlib.font_manager - DEBUG - findfont: score(FontEntry(fname='C:\\Windows\\Fonts\\Candarali.ttf', name='Candara', style='italic', variant='normal', weight=400, stretch='normal', size='scalable')) = 11.05
2025-08-03 03:19:19,679 - matplotlib.font_manager - DEBUG - findfont: score(FontEntry(fname='C:\\Windows\\Fonts\\corbelli.ttf', name='Corbel', style='italic', variant='normal', weight=300, stretch='normal', size='scalable')) = 11.145
2025-08-03 03:19:19,679 - matplotlib.font_manager - DEBUG - findfont: score(FontEntry(fname='C:\\Windows\\Fonts\\corbel.ttf', name='Corbel', style='normal', variant='normal', weight=400, stretch='normal', size='scalable')) = 10.05
2025-08-03 03:19:19,680 - matplotlib.font_manager - DEBUG - findfont: score(FontEntry(fname='C:\\Windows\\Fonts\\BOOKOSB.TTF', name='Bookman Old Style', style='normal', variant='normal', weight=600, stretch='normal', size='scalable')) = 10.24
2025-08-03 03:19:19,681 - matplotlib.font_manager - DEBUG - findfont: score(FontEntry(fname='C:\\Windows\\Fonts\\seguisli.ttf', name='Segoe UI', style='italic', variant='normal', weight=350, stretch='normal', size='scalable')) = 11.0975
2025-08-03 03:19:19,681 - matplotlib.font_manager - DEBUG - findfont: score(FontEntry(fname='C:\\Windows\\Fonts\\symbol.ttf', name='Symbol', style='normal', variant='normal', weight=400, stretch='normal', size='scalable')) = 10.05
2025-08-03 03:19:19,682 - matplotlib.font_manager - DEBUG - findfont: score(FontEntry(fname='C:\\Windows\\Fonts\\ariali.ttf', name='Arial', style='italic', variant='normal', weight=400, stretch='normal', size='scalable')) = 7.413636363636363
2025-08-03 03:19:19,683 - matplotlib.font_manager - DEBUG - findfont: score(FontEntry(fname='C:\\Windows\\Fonts\\timesi.ttf', name='Times New Roman', style='italic', variant='normal', weight=400, stretch='normal', size='scalable')) = 11.05
2025-08-03 03:19:19,684 - matplotlib.font_manager - DEBUG - findfont: score(FontEntry(fname='C:\\Windows\\Fonts\\cambriaz.ttf', name='Cambria', style='italic', variant='normal', weight=700, stretch='normal', size='scalable')) = 11.335
2025-08-03 03:19:19,684 - matplotlib.font_manager - DEBUG - findfont: score(FontEntry(fname='C:\\Windows\\Fonts\\REFSPCL.TTF', name='MS Reference Specialty', style='normal', variant='normal', weight=400, stretch='normal', size='scalable')) = 10.05
2025-08-03 03:19:19,685 - matplotlib.font_manager - DEBUG - findfont: score(FontEntry(fname='C:\\Windows\\Fonts\\segoeui.ttf', name='Segoe UI', style='normal', variant='normal', weight=400, stretch='normal', size='scalable')) = 10.05
2025-08-03 03:19:19,685 - matplotlib.font_manager - DEBUG - findfont: score(FontEntry(fname='C:\\Windows\\Fonts\\ARIALNI.TTF', name='Arial', style='italic', variant='normal', weight=400, stretch='condensed', size='scalable')) = 7.613636363636363
2025-08-03 03:19:19,686 - matplotlib.font_manager - DEBUG - findfont: score(FontEntry(fname='C:\\Windows\\Fonts\\Inkfree.ttf', name='Ink Free', style='normal', variant='normal', weight=400, stretch='normal', size='scalable')) = 10.05
2025-08-03 03:19:19,693 - matplotlib.font_manager - DEBUG - findfont: score(FontEntry(fname='C:\\Windows\\Fonts\\DUBAI-MEDIUM.TTF', name='Dubai', style='normal', variant='normal', weight=500, stretch='normal', size='scalable')) = 10.145
2025-08-03 03:19:19,693 - matplotlib.font_manager - DEBUG - findfont: score(FontEntry(fname='C:\\Windows\\Fonts\\comicbd.ttf', name='Comic Sans MS', style='normal', variant='normal', weight=700, stretch='normal', size='scalable')) = 10.335
2025-08-03 03:19:19,694 - matplotlib.font_manager - DEBUG - findfont: score(FontEntry(fname='C:\\Windows\\Fonts\\YuGothL.ttc', name='Yu Gothic', style='normal', variant='normal', weight=300, stretch='normal', size='scalable')) = 10.145
2025-08-03 03:19:19,695 - matplotlib.font_manager - DEBUG - findfont: score(FontEntry(fname='C:\\Windows\\Fonts\\webdings.ttf', name='Webdings', style='normal', variant='normal', weight=400, stretch='normal', size='scalable')) = 10.05
2025-08-03 03:19:19,697 - matplotlib.font_manager - DEBUG - findfont: score(FontEntry(fname='C:\\Windows\\Fonts\\framd.ttf', name='Franklin Gothic Medium', style='normal', variant='normal', weight=400, stretch='normal', size='scalable')) = 10.05
2025-08-03 03:19:19,698 - matplotlib.font_manager - DEBUG - findfont: score(FontEntry(fname='C:\\Windows\\Fonts\\msjh.ttc', name='Microsoft JhengHei', style='normal', variant='normal', weight=400, stretch='normal', size='scalable')) = 10.05
2025-08-03 03:19:19,698 - matplotlib.font_manager - DEBUG - findfont: score(FontEntry(fname='C:\\Windows\\Fonts\\l_10646.ttf', name='Lucida Sans Unicode', style='normal', variant='normal', weight=400, stretch='normal', size='scalable')) = 10.05
2025-08-03 03:19:19,699 - matplotlib.font_manager - DEBUG - findfont: score(FontEntry(fname='C:\\Windows\\Fonts\\LHANDW.TTF', name='Lucida Handwriting', style='italic', variant='normal', weight=400, stretch='normal', size='scalable')) = 11.05
2025-08-03 03:19:19,700 - matplotlib.font_manager - DEBUG - findfont: score(FontEntry(fname='C:\\Windows\\Fonts\\trebucbd.ttf', name='Trebuchet MS', style='normal', variant='normal', weight=700, stretch='normal', size='scalable')) = 10.335
2025-08-03 03:19:19,701 - matplotlib.font_manager - DEBUG - findfont: score(FontEntry(fname='C:\\Windows\\Fonts\\segoesc.ttf', name='Segoe Script', style='normal', variant='normal', weight=400, stretch='normal', size='scalable')) = 10.05
2025-08-03 03:19:19,701 - matplotlib.font_manager - DEBUG - findfont: score(FontEntry(fname='C:\\Windows\\Fonts\\MSUIGHUR.TTF', name='Microsoft Uighur', style='normal', variant='normal', weight=400, stretch='normal', size='scalable')) = 10.05
2025-08-03 03:19:19,702 - matplotlib.font_manager - DEBUG - findfont: score(FontEntry(fname='C:\\Windows\\Fonts\\CascadiaCode.ttf', name='Cascadia Code', style='normal', variant='normal', weight=400, stretch='normal', size='scalable')) = 10.05
2025-08-03 03:19:19,709 - matplotlib.font_manager - DEBUG - findfont: score(FontEntry(fname='C:\\Windows\\Fonts\\comic.ttf', name='Comic Sans MS', style='normal', variant='normal', weight=400, stretch='normal', size='scalable')) = 10.05
2025-08-03 03:19:19,710 - matplotlib.font_manager - DEBUG - findfont: score(FontEntry(fname='C:\\Windows\\Fonts\\GOTHICI.TTF', name='Century Gothic', style='italic', variant='normal', weight=400, stretch='normal', size='scalable')) = 11.05
2025-08-03 03:19:19,711 - matplotlib.font_manager - DEBUG - findfont: score(FontEntry(fname='C:\\Windows\\Fonts\\SegoeIcons.ttf', name='Segoe Fluent Icons', style='normal', variant='normal', weight=400, stretch='normal', size='scalable')) = 10.05
2025-08-03 03:19:19,714 - matplotlib.font_manager - DEBUG - findfont: score(FontEntry(fname='C:\\Windows\\Fonts\\verdanaz.ttf', name='Verdana', style='italic', variant='normal', weight=700, stretch='normal', size='scalable')) = 4.971363636363637
2025-08-03 03:19:19,714 - matplotlib.font_manager - DEBUG - findfont: score(FontEntry(fname='C:\\Windows\\Fonts\\cour.ttf', name='Courier New', style='normal', variant='normal', weight=400, stretch='normal', size='scalable')) = 10.05
2025-08-03 03:19:19,715 - matplotlib.font_manager - DEBUG - findfont: score(FontEntry(fname='C:\\Windows\\Fonts\\BOOKOSI.TTF', name='Bookman Old Style', style='italic', variant='normal', weight=300, stretch='normal', size='scalable')) = 11.145
2025-08-03 03:19:19,716 - matplotlib.font_manager - DEBUG - findfont: score(FontEntry(fname='C:\\Windows\\Fonts\\mingliub.ttc', name='MingLiU-ExtB', style='normal', variant='normal', weight=400, stretch='normal', size='scalable')) = 10.05
2025-08-03 03:19:19,716 - matplotlib.font_manager - DEBUG - findfont: score(FontEntry(fname='C:\\Windows\\Fonts\\segoeuib.ttf', name='Segoe UI', style='normal', variant='normal', weight=700, stretch='normal', size='scalable')) = 10.335
2025-08-03 03:19:19,717 - matplotlib.font_manager - DEBUG - findfont: score(FontEntry(fname='C:\\Windows\\Fonts\\taileb.ttf', name='Microsoft Tai Le', style='normal', variant='normal', weight=700, stretch='normal', size='scalable')) = 10.335
2025-08-03 03:19:19,717 - matplotlib.font_manager - DEBUG - findfont: score(FontEntry(fname='C:\\Windows\\Fonts\\calibrib.ttf', name='Calibri', style='normal', variant='normal', weight=700, stretch='normal', size='scalable')) = 10.335
2025-08-03 03:19:19,718 - matplotlib.font_manager - DEBUG - findfont: score(FontEntry(fname='C:\\Windows\\Fonts\\CENTURY.TTF', name='Century', style='normal', variant='normal', weight=400, stretch='normal', size='scalable')) = 10.05
2025-08-03 03:19:19,719 - matplotlib.font_manager - DEBUG - findfont: score(FontEntry(fname='C:\\Windows\\Fonts\\Nirmala.ttc', name='Nirmala UI', style='normal', variant='normal', weight=400, stretch='normal', size='scalable')) = 10.05
2025-08-03 03:19:19,719 - matplotlib.font_manager - DEBUG - findfont: score(FontEntry(fname='C:\\Windows\\Fonts\\georgiab.ttf', name='Georgia', style='normal', variant='normal', weight=700, stretch='normal', size='scalable')) = 10.335
2025-08-03 03:19:19,720 - matplotlib.font_manager - DEBUG - findfont: score(FontEntry(fname='C:\\Windows\\Fonts\\seguibl.ttf', name='Segoe UI', style='normal', variant='normal', weight=900, stretch='normal', size='scalable')) = 10.525
2025-08-03 03:19:19,727 - matplotlib.font_manager - DEBUG - findfont: score(FontEntry(fname='C:\\Windows\\Fonts\\himalaya.ttf', name='Microsoft Himalaya', style='normal', variant='normal', weight=400, stretch='normal', size='scalable')) = 10.05
2025-08-03 03:19:19,727 - matplotlib.font_manager - DEBUG - findfont: score(FontEntry(fname='C:\\Windows\\Fonts\\WINGDNG3.TTF', name='Wingdings 3', style='normal', variant='normal', weight=400, stretch='normal', size='scalable')) = 10.05
2025-08-03 03:19:19,728 - matplotlib.font_manager - DEBUG - findfont: score(FontEntry(fname='C:\\Windows\\Fonts\\LeelawUI.ttf', name='Leelawadee UI', style='normal', variant='normal', weight=400, stretch='normal', size='scalable')) = 10.05
2025-08-03 03:19:19,729 - matplotlib.font_manager - DEBUG - findfont: score(FontEntry(fname='C:\\Windows\\Fonts\\msyhl.ttc', name='Microsoft YaHei', style='normal', variant='normal', weight=290, stretch='normal', size='scalable')) = 10.1545
2025-08-03 03:19:19,730 - matplotlib.font_manager - DEBUG - findfont: score(FontEntry(fname='C:\\Windows\\Fonts\\mvboli.ttf', name='MV Boli', style='normal', variant='normal', weight=400, stretch='normal', size='scalable')) = 10.05
2025-08-03 03:19:19,731 - matplotlib.font_manager - DEBUG - findfont: score(FontEntry(fname='C:\\Windows\\Fonts\\phagspa.ttf', name='Microsoft PhagsPa', style='normal', variant='normal', weight=400, stretch='normal', size='scalable')) = 10.05
2025-08-03 03:19:19,736 - matplotlib.font_manager - DEBUG - findfont: score(FontEntry(fname='C:\\Windows\\Fonts\\trebuc.ttf', name='Trebuchet MS', style='normal', variant='normal', weight=400, stretch='normal', size='scalable')) = 10.05
2025-08-03 03:19:19,747 - matplotlib.font_manager - DEBUG - findfont: score(FontEntry(fname='C:\\Windows\\Fonts\\GOTHICBI.TTF', name='Century Gothic', style='italic', variant='normal', weight=700, stretch='normal', size='scalable')) = 11.335
2025-08-03 03:19:19,754 - matplotlib.font_manager - DEBUG - findfont: score(FontEntry(fname='C:\\Windows\\Fonts\\phagspab.ttf', name='Microsoft PhagsPa', style='normal', variant='normal', weight=700, stretch='normal', size='scalable')) = 10.335
2025-08-03 03:19:19,760 - matplotlib.font_manager - DEBUG - findfont: score(FontEntry(fname='C:\\Windows\\Fonts\\verdanai.ttf', name='Verdana', style='italic', variant='normal', weight=400, stretch='normal', size='scalable')) = 4.6863636363636365
2025-08-03 03:19:19,761 - matplotlib.font_manager - DEBUG - findfont: score(FontEntry(fname='C:\\Windows\\Fonts\\verdana.ttf', name='Verdana', style='normal', variant='normal', weight=400, stretch='normal', size='scalable')) = 3.6863636363636365
2025-08-03 03:19:19,763 - matplotlib.font_manager - DEBUG - findfont: score(FontEntry(fname='C:\\Windows\\Fonts\\verdanab.ttf', name='Verdana', style='normal', variant='normal', weight=700, stretch='normal', size='scalable')) = 3.9713636363636367
2025-08-03 03:19:19,765 - matplotlib.font_manager - DEBUG - findfont: score(FontEntry(fname='C:\\Windows\\Fonts\\msjhbd.ttc', name='Microsoft JhengHei', style='normal', variant='normal', weight=700, stretch='normal', size='scalable')) = 10.335
2025-08-03 03:19:19,766 - matplotlib.font_manager - DEBUG - findfont: score(FontEntry(fname='C:\\Windows\\Fonts\\gadugib.ttf', name='Gadugi', style='normal', variant='normal', weight=700, stretch='normal', size='scalable')) = 10.335
2025-08-03 03:19:19,780 - matplotlib.font_manager - DEBUG - findfont: score(FontEntry(fname='C:\\Windows\\Fonts\\consola.ttf', name='Consolas', style='normal', variant='normal', weight=400, stretch='normal', size='scalable')) = 10.05
2025-08-03 03:19:19,781 - matplotlib.font_manager - DEBUG - findfont: score(FontEntry(fname='C:\\Windows\\Fonts\\malgunbd.ttf', name='Malgun Gothic', style='normal', variant='normal', weight=700, stretch='normal', size='scalable')) = 10.335
2025-08-03 03:19:19,785 - matplotlib.font_manager - DEBUG - findfont: score(FontEntry(fname='C:\\Windows\\Fonts\\OUTLOOK.TTF', name='MS Outlook', style='normal', variant='normal', weight=400, stretch='normal', size='scalable')) = 10.05
2025-08-03 03:19:19,787 - matplotlib.font_manager - DEBUG - findfont: score(FontEntry(fname='C:\\Windows\\Fonts\\BSSYM7.TTF', name='Bookshelf Symbol 7', style='normal', variant='normal', weight=400, stretch='normal', size='scalable')) = 10.05
2025-08-03 03:19:19,798 - matplotlib.font_manager - DEBUG - findfont: score(FontEntry(fname='C:\\Windows\\Fonts\\ebrimabd.ttf', name='Ebrima', style='normal', variant='normal', weight=700, stretch='normal', size='scalable')) = 10.335
2025-08-03 03:19:19,801 - matplotlib.font_manager - DEBUG - findfont: score(FontEntry(fname='C:\\Windows\\Fonts\\palab.ttf', name='Palatino Linotype', style='normal', variant='normal', weight=700, stretch='normal', size='scalable')) = 10.335
2025-08-03 03:19:19,803 - matplotlib.font_manager - DEBUG - findfont: score(FontEntry(fname='C:\\Windows\\Fonts\\ANTQUAI.TTF', name='Book Antiqua', style='italic', variant='normal', weight=400, stretch='normal', size='scalable')) = 11.05
2025-08-03 03:19:19,811 - matplotlib.font_manager - DEBUG - findfont: score(FontEntry(fname='C:\\Windows\\Fonts\\calibrii.ttf', name='Calibri', style='italic', variant='normal', weight=400, stretch='normal', size='scalable')) = 11.05
2025-08-03 03:19:19,818 - matplotlib.font_manager - DEBUG - findfont: score(FontEntry(fname='C:\\Windows\\Fonts\\georgiaz.ttf', name='Georgia', style='italic', variant='normal', weight=700, stretch='normal', size='scalable')) = 11.335
2025-08-03 03:19:19,835 - matplotlib.font_manager - DEBUG - findfont: score(FontEntry(fname='C:\\Windows\\Fonts\\constani.ttf', name='Constantia', style='italic', variant='normal', weight=400, stretch='normal', size='scalable')) = 11.05
2025-08-03 03:19:19,879 - matplotlib.font_manager - DEBUG - findfont: score(FontEntry(fname='C:\\Windows\\Fonts\\wingding.ttf', name='Wingdings', style='normal', variant='normal', weight=400, stretch='normal', size='scalable')) = 10.05
2025-08-03 03:19:19,881 - matplotlib.font_manager - DEBUG - findfont: score(FontEntry(fname='C:\\Windows\\Fonts\\calibri.ttf', name='Calibri', style='normal', variant='normal', weight=400, stretch='normal', size='scalable')) = 10.05
2025-08-03 03:19:19,882 - matplotlib.font_manager - DEBUG - findfont: score(FontEntry(fname='C:\\Windows\\Fonts\\ebrima.ttf', name='Ebrima', style='normal', variant='normal', weight=400, stretch='normal', size='scalable')) = 10.05
2025-08-03 03:19:19,886 - matplotlib.font_manager - DEBUG - findfont: score(FontEntry(fname='C:\\Windows\\Fonts\\YuGothR.ttc', name='Yu Gothic', style='normal', variant='normal', weight=400, stretch='normal', size='scalable')) = 10.05
2025-08-03 03:19:19,897 - matplotlib.font_manager - DEBUG - findfont: score(FontEntry(fname='C:\\Windows\\Fonts\\segoescb.ttf', name='Segoe Script', style='normal', variant='normal', weight=700, stretch='normal', size='scalable')) = 10.335
2025-08-03 03:19:19,898 - matplotlib.font_manager - DEBUG - findfont: score(FontEntry(fname='C:\\Windows\\Fonts\\msjhl.ttc', name='Microsoft JhengHei', style='normal', variant='normal', weight=290, stretch='normal', size='scalable')) = 10.1545
2025-08-03 03:19:19,900 - matplotlib.font_manager - DEBUG - findfont: score(FontEntry(fname='C:\\Windows\\Fonts\\comici.ttf', name='Comic Sans MS', style='italic', variant='normal', weight=400, stretch='normal', size='scalable')) = 11.05
2025-08-03 03:19:19,902 - matplotlib.font_manager - DEBUG - findfont: score(FontEntry(fname='C:\\Windows\\Fonts\\sylfaen.ttf', name='Sylfaen', style='normal', variant='normal', weight=400, stretch='normal', size='scalable')) = 10.05
2025-08-03 03:19:19,913 - matplotlib.font_manager - DEBUG - findfont: score(FontEntry(fname='C:\\Windows\\Fonts\\Candaraz.ttf', name='Candara', style='italic', variant='normal', weight=700, stretch='normal', size='scalable')) = 11.335
2025-08-03 03:19:19,914 - matplotlib.font_manager - DEBUG - findfont: score(FontEntry(fname='C:\\Windows\\Fonts\\segoeuil.ttf', name='Segoe UI', style='normal', variant='normal', weight=300, stretch='normal', size='scalable')) = 10.145
2025-08-03 03:19:19,915 - matplotlib.font_manager - DEBUG - findfont: score(FontEntry(fname='C:\\Windows\\Fonts\\BKANT.TTF', name='Book Antiqua', style='normal', variant='normal', weight=400, stretch='normal', size='scalable')) = 10.05
2025-08-03 03:19:19,915 - matplotlib.font_manager - DEBUG - findfont: score(FontEntry(fname='C:\\Windows\\Fonts\\corbelz.ttf', name='Corbel', style='italic', variant='normal', weight=700, stretch='normal', size='scalable')) = 11.335
2025-08-03 03:19:19,916 - matplotlib.font_manager - DEBUG - findfont: score(FontEntry(fname='C:\\Windows\\Fonts\\DUBAI-LIGHT.TTF', name='Dubai', style='normal', variant='normal', weight=300, stretch='normal', size='scalable')) = 10.145
2025-08-03 03:19:19,916 - matplotlib.font_manager - DEBUG - findfont: score(FontEntry(fname='C:\\Windows\\Fonts\\palai.ttf', name='Palatino Linotype', style='italic', variant='normal', weight=400, stretch='normal', size='scalable')) = 11.05
2025-08-03 03:19:19,917 - matplotlib.font_manager - DEBUG - findfont: score(FontEntry(fname='C:\\Windows\\Fonts\\arialbi.ttf', name='Arial', style='italic', variant='normal', weight=700, stretch='normal', size='scalable')) = 7.698636363636363
2025-08-03 03:19:19,929 - matplotlib.font_manager - DEBUG - findfont: score(FontEntry(fname='C:\\Windows\\Fonts\\calibril.ttf', name='Calibri', style='normal', variant='normal', weight=300, stretch='normal', size='scalable')) = 10.145
2025-08-03 03:19:19,930 - matplotlib.font_manager - DEBUG - findfont: score(FontEntry(fname='C:\\Windows\\Fonts\\georgiai.ttf', name='Georgia', style='italic', variant='normal', weight=400, stretch='normal', size='scalable')) = 11.05
2025-08-03 03:19:19,931 - matplotlib.font_manager - DEBUG - findfont: score(FontEntry(fname='C:\\Windows\\Fonts\\cambria.ttc', name='Cambria', style='normal', variant='normal', weight=400, stretch='normal', size='scalable')) = 10.05
2025-08-03 03:19:19,932 - matplotlib.font_manager - DEBUG - findfont: score(FontEntry(fname='C:\\Windows\\Fonts\\micross.ttf', name='Microsoft Sans Serif', style='normal', variant='normal', weight=400, stretch='normal', size='scalable')) = 10.05
2025-08-03 03:19:19,932 - matplotlib.font_manager - DEBUG - findfont: score(FontEntry(fname='C:\\Windows\\Fonts\\corbelb.ttf', name='Corbel', style='normal', variant='normal', weight=700, stretch='normal', size='scalable')) = 10.335
2025-08-03 03:19:19,933 - matplotlib.font_manager - DEBUG - findfont: score(FontEntry(fname='C:\\Windows\\Fonts\\impact.ttf', name='Impact', style='normal', variant='normal', weight=400, stretch='normal', size='scalable')) = 10.05
2025-08-03 03:19:19,934 - matplotlib.font_manager - DEBUG - findfont: score(FontEntry(fname='C:\\Windows\\Fonts\\segoeprb.ttf', name='Segoe Print', style='normal', variant='normal', weight=700, stretch='normal', size='scalable')) = 10.335
2025-08-03 03:19:19,935 - matplotlib.font_manager - DEBUG - findfont: score(FontEntry(fname='C:\\Windows\\Fonts\\georgia.ttf', name='Georgia', style='normal', variant='normal', weight=400, stretch='normal', size='scalable')) = 10.05
2025-08-03 03:19:19,937 - matplotlib.font_manager - DEBUG - findfont: Matching sans\-serif:style=normal:variant=normal:weight=normal:stretch=normal:size=12.0 to DejaVu Sans ('C:\\Users\\Nii Amu Ankrah\\AppData\\Roaming\\Python\\Python313\\site-packages\\matplotlib\\mpl-data\\fonts\\ttf\\DejaVuSans.ttf') with score of 0.050000.
2025-08-03 03:19:20,132 - matplotlib.font_manager - DEBUG - findfont: Matching sans\-serif:style=normal:variant=normal:weight=bold:stretch=normal:size=16.0.
2025-08-03 03:19:20,133 - matplotlib.font_manager - DEBUG - findfont: score(FontEntry(fname='C:\\Users\\Nii Amu Ankrah\\AppData\\Roaming\\Python\\Python313\\site-packages\\matplotlib\\mpl-data\\fonts\\ttf\\STIXGeneral.ttf', name='STIXGeneral', style='normal', variant='normal', weight=400, stretch='normal', size='scalable')) = 10.335
2025-08-03 03:19:20,134 - matplotlib.font_manager - DEBUG - findfont: score(FontEntry(fname='C:\\Users\\Nii Amu Ankrah\\AppData\\Roaming\\Python\\Python313\\site-packages\\matplotlib\\mpl-data\\fonts\\ttf\\DejaVuSansMono.ttf', name='DejaVu Sans Mono', style='normal', variant='normal', weight=400, stretch='normal', size='scalable')) = 10.335
2025-08-03 03:19:20,134 - matplotlib.font_manager - DEBUG - findfont: score(FontEntry(fname='C:\\Users\\Nii Amu Ankrah\\AppData\\Roaming\\Python\\Python313\\site-packages\\matplotlib\\mpl-data\\fonts\\ttf\\STIXSizThreeSymReg.ttf', name='STIXSizeThreeSym', style='normal', variant='normal', weight=400, stretch='normal', size='scalable')) = 10.335
2025-08-03 03:19:20,135 - matplotlib.font_manager - DEBUG - findfont: score(FontEntry(fname='C:\\Users\\Nii Amu Ankrah\\AppData\\Roaming\\Python\\Python313\\site-packages\\matplotlib\\mpl-data\\fonts\\ttf\\STIXSizFourSymBol.ttf', name='STIXSizeFourSym', style='normal', variant='normal', weight=700, stretch='normal', size='scalable')) = 10.05
2025-08-03 03:19:20,135 - matplotlib.font_manager - DEBUG - findfont: score(FontEntry(fname='C:\\Users\\Nii Amu Ankrah\\AppData\\Roaming\\Python\\Python313\\site-packages\\matplotlib\\mpl-data\\fonts\\ttf\\STIXSizFiveSymReg.ttf', name='STIXSizeFiveSym', style='normal', variant='normal', weight=400, stretch='normal', size='scalable')) = 10.335
2025-08-03 03:19:20,136 - matplotlib.font_manager - DEBUG - findfont: score(FontEntry(fname='C:\\Users\\Nii Amu Ankrah\\AppData\\Roaming\\Python\\Python313\\site-packages\\matplotlib\\mpl-data\\fonts\\ttf\\cmss10.ttf', name='cmss10', style='normal', variant='normal', weight=400, stretch='normal', size='scalable')) = 10.335
2025-08-03 03:19:20,136 - matplotlib.font_manager - DEBUG - findfont: score(FontEntry(fname='C:\\Users\\Nii Amu Ankrah\\AppData\\Roaming\\Python\\Python313\\site-packages\\matplotlib\\mpl-data\\fonts\\ttf\\DejaVuSans.ttf', name='DejaVu Sans', style='normal', variant='normal', weight=400, stretch='normal', size='scalable')) = 0.33499999999999996
2025-08-03 03:19:20,142 - matplotlib.font_manager - DEBUG - findfont: score(FontEntry(fname='C:\\Users\\Nii Amu Ankrah\\AppData\\Roaming\\Python\\Python313\\site-packages\\matplotlib\\mpl-data\\fonts\\ttf\\DejaVuSerifDisplay.ttf', name='DejaVu Serif Display', style='normal', variant='normal', weight=400, stretch='normal', size='scalable')) = 10.335
2025-08-03 03:19:20,143 - matplotlib.font_manager - DEBUG - findfont: score(FontEntry(fname='C:\\Users\\Nii Amu Ankrah\\AppData\\Roaming\\Python\\Python313\\site-packages\\matplotlib\\mpl-data\\fonts\\ttf\\cmb10.ttf', name='cmb10', style='normal', variant='normal', weight=400, stretch='normal', size='scalable')) = 10.335
2025-08-03 03:19:20,144 - matplotlib.font_manager - DEBUG - findfont: score(FontEntry(fname='C:\\Users\\Nii Amu Ankrah\\AppData\\Roaming\\Python\\Python313\\site-packages\\matplotlib\\mpl-data\\fonts\\ttf\\DejaVuSerif-Bold.ttf', name='DejaVu Serif', style='normal', variant='normal', weight=700, stretch='normal', size='scalable')) = 10.05
2025-08-03 03:19:20,145 - matplotlib.font_manager - DEBUG - findfont: score(FontEntry(fname='C:\\Users\\Nii Amu Ankrah\\AppData\\Roaming\\Python\\Python313\\site-packages\\matplotlib\\mpl-data\\fonts\\ttf\\cmmi10.ttf', name='cmmi10', style='normal', variant='normal', weight=400, stretch='normal', size='scalable')) = 10.335
2025-08-03 03:19:20,145 - matplotlib.font_manager - DEBUG - findfont: score(FontEntry(fname='C:\\Users\\Nii Amu Ankrah\\AppData\\Roaming\\Python\\Python313\\site-packages\\matplotlib\\mpl-data\\fonts\\ttf\\STIXNonUniBolIta.ttf', name='STIXNonUnicode', style='italic', variant='normal', weight=700, stretch='normal', size='scalable')) = 11.05
2025-08-03 03:19:20,146 - matplotlib.font_manager - DEBUG - findfont: score(FontEntry(fname='C:\\Users\\Nii Amu Ankrah\\AppData\\Roaming\\Python\\Python313\\site-packages\\matplotlib\\mpl-data\\fonts\\ttf\\DejaVuSerif-Italic.ttf', name='DejaVu Serif', style='italic', variant='normal', weight=400, stretch='normal', size='scalable')) = 11.335
2025-08-03 03:19:20,147 - matplotlib.font_manager - DEBUG - findfont: score(FontEntry(fname='C:\\Users\\Nii Amu Ankrah\\AppData\\Roaming\\Python\\Python313\\site-packages\\matplotlib\\mpl-data\\fonts\\ttf\\STIXNonUni.ttf', name='STIXNonUnicode', style='normal', variant='normal', weight=400, stretch='normal', size='scalable')) = 10.335
2025-08-03 03:19:20,147 - matplotlib.font_manager - DEBUG - findfont: score(FontEntry(fname='C:\\Users\\Nii Amu Ankrah\\AppData\\Roaming\\Python\\Python313\\site-packages\\matplotlib\\mpl-data\\fonts\\ttf\\DejaVuSansDisplay.ttf', name='DejaVu Sans Display', style='normal', variant='normal', weight=400, stretch='normal', size='scalable')) = 10.335
2025-08-03 03:19:20,148 - matplotlib.font_manager - DEBUG - findfont: score(FontEntry(fname='C:\\Users\\Nii Amu Ankrah\\AppData\\Roaming\\Python\\Python313\\site-packages\\matplotlib\\mpl-data\\fonts\\ttf\\cmtt10.ttf', name='cmtt10', style='normal', variant='normal', weight=400, stretch='normal', size='scalable')) = 10.335
2025-08-03 03:19:20,149 - matplotlib.font_manager - DEBUG - findfont: score(FontEntry(fname='C:\\Users\\Nii Amu Ankrah\\AppData\\Roaming\\Python\\Python313\\site-packages\\matplotlib\\mpl-data\\fonts\\ttf\\DejaVuSans-BoldOblique.ttf', name='DejaVu Sans', style='oblique', variant='normal', weight=700, stretch='normal', size='scalable')) = 1.05
2025-08-03 03:19:20,149 - matplotlib.font_manager - DEBUG - findfont: score(FontEntry(fname='C:\\Users\\Nii Amu Ankrah\\AppData\\Roaming\\Python\\Python313\\site-packages\\matplotlib\\mpl-data\\fonts\\ttf\\STIXSizOneSymReg.ttf', name='STIXSizeOneSym', style='normal', variant='normal', weight=400, stretch='normal', size='scalable')) = 10.335
2025-08-03 03:19:20,150 - matplotlib.font_manager - DEBUG - findfont: score(FontEntry(fname='C:\\Users\\Nii Amu Ankrah\\AppData\\Roaming\\Python\\Python313\\site-packages\\matplotlib\\mpl-data\\fonts\\ttf\\DejaVuSerif-BoldItalic.ttf', name='DejaVu Serif', style='italic', variant='normal', weight=700, stretch='normal', size='scalable')) = 11.05
2025-08-03 03:19:20,151 - matplotlib.font_manager - DEBUG - findfont: score(FontEntry(fname='C:\\Users\\Nii Amu Ankrah\\AppData\\Roaming\\Python\\Python313\\site-packages\\matplotlib\\mpl-data\\fonts\\ttf\\DejaVuSansMono-Bold.ttf', name='DejaVu Sans Mono', style='normal', variant='normal', weight=700, stretch='normal', size='scalable')) = 10.05
2025-08-03 03:19:20,152 - matplotlib.font_manager - DEBUG - findfont: score(FontEntry(fname='C:\\Users\\Nii Amu Ankrah\\AppData\\Roaming\\Python\\Python313\\site-packages\\matplotlib\\mpl-data\\fonts\\ttf\\STIXSizOneSymBol.ttf', name='STIXSizeOneSym', style='normal', variant='normal', weight=700, stretch='normal', size='scalable')) = 10.05
2025-08-03 03:19:20,152 - matplotlib.font_manager - DEBUG - findfont: score(FontEntry(fname='C:\\Users\\Nii Amu Ankrah\\AppData\\Roaming\\Python\\Python313\\site-packages\\matplotlib\\mpl-data\\fonts\\ttf\\cmex10.ttf', name='cmex10', style='normal', variant='normal', weight=400, stretch='normal', size='scalable')) = 10.335
2025-08-03 03:19:20,153 - matplotlib.font_manager - DEBUG - findfont: score(FontEntry(fname='C:\\Users\\Nii Amu Ankrah\\AppData\\Roaming\\Python\\Python313\\site-packages\\matplotlib\\mpl-data\\fonts\\ttf\\STIXNonUniBol.ttf', name='STIXNonUnicode', style='normal', variant='normal', weight=700, stretch='normal', size='scalable')) = 10.05
2025-08-03 03:19:20,159 - matplotlib.font_manager - DEBUG - findfont: score(FontEntry(fname='C:\\Users\\Nii Amu Ankrah\\AppData\\Roaming\\Python\\Python313\\site-packages\\matplotlib\\mpl-data\\fonts\\ttf\\STIXSizTwoSymReg.ttf', name='STIXSizeTwoSym', style='normal', variant='normal', weight=400, stretch='normal', size='scalable')) = 10.335
2025-08-03 03:19:20,161 - matplotlib.font_manager - DEBUG - findfont: score(FontEntry(fname='C:\\Users\\Nii Amu Ankrah\\AppData\\Roaming\\Python\\Python313\\site-packages\\matplotlib\\mpl-data\\fonts\\ttf\\DejaVuSansMono-BoldOblique.ttf', name='DejaVu Sans Mono', style='oblique', variant='normal', weight=700, stretch='normal', size='scalable')) = 11.05
2025-08-03 03:19:20,162 - matplotlib.font_manager - DEBUG - findfont: score(FontEntry(fname='C:\\Users\\Nii Amu Ankrah\\AppData\\Roaming\\Python\\Python313\\site-packages\\matplotlib\\mpl-data\\fonts\\ttf\\STIXSizThreeSymBol.ttf', name='STIXSizeThreeSym', style='normal', variant='normal', weight=700, stretch='normal', size='scalable')) = 10.05
2025-08-03 03:19:20,162 - matplotlib.font_manager - DEBUG - findfont: score(FontEntry(fname='C:\\Users\\Nii Amu Ankrah\\AppData\\Roaming\\Python\\Python313\\site-packages\\matplotlib\\mpl-data\\fonts\\ttf\\STIXSizTwoSymBol.ttf', name='STIXSizeTwoSym', style='normal', variant='normal', weight=700, stretch='normal', size='scalable')) = 10.05
2025-08-03 03:19:20,163 - matplotlib.font_manager - DEBUG - findfont: score(FontEntry(fname='C:\\Users\\Nii Amu Ankrah\\AppData\\Roaming\\Python\\Python313\\site-packages\\matplotlib\\mpl-data\\fonts\\ttf\\cmsy10.ttf', name='cmsy10', style='normal', variant='normal', weight=400, stretch='normal', size='scalable')) = 10.335
2025-08-03 03:19:20,164 - matplotlib.font_manager - DEBUG - findfont: score(FontEntry(fname='C:\\Users\\Nii Amu Ankrah\\AppData\\Roaming\\Python\\Python313\\site-packages\\matplotlib\\mpl-data\\fonts\\ttf\\STIXGeneralBolIta.ttf', name='STIXGeneral', style='italic', variant='normal', weight=700, stretch='normal', size='scalable')) = 11.05
2025-08-03 03:19:20,164 - matplotlib.font_manager - DEBUG - findfont: score(FontEntry(fname='C:\\Users\\Nii Amu Ankrah\\AppData\\Roaming\\Python\\Python313\\site-packages\\matplotlib\\mpl-data\\fonts\\ttf\\STIXGeneralItalic.ttf', name='STIXGeneral', style='italic', variant='normal', weight=400, stretch='normal', size='scalable')) = 11.335
2025-08-03 03:19:20,165 - matplotlib.font_manager - DEBUG - findfont: score(FontEntry(fname='C:\\Users\\Nii Amu Ankrah\\AppData\\Roaming\\Python\\Python313\\site-packages\\matplotlib\\mpl-data\\fonts\\ttf\\DejaVuSans-Oblique.ttf', name='DejaVu Sans', style='oblique', variant='normal', weight=400, stretch='normal', size='scalable')) = 1.335
2025-08-03 03:19:20,166 - matplotlib.font_manager - DEBUG - findfont: score(FontEntry(fname='C:\\Users\\Nii Amu Ankrah\\AppData\\Roaming\\Python\\Python313\\site-packages\\matplotlib\\mpl-data\\fonts\\ttf\\DejaVuSerif.ttf', name='DejaVu Serif', style='normal', variant='normal', weight=400, stretch='normal', size='scalable')) = 10.335
2025-08-03 03:19:20,166 - matplotlib.font_manager - DEBUG - findfont: score(FontEntry(fname='C:\\Users\\Nii Amu Ankrah\\AppData\\Roaming\\Python\\Python313\\site-packages\\matplotlib\\mpl-data\\fonts\\ttf\\DejaVuSansMono-Oblique.ttf', name='DejaVu Sans Mono', style='oblique', variant='normal', weight=400, stretch='normal', size='scalable')) = 11.335
2025-08-03 03:19:20,167 - matplotlib.font_manager - DEBUG - findfont: score(FontEntry(fname='C:\\Users\\Nii Amu Ankrah\\AppData\\Roaming\\Python\\Python313\\site-packages\\matplotlib\\mpl-data\\fonts\\ttf\\DejaVuSans-Bold.ttf', name='DejaVu Sans', style='normal', variant='normal', weight=700, stretch='normal', size='scalable')) = 0.05
2025-08-03 03:19:20,168 - matplotlib.font_manager - DEBUG - findfont: score(FontEntry(fname='C:\\Users\\Nii Amu Ankrah\\AppData\\Roaming\\Python\\Python313\\site-packages\\matplotlib\\mpl-data\\fonts\\ttf\\STIXNonUniIta.ttf', name='STIXNonUnicode', style='italic', variant='normal', weight=400, stretch='normal', size='scalable')) = 11.335
2025-08-03 03:19:20,168 - matplotlib.font_manager - DEBUG - findfont: score(FontEntry(fname='C:\\Users\\Nii Amu Ankrah\\AppData\\Roaming\\Python\\Python313\\site-packages\\matplotlib\\mpl-data\\fonts\\ttf\\STIXSizFourSymReg.ttf', name='STIXSizeFourSym', style='normal', variant='normal', weight=400, stretch='normal', size='scalable')) = 10.335
2025-08-03 03:19:20,169 - matplotlib.font_manager - DEBUG - findfont: score(FontEntry(fname='C:\\Users\\Nii Amu Ankrah\\AppData\\Roaming\\Python\\Python313\\site-packages\\matplotlib\\mpl-data\\fonts\\ttf\\cmr10.ttf', name='cmr10', style='normal', variant='normal', weight=400, stretch='normal', size='scalable')) = 10.335
2025-08-03 03:19:20,177 - matplotlib.font_manager - DEBUG - findfont: score(FontEntry(fname='C:\\Users\\Nii Amu Ankrah\\AppData\\Roaming\\Python\\Python313\\site-packages\\matplotlib\\mpl-data\\fonts\\ttf\\STIXGeneralBol.ttf', name='STIXGeneral', style='normal', variant='normal', weight=700, stretch='normal', size='scalable')) = 10.05
2025-08-03 03:19:20,179 - matplotlib.font_manager - DEBUG - findfont: score(FontEntry(fname='C:\\Windows\\Fonts\\GARABD.TTF', name='Garamond', style='normal', variant='normal', weight=700, stretch='normal', size='scalable')) = 10.05
2025-08-03 03:19:20,179 - matplotlib.font_manager - DEBUG - findfont: score(FontEntry(fname='C:\\Windows\\Fonts\\LEELAWDB.TTF', name='Leelawadee', style='normal', variant='normal', weight=700, stretch='normal', size='scalable')) = 10.05
2025-08-03 03:19:20,180 - matplotlib.font_manager - DEBUG - findfont: score(FontEntry(fname='C:\\Windows\\Fonts\\timesbd.ttf', name='Times New Roman', style='normal', variant='normal', weight=700, stretch='normal', size='scalable')) = 10.05
2025-08-03 03:19:20,181 - matplotlib.font_manager - DEBUG - findfont: score(FontEntry(fname='C:\\Windows\\Fonts\\mmrtextb.ttf', name='Myanmar Text', style='normal', variant='normal', weight=700, stretch='normal', size='scalable')) = 10.05
2025-08-03 03:19:20,181 - matplotlib.font_manager - DEBUG - findfont: score(FontEntry(fname='C:\\Windows\\Fonts\\ariblk.ttf', name='Arial', style='normal', variant='normal', weight=900, stretch='normal', size='scalable')) = 6.6036363636363635
2025-08-03 03:19:20,182 - matplotlib.font_manager - DEBUG - findfont: score(FontEntry(fname='C:\\Windows\\Fonts\\ITCKRIST.TTF', name='Kristen ITC', style='normal', variant='normal', weight=400, stretch='normal', size='scalable')) = 10.335
2025-08-03 03:19:20,183 - matplotlib.font_manager - DEBUG - findfont: score(FontEntry(fname='C:\\Windows\\Fonts\\Candarab.ttf', name='Candara', style='normal', variant='normal', weight=700, stretch='normal', size='scalable')) = 10.05
2025-08-03 03:19:20,183 - matplotlib.font_manager - DEBUG - findfont: score(FontEntry(fname='C:\\Windows\\Fonts\\malgun.ttf', name='Malgun Gothic', style='normal', variant='normal', weight=400, stretch='normal', size='scalable')) = 10.335
2025-08-03 03:19:20,184 - matplotlib.font_manager - DEBUG - findfont: score(FontEntry(fname='C:\\Windows\\Fonts\\constan.ttf', name='Constantia', style='normal', variant='normal', weight=400, stretch='normal', size='scalable')) = 10.335
2025-08-03 03:19:20,185 - matplotlib.font_manager - DEBUG - findfont: score(FontEntry(fname='C:\\Windows\\Fonts\\FRSCRIPT.TTF', name='French Script MT', style='normal', variant='normal', weight=400, stretch='normal', size='scalable')) = 10.335
2025-08-03 03:19:20,185 - matplotlib.font_manager - DEBUG - findfont: score(FontEntry(fname='C:\\Windows\\Fonts\\monbaiti.ttf', name='Mongolian Baiti', style='normal', variant='normal', weight=400, stretch='normal', size='scalable')) = 10.335
2025-08-03 03:19:20,192 - matplotlib.font_manager - DEBUG - findfont: score(FontEntry(fname='C:\\Windows\\Fonts\\JUICE___.TTF', name='Juice ITC', style='normal', variant='normal', weight=400, stretch='normal', size='scalable')) = 10.335
2025-08-03 03:19:20,195 - matplotlib.font_manager - DEBUG - findfont: score(FontEntry(fname='C:\\Windows\\Fonts\\TEMPSITC.TTF', name='Tempus Sans ITC', style='normal', variant='normal', weight=400, stretch='normal', size='scalable')) = 10.335
2025-08-03 03:19:20,196 - matplotlib.font_manager - DEBUG - findfont: score(FontEntry(fname='C:\\Windows\\Fonts\\SansSerifCollection.ttf', name='Sans Serif Collection', style='normal', variant='normal', weight=400, stretch='normal', size='scalable')) = 10.335
2025-08-03 03:19:20,197 - matplotlib.font_manager - DEBUG - findfont: score(FontEntry(fname='C:\\Windows\\Fonts\\ARIALN.TTF', name='Arial', style='normal', variant='normal', weight=400, stretch='condensed', size='scalable')) = 6.8986363636363635
2025-08-03 03:19:20,198 - matplotlib.font_manager - DEBUG - findfont: score(FontEntry(fname='C:\\Windows\\Fonts\\simsunb.ttf', name='SimSun-ExtB', style='normal', variant='normal', weight=400, stretch='normal', size='scalable')) = 10.335
2025-08-03 03:19:20,198 - matplotlib.font_manager - DEBUG - findfont: score(FontEntry(fname='C:\\Windows\\Fonts\\YuGothM.ttc', name='Yu Gothic', style='normal', variant='normal', weight=500, stretch='normal', size='scalable')) = 10.24
2025-08-03 03:19:20,199 - matplotlib.font_manager - DEBUG - findfont: score(FontEntry(fname='C:\\Windows\\Fonts\\SitkaVF.ttf', name='Sitka', style='normal', variant='normal', weight=400, stretch='normal', size='scalable')) = 10.335
2025-08-03 03:19:20,200 - matplotlib.font_manager - DEBUG - findfont: score(FontEntry(fname='C:\\Windows\\Fonts\\arialbd.ttf', name='Arial', style='normal', variant='normal', weight=700, stretch='normal', size='scalable')) = 6.413636363636363
2025-08-03 03:19:20,200 - matplotlib.font_manager - DEBUG - findfont: score(FontEntry(fname='C:\\Windows\\Fonts\\cambriab.ttf', name='Cambria', style='normal', variant='normal', weight=700, stretch='normal', size='scalable')) = 10.05
2025-08-03 03:19:20,201 - matplotlib.font_manager - DEBUG - findfont: score(FontEntry(fname='C:\\Windows\\Fonts\\BOOKOS.TTF', name='Bookman Old Style', style='normal', variant='normal', weight=300, stretch='normal', size='scalable')) = 10.43
2025-08-03 03:19:20,202 - matplotlib.font_manager - DEBUG - findfont: score(FontEntry(fname='C:\\Windows\\Fonts\\MTCORSVA.TTF', name='Monotype Corsiva', style='normal', variant='normal', weight=400, stretch='normal', size='scalable')) = 10.335
2025-08-03 03:19:20,215 - matplotlib.font_manager - DEBUG - findfont: score(FontEntry(fname='C:\\Windows\\Fonts\\BRADHITC.TTF', name='Bradley Hand ITC', style='normal', variant='normal', weight=400, stretch='normal', size='scalable')) = 10.335
2025-08-03 03:19:20,216 - matplotlib.font_manager - DEBUG - findfont: score(FontEntry(fname='C:\\Windows\\Fonts\\calibriz.ttf', name='Calibri', style='italic', variant='normal', weight=700, stretch='normal', size='scalable')) = 11.05
2025-08-03 03:19:20,218 - matplotlib.font_manager - DEBUG - findfont: score(FontEntry(fname='C:\\Windows\\Fonts\\seguili.ttf', name='Segoe UI', style='italic', variant='normal', weight=300, stretch='normal', size='scalable')) = 11.43
2025-08-03 03:19:20,223 - matplotlib.font_manager - DEBUG - findfont: score(FontEntry(fname='C:\\Windows\\Fonts\\javatext.ttf', name='Javanese Text', style='normal', variant='normal', weight=400, stretch='normal', size='scalable')) = 10.335
2025-08-03 03:19:20,235 - matplotlib.font_manager - DEBUG - findfont: score(FontEntry(fname='C:\\Windows\\Fonts\\framdit.ttf', name='Franklin Gothic Medium', style='italic', variant='normal', weight=400, stretch='normal', size='scalable')) = 11.335
2025-08-03 03:19:20,247 - matplotlib.font_manager - DEBUG - findfont: score(FontEntry(fname='C:\\Windows\\Fonts\\GARA.TTF', name='Garamond', style='normal', variant='normal', weight=400, stretch='normal', size='scalable')) = 10.335
2025-08-03 03:19:20,248 - matplotlib.font_manager - DEBUG - findfont: score(FontEntry(fname='C:\\Windows\\Fonts\\GARAIT.TTF', name='Garamond', style='italic', variant='normal', weight=400, stretch='normal', size='scalable')) = 11.335
2025-08-03 03:19:20,249 - matplotlib.font_manager - DEBUG - findfont: score(FontEntry(fname='C:\\Windows\\Fonts\\pala.ttf', name='Palatino Linotype', style='normal', variant='normal', weight=400, stretch='normal', size='scalable')) = 10.335
2025-08-03 03:19:20,250 - matplotlib.font_manager - DEBUG - findfont: score(FontEntry(fname='C:\\Windows\\Fonts\\constanz.ttf', name='Constantia', style='italic', variant='normal', weight=700, stretch='normal', size='scalable')) = 11.05
2025-08-03 03:19:20,251 - matplotlib.font_manager - DEBUG - findfont: score(FontEntry(fname='C:\\Windows\\Fonts\\trebucit.ttf', name='Trebuchet MS', style='italic', variant='normal', weight=400, stretch='normal', size='scalable')) = 11.335
2025-08-03 03:19:20,251 - matplotlib.font_manager - DEBUG - findfont: score(FontEntry(fname='C:\\Windows\\Fonts\\segoeuiz.ttf', name='Segoe UI', style='italic', variant='normal', weight=700, stretch='normal', size='scalable')) = 11.05
2025-08-03 03:19:20,252 - matplotlib.font_manager - DEBUG - findfont: score(FontEntry(fname='C:\\Windows\\Fonts\\PRISTINA.TTF', name='Pristina', style='normal', variant='normal', weight=400, stretch='normal', size='scalable')) = 10.335
2025-08-03 03:19:20,252 - matplotlib.font_manager - DEBUG - findfont: score(FontEntry(fname='C:\\Windows\\Fonts\\DUBAI-BOLD.TTF', name='Dubai', style='normal', variant='normal', weight=700, stretch='normal', size='scalable')) = 10.05
2025-08-03 03:19:20,253 - matplotlib.font_manager - DEBUG - findfont: score(FontEntry(fname='C:\\Windows\\Fonts\\segoeuii.ttf', name='Segoe UI', style='italic', variant='normal', weight=400, stretch='normal', size='scalable')) = 11.335
2025-08-03 03:19:20,258 - matplotlib.font_manager - DEBUG - findfont: score(FontEntry(fname='C:\\Windows\\Fonts\\PAPYRUS.TTF', name='Papyrus', style='normal', variant='normal', weight=400, stretch='normal', size='scalable')) = 10.335
2025-08-03 03:19:20,260 - matplotlib.font_manager - DEBUG - findfont: score(FontEntry(fname='C:\\Windows\\Fonts\\ntailu.ttf', name='Microsoft New Tai Lue', style='normal', variant='normal', weight=400, stretch='normal', size='scalable')) = 10.335
2025-08-03 03:19:20,261 - matplotlib.font_manager - DEBUG - findfont: score(FontEntry(fname='C:\\Windows\\Fonts\\ANTQUABI.TTF', name='Book Antiqua', style='italic', variant='normal', weight=700, stretch='normal', size='scalable')) = 11.05
2025-08-03 03:19:20,262 - matplotlib.font_manager - DEBUG - findfont: score(FontEntry(fname='C:\\Windows\\Fonts\\corbell.ttf', name='Corbel', style='normal', variant='normal', weight=300, stretch='normal', size='scalable')) = 10.43
2025-08-03 03:19:20,263 - matplotlib.font_manager - DEBUG - findfont: score(FontEntry(fname='C:\\Windows\\Fonts\\gadugi.ttf', name='Gadugi', style='normal', variant='normal', weight=400, stretch='normal', size='scalable')) = 10.335
2025-08-03 03:19:20,263 - matplotlib.font_manager - DEBUG - findfont: score(FontEntry(fname='C:\\Windows\\Fonts\\seguisym.ttf', name='Segoe UI Symbol', style='normal', variant='normal', weight=400, stretch='normal', size='scalable')) = 10.335
2025-08-03 03:19:20,265 - matplotlib.font_manager - DEBUG - findfont: score(FontEntry(fname='C:\\Windows\\Fonts\\couri.ttf', name='Courier New', style='italic', variant='normal', weight=400, stretch='normal', size='scalable')) = 11.335
2025-08-03 03:19:20,265 - matplotlib.font_manager - DEBUG - findfont: score(FontEntry(fname='C:\\Windows\\Fonts\\cambriai.ttf', name='Cambria', style='italic', variant='normal', weight=400, stretch='normal', size='scalable')) = 11.335
2025-08-03 03:19:20,266 - matplotlib.font_manager - DEBUG - findfont: score(FontEntry(fname='C:\\Windows\\Fonts\\ntailub.ttf', name='Microsoft New Tai Lue', style='normal', variant='normal', weight=700, stretch='normal', size='scalable')) = 10.05
2025-08-03 03:19:20,267 - matplotlib.font_manager - DEBUG - findfont: score(FontEntry(fname='C:\\Windows\\Fonts\\msgothic.ttc', name='MS Gothic', style='normal', variant='normal', weight=400, stretch='normal', size='scalable')) = 10.335
2025-08-03 03:19:20,267 - matplotlib.font_manager - DEBUG - findfont: score(FontEntry(fname='C:\\Windows\\Fonts\\Gabriola.ttf', name='Gabriola', style='normal', variant='normal', weight=400, stretch='normal', size='scalable')) = 10.335
2025-08-03 03:19:20,268 - matplotlib.font_manager - DEBUG - findfont: score(FontEntry(fname='C:\\Windows\\Fonts\\segoeuisl.ttf', name='Segoe UI', style='normal', variant='normal', weight=350, stretch='normal', size='scalable')) = 10.3825
2025-08-03 03:19:20,268 - matplotlib.font_manager - DEBUG - findfont: score(FontEntry(fname='C:\\Windows\\Fonts\\GOTHIC.TTF', name='Century Gothic', style='normal', variant='normal', weight=400, stretch='normal', size='scalable')) = 10.335
2025-08-03 03:19:20,269 - matplotlib.font_manager - DEBUG - findfont: score(FontEntry(fname='C:\\Windows\\Fonts\\LEELAWAD.TTF', name='Leelawadee', style='normal', variant='normal', weight=400, stretch='normal', size='scalable')) = 10.335
2025-08-03 03:19:20,270 - matplotlib.font_manager - DEBUG - findfont: score(FontEntry(fname='C:\\Windows\\Fonts\\malgunsl.ttf', name='Malgun Gothic', style='normal', variant='normal', weight=300, stretch='normal', size='scalable')) = 10.43
2025-08-03 03:19:20,277 - matplotlib.font_manager - DEBUG - findfont: score(FontEntry(fname='C:\\Windows\\Fonts\\trebucbi.ttf', name='Trebuchet MS', style='italic', variant='normal', weight=700, stretch='normal', size='scalable')) = 11.05
2025-08-03 03:19:20,277 - matplotlib.font_manager - DEBUG - findfont: score(FontEntry(fname='C:\\Windows\\Fonts\\FREESCPT.TTF', name='Freestyle Script', style='normal', variant='normal', weight=400, stretch='normal', size='scalable')) = 10.335
2025-08-03 03:19:20,278 - matplotlib.font_manager - DEBUG - findfont: score(FontEntry(fname='C:\\Windows\\Fonts\\MSUIGHUB.TTF', name='Microsoft Uighur', style='normal', variant='normal', weight=700, stretch='normal', size='scalable')) = 10.05
2025-08-03 03:19:20,279 - matplotlib.font_manager - DEBUG - findfont: score(FontEntry(fname='C:\\Windows\\Fonts\\segmdl2.ttf', name='Segoe MDL2 Assets', style='normal', variant='normal', weight=400, stretch='normal', size='scalable')) = 10.335
2025-08-03 03:19:20,279 - matplotlib.font_manager - DEBUG - findfont: score(FontEntry(fname='C:\\Windows\\Fonts\\seguisbi.ttf', name='Segoe UI', style='italic', variant='normal', weight=600, stretch='normal', size='scalable')) = 11.145
2025-08-03 03:19:20,282 - matplotlib.font_manager - DEBUG - findfont: score(FontEntry(fname='C:\\Windows\\Fonts\\simsun.ttc', name='SimSun', style='normal', variant='normal', weight=400, stretch='normal', size='scalable')) = 10.335
2025-08-03 03:19:20,283 - matplotlib.font_manager - DEBUG - findfont: score(FontEntry(fname='C:\\Windows\\Fonts\\palabi.ttf', name='Palatino Linotype', style='italic', variant='normal', weight=700, stretch='normal', size='scalable')) = 11.05
2025-08-03 03:19:20,284 - matplotlib.font_manager - DEBUG - findfont: score(FontEntry(fname='C:\\Windows\\Fonts\\LeelaUIb.ttf', name='Leelawadee UI', style='normal', variant='normal', weight=700, stretch='normal', size='scalable')) = 10.05
2025-08-03 03:19:20,284 - matplotlib.font_manager - DEBUG - findfont: score(FontEntry(fname='C:\\Windows\\Fonts\\courbi.ttf', name='Courier New', style='italic', variant='normal', weight=700, stretch='normal', size='scalable')) = 11.05
2025-08-03 03:19:20,285 - matplotlib.font_manager - DEBUG - findfont: score(FontEntry(fname='C:\\Windows\\Fonts\\msyi.ttf', name='Microsoft Yi Baiti', style='normal', variant='normal', weight=400, stretch='normal', size='scalable')) = 10.335
2025-08-03 03:19:20,286 - matplotlib.font_manager - DEBUG - findfont: score(FontEntry(fname='C:\\Windows\\Fonts\\CascadiaMono.ttf', name='Cascadia Mono', style='normal', variant='normal', weight=400, stretch='normal', size='scalable')) = 10.335
2025-08-03 03:19:20,286 - matplotlib.font_manager - DEBUG - findfont: score(FontEntry(fname='C:\\Windows\\Fonts\\mmrtext.ttf', name='Myanmar Text', style='normal', variant='normal', weight=400, stretch='normal', size='scalable')) = 10.335
2025-08-03 03:19:20,291 - matplotlib.font_manager - DEBUG - findfont: score(FontEntry(fname='C:\\Windows\\Fonts\\times.ttf', name='Times New Roman', style='normal', variant='normal', weight=400, stretch='normal', size='scalable')) = 10.335
2025-08-03 03:19:20,293 - matplotlib.font_manager - DEBUG - findfont: score(FontEntry(fname='C:\\Windows\\Fonts\\Candarai.ttf', name='Candara', style='italic', variant='normal', weight=400, stretch='normal', size='scalable')) = 11.335
2025-08-03 03:19:20,294 - matplotlib.font_manager - DEBUG - findfont: score(FontEntry(fname='C:\\Windows\\Fonts\\WINGDNG2.TTF', name='Wingdings 2', style='normal', variant='normal', weight=400, stretch='normal', size='scalable')) = 10.335
2025-08-03 03:19:20,295 - matplotlib.font_manager - DEBUG - findfont: score(FontEntry(fname='C:\\Windows\\Fonts\\Candara.ttf', name='Candara', style='normal', variant='normal', weight=400, stretch='normal', size='scalable')) = 10.335
2025-08-03 03:19:20,296 - matplotlib.font_manager - DEBUG - findfont: score(FontEntry(fname='C:\\Windows\\Fonts\\consolab.ttf', name='Consolas', style='normal', variant='normal', weight=700, stretch='normal', size='scalable')) = 10.05
2025-08-03 03:19:20,297 - matplotlib.font_manager - DEBUG - findfont: score(FontEntry(fname='C:\\Windows\\Fonts\\SitkaVF-Italic.ttf', name='Sitka', style='italic', variant='normal', weight=400, stretch='normal', size='scalable')) = 11.335
2025-08-03 03:19:20,298 - matplotlib.font_manager - DEBUG - findfont: score(FontEntry(fname='C:\\Windows\\Fonts\\tahoma.ttf', name='Tahoma', style='normal', variant='normal', weight=400, stretch='normal', size='scalable')) = 10.335
2025-08-03 03:19:20,298 - matplotlib.font_manager - DEBUG - findfont: score(FontEntry(fname='C:\\Windows\\Fonts\\bahnschrift.ttf', name='Bahnschrift', style='normal', variant='normal', weight=400, stretch='normal', size='scalable')) = 10.335
2025-08-03 03:19:20,299 - matplotlib.font_manager - DEBUG - findfont: score(FontEntry(fname='C:\\Windows\\Fonts\\BOOKOSBI.TTF', name='Bookman Old Style', style='italic', variant='normal', weight=600, stretch='normal', size='scalable')) = 11.145
2025-08-03 03:19:20,299 - matplotlib.font_manager - DEBUG - findfont: score(FontEntry(fname='C:\\Windows\\Fonts\\timesbi.ttf', name='Times New Roman', style='italic', variant='normal', weight=700, stretch='normal', size='scalable')) = 11.05
2025-08-03 03:19:20,300 - matplotlib.font_manager - DEBUG - findfont: score(FontEntry(fname='C:\\Windows\\Fonts\\GOTHICB.TTF', name='Century Gothic', style='normal', variant='normal', weight=700, stretch='normal', size='scalable')) = 10.05
2025-08-03 03:19:20,301 - matplotlib.font_manager - DEBUG - findfont: score(FontEntry(fname='C:\\Windows\\Fonts\\MTEXTRA.TTF', name='MT Extra', style='normal', variant='normal', weight=400, stretch='normal', size='scalable')) = 10.335
2025-08-03 03:19:20,301 - matplotlib.font_manager - DEBUG - findfont: score(FontEntry(fname='C:\\Windows\\Fonts\\HATTEN.TTF', name='Haettenschweiler', style='normal', variant='normal', weight=400, stretch='normal', size='scalable')) = 10.335
2025-08-03 03:19:20,302 - matplotlib.font_manager - DEBUG - findfont: score(FontEntry(fname='C:\\Windows\\Fonts\\ANTQUAB.TTF', name='Book Antiqua', style='normal', variant='normal', weight=700, stretch='normal', size='scalable')) = 10.05
2025-08-03 03:19:20,303 - matplotlib.font_manager - DEBUG - findfont: score(FontEntry(fname='C:\\Windows\\Fonts\\constanb.ttf', name='Constantia', style='normal', variant='normal', weight=700, stretch='normal', size='scalable')) = 10.05
2025-08-03 03:19:20,306 - matplotlib.font_manager - DEBUG - findfont: score(FontEntry(fname='C:\\Windows\\Fonts\\DUBAI-REGULAR.TTF', name='Dubai', style='normal', variant='normal', weight=400, stretch='normal', size='scalable')) = 10.335
2025-08-03 03:19:20,309 - matplotlib.font_manager - DEBUG - findfont: score(FontEntry(fname='C:\\Windows\\Fonts\\REFSAN.TTF', name='MS Reference Sans Serif', style='normal', variant='normal', weight=400, stretch='normal', size='scalable')) = 10.335
2025-08-03 03:19:20,310 - matplotlib.font_manager - DEBUG - findfont: score(FontEntry(fname='C:\\Windows\\Fonts\\consolai.ttf', name='Consolas', style='italic', variant='normal', weight=400, stretch='normal', size='scalable')) = 11.335
2025-08-03 03:19:20,311 - matplotlib.font_manager - DEBUG - findfont: score(FontEntry(fname='C:\\Windows\\Fonts\\LeelUIsl.ttf', name='Leelawadee UI', style='normal', variant='normal', weight=350, stretch='normal', size='scalable')) = 10.3825
2025-08-03 03:19:20,312 - matplotlib.font_manager - DEBUG - findfont: score(FontEntry(fname='C:\\Windows\\Fonts\\comicz.ttf', name='Comic Sans MS', style='italic', variant='normal', weight=700, stretch='normal', size='scalable')) = 11.05
2025-08-03 03:19:20,312 - matplotlib.font_manager - DEBUG - findfont: score(FontEntry(fname='C:\\Windows\\Fonts\\msyh.ttc', name='Microsoft YaHei', style='normal', variant='normal', weight=400, stretch='normal', size='scalable')) = 10.335
2025-08-03 03:19:20,313 - matplotlib.font_manager - DEBUG - findfont: score(FontEntry(fname='C:\\Windows\\Fonts\\Candaral.ttf', name='Candara', style='normal', variant='normal', weight=400, stretch='normal', size='scalable')) = 10.335
2025-08-03 03:19:20,313 - matplotlib.font_manager - DEBUG - findfont: score(FontEntry(fname='C:\\Windows\\Fonts\\msyhbd.ttc', name='Microsoft YaHei', style='normal', variant='normal', weight=700, stretch='normal', size='scalable')) = 10.05
2025-08-03 03:19:20,314 - matplotlib.font_manager - DEBUG - findfont: score(FontEntry(fname='C:\\Windows\\Fonts\\SimsunExtG.ttf', name='SimSun-ExtG', style='normal', variant='normal', weight=400, stretch='normal', size='scalable')) = 10.335
2025-08-03 03:19:20,315 - matplotlib.font_manager - DEBUG - findfont: score(FontEntry(fname='C:\\Windows\\Fonts\\seguihis.ttf', name='Segoe UI Historic', style='normal', variant='normal', weight=400, stretch='normal', size='scalable')) = 10.335
2025-08-03 03:19:20,315 - matplotlib.font_manager - DEBUG - findfont: score(FontEntry(fname='C:\\Windows\\Fonts\\lucon.ttf', name='Lucida Console', style='normal', variant='normal', weight=400, stretch='normal', size='scalable')) = 10.335
2025-08-03 03:19:20,316 - matplotlib.font_manager - DEBUG - findfont: score(FontEntry(fname='C:\\Windows\\Fonts\\YuGothB.ttc', name='Yu Gothic', style='normal', variant='normal', weight=700, stretch='normal', size='scalable')) = 10.05
2025-08-03 03:19:20,316 - matplotlib.font_manager - DEBUG - findfont: score(FontEntry(fname='C:\\Windows\\Fonts\\seguisb.ttf', name='Segoe UI', style='normal', variant='normal', weight=600, stretch='normal', size='scalable')) = 10.145
2025-08-03 03:19:20,317 - matplotlib.font_manager - DEBUG - findfont: score(FontEntry(fname='C:\\Windows\\Fonts\\ARIALNB.TTF', name='Arial', style='normal', variant='normal', weight=700, stretch='condensed', size='scalable')) = 6.613636363636363
2025-08-03 03:19:20,318 - matplotlib.font_manager - DEBUG - findfont: score(FontEntry(fname='C:\\Windows\\Fonts\\calibrili.ttf', name='Calibri', style='italic', variant='normal', weight=300, stretch='normal', size='scalable')) = 11.43
2025-08-03 03:19:20,318 - matplotlib.font_manager - DEBUG - findfont: score(FontEntry(fname='C:\\Windows\\Fonts\\MISTRAL.TTF', name='Mistral', style='normal', variant='normal', weight=400, stretch='normal', size='scalable')) = 10.335
2025-08-03 03:19:20,319 - matplotlib.font_manager - DEBUG - findfont: score(FontEntry(fname='C:\\Windows\\Fonts\\taile.ttf', name='Microsoft Tai Le', style='normal', variant='normal', weight=400, stretch='normal', size='scalable')) = 10.335
2025-08-03 03:19:20,319 - matplotlib.font_manager - DEBUG - findfont: score(FontEntry(fname='C:\\Windows\\Fonts\\consolaz.ttf', name='Consolas', style='italic', variant='normal', weight=700, stretch='normal', size='scalable')) = 11.05
2025-08-03 03:19:20,320 - matplotlib.font_manager - DEBUG - findfont: score(FontEntry(fname='C:\\Windows\\Fonts\\tahomabd.ttf', name='Tahoma', style='normal', variant='normal', weight=700, stretch='normal', size='scalable')) = 10.05
2025-08-03 03:19:20,324 - matplotlib.font_manager - DEBUG - findfont: score(FontEntry(fname='C:\\Windows\\Fonts\\seguiemj.ttf', name='Segoe UI Emoji', style='normal', variant='normal', weight=400, stretch='normal', size='scalable')) = 10.335
2025-08-03 03:19:20,326 - matplotlib.font_manager - DEBUG - findfont: score(FontEntry(fname='C:\\Windows\\Fonts\\corbeli.ttf', name='Corbel', style='italic', variant='normal', weight=400, stretch='normal', size='scalable')) = 11.335
2025-08-03 03:19:20,328 - matplotlib.font_manager - DEBUG - findfont: score(FontEntry(fname='C:\\Windows\\Fonts\\segoepr.ttf', name='Segoe Print', style='normal', variant='normal', weight=400, stretch='normal', size='scalable')) = 10.335
2025-08-03 03:19:20,329 - matplotlib.font_manager - DEBUG - findfont: score(FontEntry(fname='C:\\Windows\\Fonts\\SegUIVar.ttf', name='Segoe UI Variable', style='normal', variant='normal', weight=400, stretch='normal', size='scalable')) = 10.335
2025-08-03 03:19:20,330 - matplotlib.font_manager - DEBUG - findfont: score(FontEntry(fname='C:\\Windows\\Fonts\\seguibli.ttf', name='Segoe UI', style='italic', variant='normal', weight=900, stretch='normal', size='scalable')) = 11.24
2025-08-03 03:19:20,330 - matplotlib.font_manager - DEBUG - findfont: score(FontEntry(fname='C:\\Windows\\Fonts\\arial.ttf', name='Arial', style='normal', variant='normal', weight=400, stretch='normal', size='scalable')) = 6.698636363636363
2025-08-03 03:19:20,331 - matplotlib.font_manager - DEBUG - findfont: score(FontEntry(fname='C:\\Windows\\Fonts\\ARIALNBI.TTF', name='Arial', style='italic', variant='normal', weight=700, stretch='condensed', size='scalable')) = 7.613636363636363
2025-08-03 03:19:20,331 - matplotlib.font_manager - DEBUG - findfont: score(FontEntry(fname='C:\\Windows\\Fonts\\courbd.ttf', name='Courier New', style='normal', variant='normal', weight=700, stretch='normal', size='scalable')) = 10.05
2025-08-03 03:19:20,332 - matplotlib.font_manager - DEBUG - findfont: score(FontEntry(fname='C:\\Windows\\Fonts\\Candarali.ttf', name='Candara', style='italic', variant='normal', weight=400, stretch='normal', size='scalable')) = 11.335
2025-08-03 03:19:20,333 - matplotlib.font_manager - DEBUG - findfont: score(FontEntry(fname='C:\\Windows\\Fonts\\corbelli.ttf', name='Corbel', style='italic', variant='normal', weight=300, stretch='normal', size='scalable')) = 11.43
2025-08-03 03:19:20,333 - matplotlib.font_manager - DEBUG - findfont: score(FontEntry(fname='C:\\Windows\\Fonts\\corbel.ttf', name='Corbel', style='normal', variant='normal', weight=400, stretch='normal', size='scalable')) = 10.335
2025-08-03 03:19:20,334 - matplotlib.font_manager - DEBUG - findfont: score(FontEntry(fname='C:\\Windows\\Fonts\\BOOKOSB.TTF', name='Bookman Old Style', style='normal', variant='normal', weight=600, stretch='normal', size='scalable')) = 10.145
2025-08-03 03:19:20,334 - matplotlib.font_manager - DEBUG - findfont: score(FontEntry(fname='C:\\Windows\\Fonts\\seguisli.ttf', name='Segoe UI', style='italic', variant='normal', weight=350, stretch='normal', size='scalable')) = 11.3825
2025-08-03 03:19:20,335 - matplotlib.font_manager - DEBUG - findfont: score(FontEntry(fname='C:\\Windows\\Fonts\\symbol.ttf', name='Symbol', style='normal', variant='normal', weight=400, stretch='normal', size='scalable')) = 10.335
2025-08-03 03:19:20,335 - matplotlib.font_manager - DEBUG - findfont: score(FontEntry(fname='C:\\Windows\\Fonts\\ariali.ttf', name='Arial', style='italic', variant='normal', weight=400, stretch='normal', size='scalable')) = 7.698636363636363
2025-08-03 03:19:20,335 - matplotlib.font_manager - DEBUG - findfont: score(FontEntry(fname='C:\\Windows\\Fonts\\timesi.ttf', name='Times New Roman', style='italic', variant='normal', weight=400, stretch='normal', size='scalable')) = 11.335
2025-08-03 03:19:20,336 - matplotlib.font_manager - DEBUG - findfont: score(FontEntry(fname='C:\\Windows\\Fonts\\cambriaz.ttf', name='Cambria', style='italic', variant='normal', weight=700, stretch='normal', size='scalable')) = 11.05
2025-08-03 03:19:20,337 - matplotlib.font_manager - DEBUG - findfont: score(FontEntry(fname='C:\\Windows\\Fonts\\REFSPCL.TTF', name='MS Reference Specialty', style='normal', variant='normal', weight=400, stretch='normal', size='scalable')) = 10.335
2025-08-03 03:19:20,340 - matplotlib.font_manager - DEBUG - findfont: score(FontEntry(fname='C:\\Windows\\Fonts\\segoeui.ttf', name='Segoe UI', style='normal', variant='normal', weight=400, stretch='normal', size='scalable')) = 10.335
2025-08-03 03:19:20,343 - matplotlib.font_manager - DEBUG - findfont: score(FontEntry(fname='C:\\Windows\\Fonts\\ARIALNI.TTF', name='Arial', style='italic', variant='normal', weight=400, stretch='condensed', size='scalable')) = 7.8986363636363635
2025-08-03 03:19:20,344 - matplotlib.font_manager - DEBUG - findfont: score(FontEntry(fname='C:\\Windows\\Fonts\\Inkfree.ttf', name='Ink Free', style='normal', variant='normal', weight=400, stretch='normal', size='scalable')) = 10.335
2025-08-03 03:19:20,344 - matplotlib.font_manager - DEBUG - findfont: score(FontEntry(fname='C:\\Windows\\Fonts\\DUBAI-MEDIUM.TTF', name='Dubai', style='normal', variant='normal', weight=500, stretch='normal', size='scalable')) = 10.24
2025-08-03 03:19:20,345 - matplotlib.font_manager - DEBUG - findfont: score(FontEntry(fname='C:\\Windows\\Fonts\\comicbd.ttf', name='Comic Sans MS', style='normal', variant='normal', weight=700, stretch='normal', size='scalable')) = 10.05
2025-08-03 03:19:20,346 - matplotlib.font_manager - DEBUG - findfont: score(FontEntry(fname='C:\\Windows\\Fonts\\YuGothL.ttc', name='Yu Gothic', style='normal', variant='normal', weight=300, stretch='normal', size='scalable')) = 10.43
2025-08-03 03:19:20,346 - matplotlib.font_manager - DEBUG - findfont: score(FontEntry(fname='C:\\Windows\\Fonts\\webdings.ttf', name='Webdings', style='normal', variant='normal', weight=400, stretch='normal', size='scalable')) = 10.335
2025-08-03 03:19:20,347 - matplotlib.font_manager - DEBUG - findfont: score(FontEntry(fname='C:\\Windows\\Fonts\\framd.ttf', name='Franklin Gothic Medium', style='normal', variant='normal', weight=400, stretch='normal', size='scalable')) = 10.335
2025-08-03 03:19:20,348 - matplotlib.font_manager - DEBUG - findfont: score(FontEntry(fname='C:\\Windows\\Fonts\\msjh.ttc', name='Microsoft JhengHei', style='normal', variant='normal', weight=400, stretch='normal', size='scalable')) = 10.335
2025-08-03 03:19:20,348 - matplotlib.font_manager - DEBUG - findfont: score(FontEntry(fname='C:\\Windows\\Fonts\\l_10646.ttf', name='Lucida Sans Unicode', style='normal', variant='normal', weight=400, stretch='normal', size='scalable')) = 10.335
2025-08-03 03:19:20,349 - matplotlib.font_manager - DEBUG - findfont: score(FontEntry(fname='C:\\Windows\\Fonts\\LHANDW.TTF', name='Lucida Handwriting', style='italic', variant='normal', weight=400, stretch='normal', size='scalable')) = 11.335
2025-08-03 03:19:20,349 - matplotlib.font_manager - DEBUG - findfont: score(FontEntry(fname='C:\\Windows\\Fonts\\trebucbd.ttf', name='Trebuchet MS', style='normal', variant='normal', weight=700, stretch='normal', size='scalable')) = 10.05
2025-08-03 03:19:20,350 - matplotlib.font_manager - DEBUG - findfont: score(FontEntry(fname='C:\\Windows\\Fonts\\segoesc.ttf', name='Segoe Script', style='normal', variant='normal', weight=400, stretch='normal', size='scalable')) = 10.335
2025-08-03 03:19:20,350 - matplotlib.font_manager - DEBUG - findfont: score(FontEntry(fname='C:\\Windows\\Fonts\\MSUIGHUR.TTF', name='Microsoft Uighur', style='normal', variant='normal', weight=400, stretch='normal', size='scalable')) = 10.335
2025-08-03 03:19:20,351 - matplotlib.font_manager - DEBUG - findfont: score(FontEntry(fname='C:\\Windows\\Fonts\\CascadiaCode.ttf', name='Cascadia Code', style='normal', variant='normal', weight=400, stretch='normal', size='scalable')) = 10.335
2025-08-03 03:19:20,351 - matplotlib.font_manager - DEBUG - findfont: score(FontEntry(fname='C:\\Windows\\Fonts\\comic.ttf', name='Comic Sans MS', style='normal', variant='normal', weight=400, stretch='normal', size='scalable')) = 10.335
2025-08-03 03:19:20,352 - matplotlib.font_manager - DEBUG - findfont: score(FontEntry(fname='C:\\Windows\\Fonts\\GOTHICI.TTF', name='Century Gothic', style='italic', variant='normal', weight=400, stretch='normal', size='scalable')) = 11.335
2025-08-03 03:19:20,352 - matplotlib.font_manager - DEBUG - findfont: score(FontEntry(fname='C:\\Windows\\Fonts\\SegoeIcons.ttf', name='Segoe Fluent Icons', style='normal', variant='normal', weight=400, stretch='normal', size='scalable')) = 10.335
2025-08-03 03:19:20,356 - matplotlib.font_manager - DEBUG - findfont: score(FontEntry(fname='C:\\Windows\\Fonts\\verdanaz.ttf', name='Verdana', style='italic', variant='normal', weight=700, stretch='normal', size='scalable')) = 4.6863636363636365
2025-08-03 03:19:20,359 - matplotlib.font_manager - DEBUG - findfont: score(FontEntry(fname='C:\\Windows\\Fonts\\cour.ttf', name='Courier New', style='normal', variant='normal', weight=400, stretch='normal', size='scalable')) = 10.335
2025-08-03 03:19:20,360 - matplotlib.font_manager - DEBUG - findfont: score(FontEntry(fname='C:\\Windows\\Fonts\\BOOKOSI.TTF', name='Bookman Old Style', style='italic', variant='normal', weight=300, stretch='normal', size='scalable')) = 11.43
2025-08-03 03:19:20,361 - matplotlib.font_manager - DEBUG - findfont: score(FontEntry(fname='C:\\Windows\\Fonts\\mingliub.ttc', name='MingLiU-ExtB', style='normal', variant='normal', weight=400, stretch='normal', size='scalable')) = 10.335
2025-08-03 03:19:20,361 - matplotlib.font_manager - DEBUG - findfont: score(FontEntry(fname='C:\\Windows\\Fonts\\segoeuib.ttf', name='Segoe UI', style='normal', variant='normal', weight=700, stretch='normal', size='scalable')) = 10.05
2025-08-03 03:19:20,362 - matplotlib.font_manager - DEBUG - findfont: score(FontEntry(fname='C:\\Windows\\Fonts\\taileb.ttf', name='Microsoft Tai Le', style='normal', variant='normal', weight=700, stretch='normal', size='scalable')) = 10.05
2025-08-03 03:19:20,363 - matplotlib.font_manager - DEBUG - findfont: score(FontEntry(fname='C:\\Windows\\Fonts\\calibrib.ttf', name='Calibri', style='normal', variant='normal', weight=700, stretch='normal', size='scalable')) = 10.05
2025-08-03 03:19:20,363 - matplotlib.font_manager - DEBUG - findfont: score(FontEntry(fname='C:\\Windows\\Fonts\\CENTURY.TTF', name='Century', style='normal', variant='normal', weight=400, stretch='normal', size='scalable')) = 10.335
2025-08-03 03:19:20,364 - matplotlib.font_manager - DEBUG - findfont: score(FontEntry(fname='C:\\Windows\\Fonts\\Nirmala.ttc', name='Nirmala UI', style='normal', variant='normal', weight=400, stretch='normal', size='scalable')) = 10.335
2025-08-03 03:19:20,365 - matplotlib.font_manager - DEBUG - findfont: score(FontEntry(fname='C:\\Windows\\Fonts\\georgiab.ttf', name='Georgia', style='normal', variant='normal', weight=700, stretch='normal', size='scalable')) = 10.05
2025-08-03 03:19:20,365 - matplotlib.font_manager - DEBUG - findfont: score(FontEntry(fname='C:\\Windows\\Fonts\\seguibl.ttf', name='Segoe UI', style='normal', variant='normal', weight=900, stretch='normal', size='scalable')) = 10.24
2025-08-03 03:19:20,366 - matplotlib.font_manager - DEBUG - findfont: score(FontEntry(fname='C:\\Windows\\Fonts\\himalaya.ttf', name='Microsoft Himalaya', style='normal', variant='normal', weight=400, stretch='normal', size='scalable')) = 10.335
2025-08-03 03:19:20,366 - matplotlib.font_manager - DEBUG - findfont: score(FontEntry(fname='C:\\Windows\\Fonts\\WINGDNG3.TTF', name='Wingdings 3', style='normal', variant='normal', weight=400, stretch='normal', size='scalable')) = 10.335
2025-08-03 03:19:20,367 - matplotlib.font_manager - DEBUG - findfont: score(FontEntry(fname='C:\\Windows\\Fonts\\LeelawUI.ttf', name='Leelawadee UI', style='normal', variant='normal', weight=400, stretch='normal', size='scalable')) = 10.335
2025-08-03 03:19:20,367 - matplotlib.font_manager - DEBUG - findfont: score(FontEntry(fname='C:\\Windows\\Fonts\\msyhl.ttc', name='Microsoft YaHei', style='normal', variant='normal', weight=290, stretch='normal', size='scalable')) = 10.4395
2025-08-03 03:19:20,368 - matplotlib.font_manager - DEBUG - findfont: score(FontEntry(fname='C:\\Windows\\Fonts\\mvboli.ttf', name='MV Boli', style='normal', variant='normal', weight=400, stretch='normal', size='scalable')) = 10.335
2025-08-03 03:19:20,368 - matplotlib.font_manager - DEBUG - findfont: score(FontEntry(fname='C:\\Windows\\Fonts\\phagspa.ttf', name='Microsoft PhagsPa', style='normal', variant='normal', weight=400, stretch='normal', size='scalable')) = 10.335
2025-08-03 03:19:20,369 - matplotlib.font_manager - DEBUG - findfont: score(FontEntry(fname='C:\\Windows\\Fonts\\trebuc.ttf', name='Trebuchet MS', style='normal', variant='normal', weight=400, stretch='normal', size='scalable')) = 10.335
2025-08-03 03:19:20,369 - matplotlib.font_manager - DEBUG - findfont: score(FontEntry(fname='C:\\Windows\\Fonts\\GOTHICBI.TTF', name='Century Gothic', style='italic', variant='normal', weight=700, stretch='normal', size='scalable')) = 11.05
2025-08-03 03:19:20,378 - matplotlib.font_manager - DEBUG - findfont: score(FontEntry(fname='C:\\Windows\\Fonts\\phagspab.ttf', name='Microsoft PhagsPa', style='normal', variant='normal', weight=700, stretch='normal', size='scalable')) = 10.05
2025-08-03 03:19:20,379 - matplotlib.font_manager - DEBUG - findfont: score(FontEntry(fname='C:\\Windows\\Fonts\\verdanai.ttf', name='Verdana', style='italic', variant='normal', weight=400, stretch='normal', size='scalable')) = 4.971363636363637
2025-08-03 03:19:20,379 - matplotlib.font_manager - DEBUG - findfont: score(FontEntry(fname='C:\\Windows\\Fonts\\verdana.ttf', name='Verdana', style='normal', variant='normal', weight=400, stretch='normal', size='scalable')) = 3.9713636363636367
2025-08-03 03:19:20,380 - matplotlib.font_manager - DEBUG - findfont: score(FontEntry(fname='C:\\Windows\\Fonts\\verdanab.ttf', name='Verdana', style='normal', variant='normal', weight=700, stretch='normal', size='scalable')) = 3.6863636363636365
2025-08-03 03:19:20,381 - matplotlib.font_manager - DEBUG - findfont: score(FontEntry(fname='C:\\Windows\\Fonts\\msjhbd.ttc', name='Microsoft JhengHei', style='normal', variant='normal', weight=700, stretch='normal', size='scalable')) = 10.05
2025-08-03 03:19:20,381 - matplotlib.font_manager - DEBUG - findfont: score(FontEntry(fname='C:\\Windows\\Fonts\\gadugib.ttf', name='Gadugi', style='normal', variant='normal', weight=700, stretch='normal', size='scalable')) = 10.05
2025-08-03 03:19:20,382 - matplotlib.font_manager - DEBUG - findfont: score(FontEntry(fname='C:\\Windows\\Fonts\\consola.ttf', name='Consolas', style='normal', variant='normal', weight=400, stretch='normal', size='scalable')) = 10.335
2025-08-03 03:19:20,382 - matplotlib.font_manager - DEBUG - findfont: score(FontEntry(fname='C:\\Windows\\Fonts\\malgunbd.ttf', name='Malgun Gothic', style='normal', variant='normal', weight=700, stretch='normal', size='scalable')) = 10.05
2025-08-03 03:19:20,383 - matplotlib.font_manager - DEBUG - findfont: score(FontEntry(fname='C:\\Windows\\Fonts\\OUTLOOK.TTF', name='MS Outlook', style='normal', variant='normal', weight=400, stretch='normal', size='scalable')) = 10.335
2025-08-03 03:19:20,383 - matplotlib.font_manager - DEBUG - findfont: score(FontEntry(fname='C:\\Windows\\Fonts\\BSSYM7.TTF', name='Bookshelf Symbol 7', style='normal', variant='normal', weight=400, stretch='normal', size='scalable')) = 10.335
2025-08-03 03:19:20,384 - matplotlib.font_manager - DEBUG - findfont: score(FontEntry(fname='C:\\Windows\\Fonts\\ebrimabd.ttf', name='Ebrima', style='normal', variant='normal', weight=700, stretch='normal', size='scalable')) = 10.05
2025-08-03 03:19:20,385 - matplotlib.font_manager - DEBUG - findfont: score(FontEntry(fname='C:\\Windows\\Fonts\\palab.ttf', name='Palatino Linotype', style='normal', variant='normal', weight=700, stretch='normal', size='scalable')) = 10.05
2025-08-03 03:19:20,385 - matplotlib.font_manager - DEBUG - findfont: score(FontEntry(fname='C:\\Windows\\Fonts\\ANTQUAI.TTF', name='Book Antiqua', style='italic', variant='normal', weight=400, stretch='normal', size='scalable')) = 11.335
2025-08-03 03:19:20,386 - matplotlib.font_manager - DEBUG - findfont: score(FontEntry(fname='C:\\Windows\\Fonts\\calibrii.ttf', name='Calibri', style='italic', variant='normal', weight=400, stretch='normal', size='scalable')) = 11.335
2025-08-03 03:19:20,392 - matplotlib.font_manager - DEBUG - findfont: score(FontEntry(fname='C:\\Windows\\Fonts\\georgiaz.ttf', name='Georgia', style='italic', variant='normal', weight=700, stretch='normal', size='scalable')) = 11.05
2025-08-03 03:19:20,393 - matplotlib.font_manager - DEBUG - findfont: score(FontEntry(fname='C:\\Windows\\Fonts\\constani.ttf', name='Constantia', style='italic', variant='normal', weight=400, stretch='normal', size='scalable')) = 11.335
2025-08-03 03:19:20,394 - matplotlib.font_manager - DEBUG - findfont: score(FontEntry(fname='C:\\Windows\\Fonts\\wingding.ttf', name='Wingdings', style='normal', variant='normal', weight=400, stretch='normal', size='scalable')) = 10.335
2025-08-03 03:19:20,394 - matplotlib.font_manager - DEBUG - findfont: score(FontEntry(fname='C:\\Windows\\Fonts\\calibri.ttf', name='Calibri', style='normal', variant='normal', weight=400, stretch='normal', size='scalable')) = 10.335
2025-08-03 03:19:20,395 - matplotlib.font_manager - DEBUG - findfont: score(FontEntry(fname='C:\\Windows\\Fonts\\ebrima.ttf', name='Ebrima', style='normal', variant='normal', weight=400, stretch='normal', size='scalable')) = 10.335
2025-08-03 03:19:20,396 - matplotlib.font_manager - DEBUG - findfont: score(FontEntry(fname='C:\\Windows\\Fonts\\YuGothR.ttc', name='Yu Gothic', style='normal', variant='normal', weight=400, stretch='normal', size='scalable')) = 10.335
2025-08-03 03:19:20,396 - matplotlib.font_manager - DEBUG - findfont: score(FontEntry(fname='C:\\Windows\\Fonts\\segoescb.ttf', name='Segoe Script', style='normal', variant='normal', weight=700, stretch='normal', size='scalable')) = 10.05
2025-08-03 03:19:20,397 - matplotlib.font_manager - DEBUG - findfont: score(FontEntry(fname='C:\\Windows\\Fonts\\msjhl.ttc', name='Microsoft JhengHei', style='normal', variant='normal', weight=290, stretch='normal', size='scalable')) = 10.4395
2025-08-03 03:19:20,397 - matplotlib.font_manager - DEBUG - findfont: score(FontEntry(fname='C:\\Windows\\Fonts\\comici.ttf', name='Comic Sans MS', style='italic', variant='normal', weight=400, stretch='normal', size='scalable')) = 11.335
2025-08-03 03:19:20,398 - matplotlib.font_manager - DEBUG - findfont: score(FontEntry(fname='C:\\Windows\\Fonts\\sylfaen.ttf', name='Sylfaen', style='normal', variant='normal', weight=400, stretch='normal', size='scalable')) = 10.335
2025-08-03 03:19:20,399 - matplotlib.font_manager - DEBUG - findfont: score(FontEntry(fname='C:\\Windows\\Fonts\\Candaraz.ttf', name='Candara', style='italic', variant='normal', weight=700, stretch='normal', size='scalable')) = 11.05
2025-08-03 03:19:20,399 - matplotlib.font_manager - DEBUG - findfont: score(FontEntry(fname='C:\\Windows\\Fonts\\segoeuil.ttf', name='Segoe UI', style='normal', variant='normal', weight=300, stretch='normal', size='scalable')) = 10.43
2025-08-03 03:19:20,400 - matplotlib.font_manager - DEBUG - findfont: score(FontEntry(fname='C:\\Windows\\Fonts\\BKANT.TTF', name='Book Antiqua', style='normal', variant='normal', weight=400, stretch='normal', size='scalable')) = 10.335
2025-08-03 03:19:20,400 - matplotlib.font_manager - DEBUG - findfont: score(FontEntry(fname='C:\\Windows\\Fonts\\corbelz.ttf', name='Corbel', style='italic', variant='normal', weight=700, stretch='normal', size='scalable')) = 11.05
2025-08-03 03:19:20,401 - matplotlib.font_manager - DEBUG - findfont: score(FontEntry(fname='C:\\Windows\\Fonts\\DUBAI-LIGHT.TTF', name='Dubai', style='normal', variant='normal', weight=300, stretch='normal', size='scalable')) = 10.43
2025-08-03 03:19:20,401 - matplotlib.font_manager - DEBUG - findfont: score(FontEntry(fname='C:\\Windows\\Fonts\\palai.ttf', name='Palatino Linotype', style='italic', variant='normal', weight=400, stretch='normal', size='scalable')) = 11.335
2025-08-03 03:19:20,402 - matplotlib.font_manager - DEBUG - findfont: score(FontEntry(fname='C:\\Windows\\Fonts\\arialbi.ttf', name='Arial', style='italic', variant='normal', weight=700, stretch='normal', size='scalable')) = 7.413636363636363
2025-08-03 03:19:20,402 - matplotlib.font_manager - DEBUG - findfont: score(FontEntry(fname='C:\\Windows\\Fonts\\calibril.ttf', name='Calibri', style='normal', variant='normal', weight=300, stretch='normal', size='scalable')) = 10.43
2025-08-03 03:19:20,403 - matplotlib.font_manager - DEBUG - findfont: score(FontEntry(fname='C:\\Windows\\Fonts\\georgiai.ttf', name='Georgia', style='italic', variant='normal', weight=400, stretch='normal', size='scalable')) = 11.335
2025-08-03 03:19:20,408 - matplotlib.font_manager - DEBUG - findfont: score(FontEntry(fname='C:\\Windows\\Fonts\\cambria.ttc', name='Cambria', style='normal', variant='normal', weight=400, stretch='normal', size='scalable')) = 10.335
2025-08-03 03:19:20,410 - matplotlib.font_manager - DEBUG - findfont: score(FontEntry(fname='C:\\Windows\\Fonts\\micross.ttf', name='Microsoft Sans Serif', style='normal', variant='normal', weight=400, stretch='normal', size='scalable')) = 10.335
2025-08-03 03:19:20,410 - matplotlib.font_manager - DEBUG - findfont: score(FontEntry(fname='C:\\Windows\\Fonts\\corbelb.ttf', name='Corbel', style='normal', variant='normal', weight=700, stretch='normal', size='scalable')) = 10.05
2025-08-03 03:19:20,411 - matplotlib.font_manager - DEBUG - findfont: score(FontEntry(fname='C:\\Windows\\Fonts\\impact.ttf', name='Impact', style='normal', variant='normal', weight=400, stretch='normal', size='scalable')) = 10.335
2025-08-03 03:19:20,412 - matplotlib.font_manager - DEBUG - findfont: score(FontEntry(fname='C:\\Windows\\Fonts\\segoeprb.ttf', name='Segoe Print', style='normal', variant='normal', weight=700, stretch='normal', size='scalable')) = 10.05
2025-08-03 03:19:20,413 - matplotlib.font_manager - DEBUG - findfont: score(FontEntry(fname='C:\\Windows\\Fonts\\georgia.ttf', name='Georgia', style='normal', variant='normal', weight=400, stretch='normal', size='scalable')) = 10.335
2025-08-03 03:19:20,413 - matplotlib.font_manager - DEBUG - findfont: Matching sans\-serif:style=normal:variant=normal:weight=bold:stretch=normal:size=16.0 to DejaVu Sans ('C:\\Users\\Nii Amu Ankrah\\AppData\\Roaming\\Python\\Python313\\site-packages\\matplotlib\\mpl-data\\fonts\\ttf\\DejaVuSans-Bold.ttf') with score of 0.050000.
2025-08-03 03:19:21,783 - __main__ - INFO - Data distribution visualization saved
2025-08-03 03:19:21,785 - __main__ - INFO - Creating train-test split...
2025-08-03 03:19:21,929 - src.data_processor - INFO - Train-test split completed: Train=(8952, 1681), Test=(2985, 1681)
2025-08-03 03:19:21,930 - __main__ - INFO - Reshaping data for CNN1D model...
2025-08-03 03:19:21,930 - __main__ - INFO - Training data shape: (8952, 1681, 1)
2025-08-03 03:19:21,931 - __main__ - INFO - Test data shape: (2985, 1681, 1)
2025-08-03 03:19:21,931 - __main__ - INFO - Initializing and training model...
2025-08-03 03:19:22,540 - src.cnn_model - INFO - CNN1D model architecture created successfully
2025-08-03 03:19:22,541 - src.cnn_model - INFO - Model input shape: (1681, 1)
2025-08-03 03:19:22,541 - src.cnn_model - INFO - Model output classes: 8
2025-08-03 03:19:22,542 - src.cnn_model - INFO - CNN1D model initialized successfully
2025-08-03 03:19:22,781 - src.cnn_model - INFO - CNN1D model architecture created successfully
2025-08-03 03:19:22,782 - src.cnn_model - INFO - Model input shape: (1681, 1)
2025-08-03 03:19:22,782 - src.cnn_model - INFO - Model output classes: 8
2025-08-03 03:19:22,783 - __main__ - INFO - Compiling model...
2025-08-03 03:19:22,812 - __main__ - INFO - Training model...
2025-08-03 03:20:41,435 - __main__ - INFO - Creating training progress visualization...
2025-08-03 03:20:41,684 - PIL.PngImagePlugin - DEBUG - STREAM b'IHDR' 16 13
2025-08-03 03:20:41,705 - PIL.PngImagePlugin - DEBUG - STREAM b'sBIT' 41 4
2025-08-03 03:20:41,706 - PIL.PngImagePlugin - DEBUG - b'sBIT' 41 4 (unknown)
2025-08-03 03:20:41,725 - PIL.PngImagePlugin - DEBUG - STREAM b'pHYs' 57 9
2025-08-03 03:20:41,734 - PIL.PngImagePlugin - DEBUG - STREAM b'IDAT' 78 1189
2025-08-03 03:20:41,758 - PIL.PngImagePlugin - DEBUG - STREAM b'IHDR' 16 13
2025-08-03 03:20:41,758 - PIL.PngImagePlugin - DEBUG - STREAM b'sBIT' 41 4
2025-08-03 03:20:41,759 - PIL.PngImagePlugin - DEBUG - b'sBIT' 41 4 (unknown)
2025-08-03 03:20:41,763 - PIL.PngImagePlugin - DEBUG - STREAM b'pHYs' 57 9
2025-08-03 03:20:41,765 - PIL.PngImagePlugin - DEBUG - STREAM b'IDAT' 78 2994
2025-08-03 03:20:41,971 - PIL.PngImagePlugin - DEBUG - STREAM b'IHDR' 16 13
2025-08-03 03:20:41,973 - PIL.PngImagePlugin - DEBUG - STREAM b'sBIT' 41 4
2025-08-03 03:20:41,973 - PIL.PngImagePlugin - DEBUG - b'sBIT' 41 4 (unknown)
2025-08-03 03:20:41,974 - PIL.PngImagePlugin - DEBUG - STREAM b'pHYs' 57 9
2025-08-03 03:20:41,974 - PIL.PngImagePlugin - DEBUG - STREAM b'IDAT' 78 696
2025-08-03 03:20:41,987 - PIL.PngImagePlugin - DEBUG - STREAM b'IHDR' 16 13
2025-08-03 03:20:41,987 - PIL.PngImagePlugin - DEBUG - STREAM b'sBIT' 41 4
2025-08-03 03:20:41,988 - PIL.PngImagePlugin - DEBUG - b'sBIT' 41 4 (unknown)
2025-08-03 03:20:41,989 - PIL.PngImagePlugin - DEBUG - STREAM b'pHYs' 57 9
2025-08-03 03:20:41,990 - PIL.PngImagePlugin - DEBUG - STREAM b'IDAT' 78 526
2025-08-03 03:20:42,003 - PIL.PngImagePlugin - DEBUG - STREAM b'IHDR' 16 13
2025-08-03 03:20:42,003 - PIL.PngImagePlugin - DEBUG - STREAM b'sBIT' 41 4
2025-08-03 03:20:42,004 - PIL.PngImagePlugin - DEBUG - b'sBIT' 41 4 (unknown)
2025-08-03 03:20:42,004 - PIL.PngImagePlugin - DEBUG - STREAM b'pHYs' 57 9
2025-08-03 03:20:42,005 - PIL.PngImagePlugin - DEBUG - STREAM b'IDAT' 78 499
2025-08-03 03:20:42,014 - PIL.PngImagePlugin - DEBUG - STREAM b'IHDR' 16 13
2025-08-03 03:20:42,069 - PIL.PngImagePlugin - DEBUG - STREAM b'sBIT' 41 4
2025-08-03 03:20:42,090 - PIL.PngImagePlugin - DEBUG - b'sBIT' 41 4 (unknown)
2025-08-03 03:20:42,092 - PIL.PngImagePlugin - DEBUG - STREAM b'pHYs' 57 9
2025-08-03 03:20:42,101 - PIL.PngImagePlugin - DEBUG - STREAM b'IDAT' 78 673
2025-08-03 03:20:42,116 - PIL.PngImagePlugin - DEBUG - STREAM b'IHDR' 16 13
2025-08-03 03:20:42,119 - PIL.PngImagePlugin - DEBUG - STREAM b'sBIT' 41 4
2025-08-03 03:20:42,121 - PIL.PngImagePlugin - DEBUG - b'sBIT' 41 4 (unknown)
2025-08-03 03:20:42,122 - PIL.PngImagePlugin - DEBUG - STREAM b'pHYs' 57 9
2025-08-03 03:20:42,123 - PIL.PngImagePlugin - DEBUG - STREAM b'IDAT' 78 922
2025-08-03 03:20:42,138 - PIL.PngImagePlugin - DEBUG - STREAM b'IHDR' 16 13
2025-08-03 03:20:42,138 - PIL.PngImagePlugin - DEBUG - STREAM b'sBIT' 41 4
2025-08-03 03:20:42,138 - PIL.PngImagePlugin - DEBUG - b'sBIT' 41 4 (unknown)
2025-08-03 03:20:42,139 - PIL.PngImagePlugin - DEBUG - STREAM b'pHYs' 57 9
2025-08-03 03:20:42,139 - PIL.PngImagePlugin - DEBUG - STREAM b'IDAT' 78 568
2025-08-03 03:20:42,147 - PIL.PngImagePlugin - DEBUG - STREAM b'IHDR' 16 13
2025-08-03 03:20:42,150 - PIL.PngImagePlugin - DEBUG - STREAM b'sBIT' 41 4
2025-08-03 03:20:42,151 - PIL.PngImagePlugin - DEBUG - b'sBIT' 41 4 (unknown)
2025-08-03 03:20:42,152 - PIL.PngImagePlugin - DEBUG - STREAM b'pHYs' 57 9
2025-08-03 03:20:42,152 - PIL.PngImagePlugin - DEBUG - STREAM b'IDAT' 78 626
2025-08-03 03:20:43,491 - __main__ - INFO - Training progress visualization saved
2025-08-03 03:20:43,492 - __main__ - INFO - Evaluating model...
2025-08-03 03:20:46,542 - __main__ - ERROR - Training pipeline with visualizations failed: Number of classes, 7, does not match size of target_names, 8. Try specifying the labels parameter
2025-08-03 03:20:46,543 - __main__ - ERROR - Check the logs for detailed error information
2025-08-03 03:20:46,623 - __main__ - ERROR - Error: Number of classes, 7, does not match size of target_names, 8. Try specifying the labels parameter
2025-08-03 03:25:16,867 - __main__ - INFO - Setting up training environment...
2025-08-03 03:25:16,868 - __main__ - INFO - Current working directory: C:\Users\Nii Amu Ankrah\OneDrive\Documents\Desktop\CNN_Motor\SEP Monitoring Dashboard\backend\ml
2025-08-03 03:25:16,869 - __main__ - INFO - Training environment setup complete
2025-08-03 03:25:16,870 - __main__ - INFO - Validating dataset...
2025-08-03 03:25:16,871 - __main__ - INFO - Found 43 unloaded condition files
2025-08-03 03:25:16,872 - __main__ - INFO - Found 38 loaded condition files
2025-08-03 03:25:16,872 - __main__ - INFO - Dataset validation complete
2025-08-03 03:25:16,873 - __main__ - INFO - ================================================================================
2025-08-03 03:25:16,883 - __main__ - INFO - STARTING TRAINING PIPELINE WITH VISUALIZATIONS
2025-08-03 03:25:16,884 - __main__ - INFO - ================================================================================
2025-08-03 03:25:16,885 - __main__ - INFO - Training started at: 2025-08-03 03:25:16.884933
2025-08-03 03:25:16,886 - __main__ - INFO - Visualizations folder created: visualizations
2025-08-03 03:25:16,887 - __main__ - INFO - Initializing data processor...
2025-08-03 03:25:16,887 - __main__ - INFO - Loading and preparing data...
2025-08-03 03:25:16,888 - __main__ - INFO - Loading and preprocessing dataset with memory optimization...
2025-08-03 03:25:16,888 - __main__ - INFO - Loading dataset with memory optimization...
2025-08-03 03:25:17,192 - __main__ - INFO - Loaded 2_CSV_Data_Files\1_Unloaded_Condition\healthy_unloaded_1_0.csv: (100000, 5) samples
2025-08-03 03:25:17,195 - __main__ - INFO - Loaded healthy_unloaded_1_0.csv for category healthy
2025-08-03 03:25:17,512 - __main__ - INFO - Loaded 2_CSV_Data_Files\1_Unloaded_Condition\healthy_unloaded_2_0.csv: (100000, 5) samples
2025-08-03 03:25:17,515 - __main__ - INFO - Loaded healthy_unloaded_2_0.csv for category healthy
2025-08-03 03:25:17,785 - __main__ - INFO - Loaded 2_CSV_Data_Files\1_Unloaded_Condition\healthy_unloaded_3_0.csv: (100000, 5) samples
2025-08-03 03:25:17,786 - __main__ - INFO - Loaded healthy_unloaded_3_0.csv for category healthy
2025-08-03 03:25:18,070 - __main__ - INFO - Loaded 2_CSV_Data_Files\1_Unloaded_Condition\healthy_unloaded_4_0.csv: (100000, 5) samples
2025-08-03 03:25:18,071 - __main__ - INFO - Loaded healthy_unloaded_4_0.csv for category healthy
2025-08-03 03:25:18,285 - __main__ - INFO - Loaded 2_CSV_Data_Files\1_Unloaded_Condition\healthy_unloaded_5_0.csv: (100000, 5) samples
2025-08-03 03:25:18,287 - __main__ - INFO - Loaded healthy_unloaded_5_0.csv for category healthy
2025-08-03 03:25:18,508 - __main__ - INFO - Loaded 2_CSV_Data_Files\2_Loaded_Condition\healthy_loaded_1_1.csv: (100000, 5) samples
2025-08-03 03:25:18,509 - __main__ - INFO - Loaded healthy_loaded_1_1.csv for category healthy
2025-08-03 03:25:18,715 - __main__ - INFO - Loaded 2_CSV_Data_Files\2_Loaded_Condition\healthy_loaded_2_1.csv: (100000, 5) samples
2025-08-03 03:25:18,716 - __main__ - INFO - Loaded healthy_loaded_2_1.csv for category healthy
2025-08-03 03:25:18,965 - __main__ - INFO - Loaded 2_CSV_Data_Files\2_Loaded_Condition\healthy_loaded_3_1.csv: (100000, 5) samples
2025-08-03 03:25:18,968 - __main__ - INFO - Loaded healthy_loaded_3_1.csv for category healthy
2025-08-03 03:25:19,218 - __main__ - INFO - Loaded 2_CSV_Data_Files\2_Loaded_Condition\healthy_loaded_4_1.csv: (100000, 5) samples
2025-08-03 03:25:19,219 - __main__ - INFO - Loaded healthy_loaded_4_1.csv for category healthy
2025-08-03 03:25:19,505 - __main__ - INFO - Loaded 2_CSV_Data_Files\2_Loaded_Condition\healthy_loaded_5_1.csv: (100000, 5) samples
2025-08-03 03:25:19,510 - __main__ - INFO - Loaded healthy_loaded_5_1.csv for category healthy
2025-08-03 03:25:19,571 - __main__ - INFO - Category healthy: 1000000 samples
2025-08-03 03:25:19,867 - __main__ - INFO - Loaded 2_CSV_Data_Files\1_Unloaded_Condition\bowed_rotor_unloaded_1_0.csv: (100000, 5) samples
2025-08-03 03:25:19,871 - __main__ - INFO - Loaded bowed_rotor_unloaded_1_0.csv for category bowed_rotor
2025-08-03 03:25:20,182 - __main__ - INFO - Loaded 2_CSV_Data_Files\1_Unloaded_Condition\bowed_rotor_unloaded_2_0.csv: (100000, 5) samples
2025-08-03 03:25:20,183 - __main__ - INFO - Loaded bowed_rotor_unloaded_2_0.csv for category bowed_rotor
2025-08-03 03:25:20,577 - __main__ - INFO - Loaded 2_CSV_Data_Files\1_Unloaded_Condition\bowed_rotor_unloaded_3_0.csv: (100000, 5) samples
2025-08-03 03:25:20,579 - __main__ - INFO - Loaded bowed_rotor_unloaded_3_0.csv for category bowed_rotor
2025-08-03 03:25:20,852 - __main__ - INFO - Loaded 2_CSV_Data_Files\1_Unloaded_Condition\bowed_rotor_unloaded_4_0.csv: (100000, 5) samples
2025-08-03 03:25:20,854 - __main__ - INFO - Loaded bowed_rotor_unloaded_4_0.csv for category bowed_rotor
2025-08-03 03:25:21,133 - __main__ - INFO - Loaded 2_CSV_Data_Files\1_Unloaded_Condition\bowed_rotor_unloaded_5_0.csv: (100000, 5) samples
2025-08-03 03:25:21,134 - __main__ - INFO - Loaded bowed_rotor_unloaded_5_0.csv for category bowed_rotor
2025-08-03 03:25:21,393 - __main__ - INFO - Loaded 2_CSV_Data_Files\2_Loaded_Condition\bowed_rotor_loaded_1_1.csv: (100000, 5) samples
2025-08-03 03:25:21,395 - __main__ - INFO - Loaded bowed_rotor_loaded_1_1.csv for category bowed_rotor
2025-08-03 03:25:21,658 - __main__ - INFO - Loaded 2_CSV_Data_Files\2_Loaded_Condition\bowed_rotor_loaded_2_1.csv: (100000, 5) samples
2025-08-03 03:25:21,665 - __main__ - INFO - Loaded bowed_rotor_loaded_2_1.csv for category bowed_rotor
2025-08-03 03:25:21,953 - __main__ - INFO - Loaded 2_CSV_Data_Files\2_Loaded_Condition\bowed_rotor_loaded_3_1.csv: (100000, 5) samples
2025-08-03 03:25:21,954 - __main__ - INFO - Loaded bowed_rotor_loaded_3_1.csv for category bowed_rotor
2025-08-03 03:25:22,158 - __main__ - INFO - Loaded 2_CSV_Data_Files\2_Loaded_Condition\bowed_rotor_loaded_4_1.csv: (100000, 5) samples
2025-08-03 03:25:22,159 - __main__ - INFO - Loaded bowed_rotor_loaded_4_1.csv for category bowed_rotor
2025-08-03 03:25:22,401 - __main__ - INFO - Loaded 2_CSV_Data_Files\2_Loaded_Condition\bowed_rotor_loaded_5_1.csv: (100000, 5) samples
2025-08-03 03:25:22,402 - __main__ - INFO - Loaded bowed_rotor_loaded_5_1.csv for category bowed_rotor
2025-08-03 03:25:22,470 - __main__ - INFO - Category bowed_rotor: 1000000 samples
2025-08-03 03:25:22,687 - __main__ - INFO - Loaded 2_CSV_Data_Files\1_Unloaded_Condition\faulty_bearing_unloaded _1_0.csv: (100000, 5) samples
2025-08-03 03:25:22,689 - __main__ - INFO - Loaded faulty_bearing_unloaded _1_0.csv for category faulty_bearing
2025-08-03 03:25:22,921 - __main__ - INFO - Loaded 2_CSV_Data_Files\1_Unloaded_Condition\faulty_bearing_unloaded _2_0.csv: (100000, 5) samples
2025-08-03 03:25:22,922 - __main__ - INFO - Loaded faulty_bearing_unloaded _2_0.csv for category faulty_bearing
2025-08-03 03:25:23,170 - __main__ - INFO - Loaded 2_CSV_Data_Files\1_Unloaded_Condition\faulty_bearing_unloaded _3_0.csv: (100000, 5) samples
2025-08-03 03:25:23,171 - __main__ - INFO - Loaded faulty_bearing_unloaded _3_0.csv for category faulty_bearing
2025-08-03 03:25:23,405 - __main__ - INFO - Loaded 2_CSV_Data_Files\1_Unloaded_Condition\faulty_bearing_unloaded _4_0.csv: (100000, 5) samples
2025-08-03 03:25:23,408 - __main__ - INFO - Loaded faulty_bearing_unloaded _4_0.csv for category faulty_bearing
2025-08-03 03:25:23,613 - __main__ - INFO - Loaded 2_CSV_Data_Files\1_Unloaded_Condition\faulty_bearing_unloaded _5_0.csv: (100000, 5) samples
2025-08-03 03:25:23,614 - __main__ - INFO - Loaded faulty_bearing_unloaded _5_0.csv for category faulty_bearing
2025-08-03 03:25:23,820 - __main__ - INFO - Loaded 2_CSV_Data_Files\2_Loaded_Condition\faulty_bearing_loaded _1_1.csv: (100000, 5) samples
2025-08-03 03:25:23,822 - __main__ - INFO - Loaded faulty_bearing_loaded _1_1.csv for category faulty_bearing
2025-08-03 03:25:24,196 - __main__ - INFO - Loaded 2_CSV_Data_Files\2_Loaded_Condition\faulty_bearing_loaded _2_1.csv: (100000, 5) samples
2025-08-03 03:25:24,200 - __main__ - INFO - Loaded faulty_bearing_loaded _2_1.csv for category faulty_bearing
2025-08-03 03:25:24,622 - __main__ - INFO - Loaded 2_CSV_Data_Files\2_Loaded_Condition\faulty_bearing_loaded _3_1.csv: (100000, 5) samples
2025-08-03 03:25:24,628 - __main__ - INFO - Loaded faulty_bearing_loaded _3_1.csv for category faulty_bearing
2025-08-03 03:25:24,963 - __main__ - INFO - Loaded 2_CSV_Data_Files\2_Loaded_Condition\faulty_bearing_loaded _4_1.csv: (100000, 5) samples
2025-08-03 03:25:24,966 - __main__ - INFO - Loaded faulty_bearing_loaded _4_1.csv for category faulty_bearing
2025-08-03 03:25:25,251 - __main__ - INFO - Loaded 2_CSV_Data_Files\2_Loaded_Condition\faulty_bearing_loaded _5_1.csv: (100000, 5) samples
2025-08-03 03:25:25,252 - __main__ - INFO - Loaded faulty_bearing_loaded _5_1.csv for category faulty_bearing
2025-08-03 03:25:25,358 - __main__ - INFO - Category faulty_bearing: 1000000 samples
2025-08-03 03:25:25,657 - __main__ - INFO - Loaded 2_CSV_Data_Files\1_Unloaded_Condition\broken_rotor_bars_unloaded_2_0.csv: (100000, 5) samples
2025-08-03 03:25:25,660 - __main__ - INFO - Loaded broken_rotor_bars_unloaded_2_0.csv for category broken_rotor_bars
2025-08-03 03:25:25,961 - __main__ - INFO - Loaded 2_CSV_Data_Files\1_Unloaded_Condition\broken_rotor_bars_unloaded_3_0.csv: (100000, 5) samples
2025-08-03 03:25:25,965 - __main__ - INFO - Loaded broken_rotor_bars_unloaded_3_0.csv for category broken_rotor_bars
2025-08-03 03:25:26,172 - __main__ - INFO - Loaded 2_CSV_Data_Files\1_Unloaded_Condition\broken_rotor_bars_unloaded_4_0.csv: (100000, 5) samples
2025-08-03 03:25:26,178 - __main__ - INFO - Loaded broken_rotor_bars_unloaded_4_0.csv for category broken_rotor_bars
2025-08-03 03:25:26,436 - __main__ - INFO - Loaded 2_CSV_Data_Files\1_Unloaded_Condition\broken_rotor_bars_unloaded_5_0.csv: (100000, 5) samples
2025-08-03 03:25:26,438 - __main__ - INFO - Loaded broken_rotor_bars_unloaded_5_0.csv for category broken_rotor_bars
2025-08-03 03:25:26,731 - __main__ - INFO - Loaded 2_CSV_Data_Files\1_Unloaded_Condition\broken_rotor_bars_unloaded_6_0.csv: (100000, 5) samples
2025-08-03 03:25:26,733 - __main__ - INFO - Loaded broken_rotor_bars_unloaded_6_0.csv for category broken_rotor_bars
2025-08-03 03:25:26,984 - __main__ - INFO - Loaded 2_CSV_Data_Files\2_Loaded_Condition\broken_rotor_bars_loaded_1_1.csv: (100000, 5) samples
2025-08-03 03:25:26,985 - __main__ - INFO - Loaded broken_rotor_bars_loaded_1_1.csv for category broken_rotor_bars
2025-08-03 03:25:27,297 - __main__ - INFO - Loaded 2_CSV_Data_Files\2_Loaded_Condition\broken_rotor_bars_loaded_2_1.csv: (100000, 5) samples
2025-08-03 03:25:27,299 - __main__ - INFO - Loaded broken_rotor_bars_loaded_2_1.csv for category broken_rotor_bars
2025-08-03 03:25:27,622 - __main__ - INFO - Loaded 2_CSV_Data_Files\2_Loaded_Condition\broken_rotor_bars_loaded_3_1.csv: (100000, 5) samples
2025-08-03 03:25:27,627 - __main__ - INFO - Loaded broken_rotor_bars_loaded_3_1.csv for category broken_rotor_bars
2025-08-03 03:25:27,949 - __main__ - INFO - Loaded 2_CSV_Data_Files\2_Loaded_Condition\broken_rotor_bars_loaded_5_1.csv: (100000, 5) samples
2025-08-03 03:25:27,950 - __main__ - INFO - Loaded broken_rotor_bars_loaded_5_1.csv for category broken_rotor_bars
2025-08-03 03:25:28,246 - __main__ - INFO - Loaded 2_CSV_Data_Files\2_Loaded_Condition\broken_rotor_bars_loaded_7_1.csv: (100000, 5) samples
2025-08-03 03:25:28,248 - __main__ - INFO - Loaded broken_rotor_bars_loaded_7_1.csv for category broken_rotor_bars
2025-08-03 03:25:28,329 - __main__ - INFO - Category broken_rotor_bars: 1000000 samples
2025-08-03 03:25:28,668 - __main__ - INFO - Loaded 2_CSV_Data_Files\1_Unloaded_Condition\rotor_misalignment_unloaded_1_0.csv: (100000, 5) samples
2025-08-03 03:25:28,671 - __main__ - INFO - Loaded rotor_misalignment_unloaded_1_0.csv for category rotor_misalignment
2025-08-03 03:25:28,986 - __main__ - INFO - Loaded 2_CSV_Data_Files\1_Unloaded_Condition\rotor_misalignment_unloaded_2_0.csv: (100000, 5) samples
2025-08-03 03:25:28,987 - __main__ - INFO - Loaded rotor_misalignment_unloaded_2_0.csv for category rotor_misalignment
2025-08-03 03:25:29,264 - __main__ - INFO - Loaded 2_CSV_Data_Files\1_Unloaded_Condition\rotor_misalignment_unloaded_3_0.csv: (100000, 5) samples
2025-08-03 03:25:29,265 - __main__ - INFO - Loaded rotor_misalignment_unloaded_3_0.csv for category rotor_misalignment
2025-08-03 03:25:29,544 - __main__ - INFO - Loaded 2_CSV_Data_Files\1_Unloaded_Condition\rotor_misalignment_unloaded_4_0.csv: (100000, 5) samples
2025-08-03 03:25:29,549 - __main__ - INFO - Loaded rotor_misalignment_unloaded_4_0.csv for category rotor_misalignment
2025-08-03 03:25:29,849 - __main__ - INFO - Loaded 2_CSV_Data_Files\1_Unloaded_Condition\rotor_misalignment_unloaded_6_0.csv: (100000, 5) samples
2025-08-03 03:25:29,850 - __main__ - INFO - Loaded rotor_misalignment_unloaded_6_0.csv for category rotor_misalignment
2025-08-03 03:25:30,125 - __main__ - INFO - Loaded 2_CSV_Data_Files\2_Loaded_Condition\rotor_misalignment_loaded_1_1.csv: (100000, 5) samples
2025-08-03 03:25:30,127 - __main__ - INFO - Loaded rotor_misalignment_loaded_1_1.csv for category rotor_misalignment
2025-08-03 03:25:30,371 - __main__ - INFO - Loaded 2_CSV_Data_Files\2_Loaded_Condition\rotor_misalignment_loaded_2_1.csv: (100000, 5) samples
2025-08-03 03:25:30,375 - __main__ - INFO - Loaded rotor_misalignment_loaded_2_1.csv for category rotor_misalignment
2025-08-03 03:25:30,655 - __main__ - INFO - Loaded 2_CSV_Data_Files\2_Loaded_Condition\rotor_misalignment_loaded_3_1.csv: (100000, 5) samples
2025-08-03 03:25:30,658 - __main__ - INFO - Loaded rotor_misalignment_loaded_3_1.csv for category rotor_misalignment
2025-08-03 03:25:30,903 - __main__ - INFO - Loaded 2_CSV_Data_Files\2_Loaded_Condition\rotor_misalignment_loaded_4_1.csv: (100000, 5) samples
2025-08-03 03:25:30,905 - __main__ - INFO - Loaded rotor_misalignment_loaded_4_1.csv for category rotor_misalignment
2025-08-03 03:25:31,144 - __main__ - INFO - Loaded 2_CSV_Data_Files\2_Loaded_Condition\rotor_misalignment_loaded_5_1.csv: (100000, 5) samples
2025-08-03 03:25:31,148 - __main__ - INFO - Loaded rotor_misalignment_loaded_5_1.csv for category rotor_misalignment
2025-08-03 03:25:31,255 - __main__ - INFO - Category rotor_misalignment: 1000000 samples
2025-08-03 03:25:31,588 - __main__ - INFO - Loaded 2_CSV_Data_Files\1_Unloaded_Condition\rotor_unbalanced_unloaded_1_0.csv: (100000, 5) samples
2025-08-03 03:25:31,597 - __main__ - INFO - Loaded rotor_unbalanced_unloaded_1_0.csv for category rotor_unbalanced
2025-08-03 03:25:31,991 - __main__ - INFO - Loaded 2_CSV_Data_Files\1_Unloaded_Condition\rotor_unbalanced_unloaded_3_0.csv: (100000, 5) samples
2025-08-03 03:25:32,001 - __main__ - INFO - Loaded rotor_unbalanced_unloaded_3_0.csv for category rotor_unbalanced
2025-08-03 03:25:32,328 - __main__ - INFO - Loaded 2_CSV_Data_Files\1_Unloaded_Condition\rotor_unbalanced_unloaded_5_0.csv: (100000, 5) samples
2025-08-03 03:25:32,330 - __main__ - INFO - Loaded rotor_unbalanced_unloaded_5_0.csv for category rotor_unbalanced
2025-08-03 03:25:32,724 - __main__ - INFO - Loaded 2_CSV_Data_Files\1_Unloaded_Condition\rotor_unbalanced_unloaded_8_0.csv: (100000, 5) samples
2025-08-03 03:25:32,727 - __main__ - INFO - Loaded rotor_unbalanced_unloaded_8_0.csv for category rotor_unbalanced
2025-08-03 03:25:32,810 - __main__ - INFO - Category rotor_unbalanced: 400000 samples
2025-08-03 03:25:33,169 - __main__ - INFO - Loaded 2_CSV_Data_Files\1_Unloaded_Condition\stator_winding_unloaded_1_0.csv: (100000, 5) samples
2025-08-03 03:25:33,171 - __main__ - INFO - Loaded stator_winding_unloaded_1_0.csv for category stator_winding
2025-08-03 03:25:33,614 - __main__ - INFO - Loaded 2_CSV_Data_Files\1_Unloaded_Condition\stator_winding_unloaded_2_0.csv: (100000, 5) samples
2025-08-03 03:25:33,616 - __main__ - INFO - Loaded stator_winding_unloaded_2_0.csv for category stator_winding
2025-08-03 03:25:33,634 - __main__ - INFO - Category stator_winding: 200000 samples
2025-08-03 03:25:33,638 - __main__ - WARNING - No data found for category: voltage_unbalanced
2025-08-03 03:25:34,848 - __main__ - INFO - Total dataset loaded: 5600000 samples
2025-08-03 03:25:36,047 - src.data_processor - INFO - Category 0 (healthy): 4991 samples generated
2025-08-03 03:25:36,357 - src.data_processor - INFO - Category 1 (bowed_rotor): 4991 samples generated
2025-08-03 03:25:36,863 - src.data_processor - INFO - Category 2 (faulty_bearing): 4991 samples generated
2025-08-03 03:25:37,368 - src.data_processor - INFO - Category 3 (broken_rotor_bars): 4991 samples generated
2025-08-03 03:25:37,936 - src.data_processor - INFO - Category 4 (rotor_misalignment): 4991 samples generated
2025-08-03 03:25:38,362 - src.data_processor - INFO - Category 5 (rotor_unbalanced): 1991 samples generated
2025-08-03 03:25:38,882 - src.data_processor - INFO - Category 6 (stator_winding): 991 samples generated
2025-08-03 03:25:38,883 - src.data_processor - WARNING - Empty data array for category 7, skipping
2025-08-03 03:25:38,884 - src.data_processor - INFO - Total samples generated: 27937
2025-08-03 03:25:38,968 - __main__ - INFO - Dataset loaded successfully:
2025-08-03 03:25:38,969 - __main__ - INFO -   - Total samples: 27937
2025-08-03 03:25:38,969 - __main__ - INFO -   - Sample shape: (1681,)
2025-08-03 03:25:38,970 - __main__ - INFO -   - Label shape: (27937, 8)
2025-08-03 03:25:39,064 - __main__ - INFO - Dataset loaded successfully:
2025-08-03 03:25:39,066 - __main__ - INFO -   - Total samples: 27937
2025-08-03 03:25:39,067 - __main__ - INFO -   - Sample shape: (1681,)
2025-08-03 03:25:39,067 - __main__ - INFO -   - Label shape: (27937, 8)
2025-08-03 03:25:39,068 - __main__ - INFO - Creating data distribution visualization...
2025-08-03 03:25:39,071 - __main__ - INFO - Classes present in dataset: ['healthy', 'bowed_rotor', 'faulty_bearing', 'broken_rotor_bars', 'rotor_misalignment', 'rotor_unbalanced', 'stator_winding']
2025-08-03 03:25:39,076 - __main__ - INFO - Number of classes: 7
2025-08-03 03:25:39,078 - __main__ - INFO - Creating data distribution visualization...
2025-08-03 03:25:44,316 - __main__ - INFO - Data distribution visualization saved
2025-08-03 03:25:44,317 - __main__ - INFO - Creating train-test split...
2025-08-03 03:25:44,683 - src.data_processor - INFO - Train-test split completed: Train=(20952, 1681), Test=(6985, 1681)
2025-08-03 03:25:44,684 - __main__ - INFO - Reshaping data for CNN1D model...
2025-08-03 03:25:44,685 - __main__ - INFO - Training data shape: (20952, 1681, 1)
2025-08-03 03:25:44,685 - __main__ - INFO - Test data shape: (6985, 1681, 1)
2025-08-03 03:25:44,686 - __main__ - INFO - Initializing and training model...
2025-08-03 03:25:45,474 - src.cnn_model - INFO - CNN1D model architecture created successfully
2025-08-03 03:25:45,481 - src.cnn_model - INFO - Model input shape: (1681, 1)
2025-08-03 03:25:45,483 - src.cnn_model - INFO - Model output classes: 8
2025-08-03 03:25:45,486 - src.cnn_model - INFO - CNN1D model initialized successfully
2025-08-03 03:25:45,960 - src.cnn_model - INFO - CNN1D model architecture created successfully
2025-08-03 03:25:45,962 - src.cnn_model - INFO - Model input shape: (1681, 1)
2025-08-03 03:25:45,963 - src.cnn_model - INFO - Model output classes: 8
2025-08-03 03:25:45,963 - __main__ - INFO - Compiling model...
2025-08-03 03:25:45,997 - __main__ - INFO - Training model...
2025-08-03 03:30:27,693 - __main__ - INFO - Creating training progress visualization...
2025-08-03 03:30:30,073 - __main__ - INFO - Training progress visualization saved
2025-08-03 03:30:30,074 - __main__ - INFO - Evaluating model...
2025-08-03 03:30:36,949 - __main__ - INFO - Creating confusion matrix visualization...
2025-08-03 03:30:39,368 - __main__ - INFO - Confusion matrix visualization saved
2025-08-03 03:30:39,370 - __main__ - INFO - Creating performance metrics visualization...
2025-08-03 03:30:42,540 - __main__ - INFO - Performance metrics visualization saved
2025-08-03 03:30:42,540 - __main__ - INFO - Test accuracy achieved: 99.63%
2025-08-03 03:30:42,629 - __main__ - INFO - Saving model...
2025-08-03 03:30:42,629 - absl - WARNING - You are saving your model as an HDF5 file via `model.save()` or `keras.saving.save_model(model)`. This file format is considered legacy. We recommend using instead the native Keras format, e.g. `model.save('my_model.keras')` or `keras.saving.save_model(model, 'my_model.keras')`. 
2025-08-03 03:30:42,807 - __main__ - INFO - Training summary saved to: saved_model/training_summary_with_viz.json
2025-08-03 03:30:42,808 - __main__ - INFO - ================================================================================
2025-08-03 03:30:42,809 - __main__ - INFO - TRAINING PIPELINE WITH VISUALIZATIONS COMPLETED SUCCESSFULLY
2025-08-03 03:30:42,810 - __main__ - INFO - ================================================================================
2025-08-03 03:30:42,811 - __main__ - INFO - Training completed at: 2025-08-03 03:30:42.808617
2025-08-03 03:30:42,811 - __main__ - INFO - Total training duration: 0:05:25.923684
2025-08-03 03:30:42,812 - __main__ - INFO - Final test accuracy: 99.63%
2025-08-03 03:30:42,812 - __main__ - INFO - Model saved to: saved_model\motor_fault_detection_model.h5
2025-08-03 03:30:42,814 - __main__ - INFO - Visualizations saved to: visualizations
2025-08-03 03:30:42,996 - __main__ - INFO - Training pipeline with visualizations completed successfully!
2025-08-03 03:30:43,004 - __main__ - INFO - Test accuracy: 99.63%
2025-08-03 03:30:43,005 - __main__ - INFO - Duration: 0:05:25.923684
2025-08-03 03:30:43,006 - __main__ - INFO - Model saved to: saved_model\motor_fault_detection_model.h5
2025-08-03 03:30:43,006 - __main__ - INFO - Visualizations saved to: visualizations
